search_role,title,company,location,salary_min,salary_max,description,category,posted_date,url,description_clean,skills_found,skill_count,skills_found_str
data analyst,S&C GN - Data&AI - Resources - Analyst,Accenture,"Hyderabad, Telangana",,,"This job is with Accenture, an inclusive employer and a member of myGwork – the largest global platform for the LGBTQ business community. Please do not contact the recruiter directly. TBD Qualifications: TBD",HR & Recruitment Jobs,2026-07-23T22:17:13Z,https://www.adzuna.in/land/ad/5812528386?se=pARGm-uH8RGEopbyd0f8Hw&utm_medium=api&utm_source=3a1fdfd4&v=4E012703ED28543D22BDCFA03CB3E8DAD706C43B,"this job is with accenture, an inclusive employer and a member of mygwork – the largest global platform for the lgbtq business community. please do not contact the recruiter directly. tbd qualifications: tbd",[],0,
data analyst,Customer Experience Manager,NR Consulting,"Bangalore, Karnataka",,,"Job Description:- Manager / Senior Manager – Customer & Marketing Analytics Location: India As a Manager/Senior Manager, you will: 1. Work with clients leading marketing & customer roles at Fortune 100 Retailers 2. Work closely with stakeholders across the organization to gather requirements and understand the underlying business problems. Serve as the bridge between business needs and analytical solutions. 3. Collaboratively work with leadership and SMEs to create innovative solutions for busi…",IT Jobs,2026-07-22T22:52:54Z,https://www.adzuna.in/land/ad/5811114866?se=pARGm-uH8RGEopbyd0f8Hw&utm_medium=api&utm_source=3a1fdfd4&v=18C0756511F4BF38B6DABB83F4DD0AFE6B73610D,"job description:- manager / senior manager – customer & marketing analytics location: india as a manager/senior manager, you will: 1. work with clients leading marketing & customer roles at fortune 100 retailers 2. work closely with stakeholders across the organization to gather requirements and understand the underlying business problems. serve as the bridge between business needs and analytical solutions. 3. collaboratively work with leadership and smes to create innovative solutions for busi…",[],0,
data analyst,Senior Process Analyst - Celonis,Springer Nature,"Pune, Maharashtra",,,"This job is with Springer Nature, an inclusive employer and a member of myGwork – the largest global platform for the LGBTQ business community. Please do not contact the recruiter directly. Job Title: Senior Process Analyst (Celonis) Location(s): Pune Application Deadline: NA About Springer Nature Springer Nature is one of the leading publishers of research in the world. We publish the largest number of journals and books and are a pioneer in open research. Through our leading brands, trusted f…",IT Jobs,2026-07-03T00:54:29Z,https://www.adzuna.in/land/ad/5785772798?se=pARGm-uH8RGEopbyd0f8Hw&utm_medium=api&utm_source=3a1fdfd4&v=44FC35FD94A09F05508B403DF7DBB68AB707CA70,"this job is with springer nature, an inclusive employer and a member of mygwork – the largest global platform for the lgbtq business community. please do not contact the recruiter directly. job title: senior process analyst (celonis) location(s): pune application deadline: na about springer nature springer nature is one of the leading publishers of research in the world. we publish the largest number of journals and books and are a pioneer in open research. through our leading brands, trusted f…",[],0,
data analyst,Data Analyst,Not specified,"Thiruvananthapuram, Kerala",,,Immediate requirement for the post of Data Analyst on rotation Shift (Male or Female). Persons only willing to work in both shifts need to apply.careers.coretechgmail.comorplease contact 9.4.nine.6.8.1.5.6.3.0,IT Jobs,2024-05-10T07:38:46Z,https://www.adzuna.in/details/4686704238?utm_medium=api&utm_source=3a1fdfd4,immediate requirement for the post of data analyst on rotation shift (male or female). persons only willing to work in both shifts need to apply.careers.coretechgmail.comorplease contact 9.4.nine.6.8.1.5.6.3.0,[],0,
data analyst,Data Analyst,SkySun,India,,,"Role Overview We are looking for a Data Analyst with strong expertise in Microsoft Excel who can efficiently work with large datasets, formulas, and analytical models. The ideal candidate should be able to transform raw data into meaningful insights , build efficient spreadsheets, and support business decisions through structured analysis and reporting. This role requires someone who is highly detail-oriented, analytical, and extremely efficient in Excel-based data handling. Key Responsibilitie…",IT Jobs,2026-03-27T13:39:38Z,https://www.adzuna.in/details/5680120020?utm_medium=api&utm_source=3a1fdfd4,"role overview we are looking for a data analyst with strong expertise in microsoft excel who can efficiently work with large datasets, formulas, and analytical models. the ideal candidate should be able to transform raw data into meaningful insights , build efficient spreadsheets, and support business decisions through structured analysis and reporting. this role requires someone who is highly detail-oriented, analytical, and extremely efficient in excel-based data handling. key responsibilitie…",['excel'],1,excel
data analyst,Data Analyst,LRN Corporation,India,,,"Position: Data Analyst Location: Mumbai, India About LRN: LRN is the world’s leading dedicated ethics and compliance SaaS company, helping more than 30 million people every year navigate complex regional and global regulatory environments and build ethical, responsible cultures. With over 3,000 clients across the US, EMEA, APAC, and Latin America—including some of the world’s most respected and successful brands—we’re proud to be the long-term partner trusted to reduce organizational risk and d…",IT Jobs,2026-04-09T01:03:12Z,https://www.adzuna.in/details/5693524382?utm_medium=api&utm_source=3a1fdfd4,"position: data analyst location: mumbai, india about lrn: lrn is the world’s leading dedicated ethics and compliance saas company, helping more than 30 million people every year navigate complex regional and global regulatory environments and build ethical, responsible cultures. with over 3,000 clients across the us, emea, apac, and latin america—including some of the world’s most respected and successful brands—we’re proud to be the long-term partner trusted to reduce organizational risk and d…",[],0,
data analyst,Data Analyst,Cloudester Software LLP,"Sevasi, Vadodara",,,"We are looking for a Data Analyst with 2–3 years of experience for a 3-month contract . You will be responsible for extracting web data, organizing it in Excel, and communicating findings clearly to our team. Role Details Duration: 3 Months Experience Required: 2–3 years Location: Vadodara Key Responsibilities Extract data from various websites using web scraping tools. Clean, organize, and analyze the collected datasets. Write database queries to pull and manage information. Present data findi…",IT Jobs,2026-07-09T02:21:15Z,https://www.adzuna.in/details/5793077025?utm_medium=api&utm_source=3a1fdfd4,"we are looking for a data analyst with 2–3 years of experience for a 3-month contract . you will be responsible for extracting web data, organizing it in excel, and communicating findings clearly to our team. role details duration: 3 months experience required: 2–3 years location: vadodara key responsibilities extract data from various websites using web scraping tools. clean, organize, and analyze the collected datasets. write database queries to pull and manage information. present data findi…",['excel'],1,excel
data analyst,Data Analyst,Rentomojo,"Bangalore, Karnataka",600000.0,900000.0,"About the Role Data Analyst 2 to 5 years Full Time We are hiring a sharp, analytically rigorous Data Analyst who thrives at the intersection of data engineering, automation, and business storytelling. This is not a pure reporting role. You will architect automated data pipelines, build scalable reporting workflows, and bring a growth marketing mindset to every analysis. If you love turning messy data into clear decisions, this is your seat. Key Responsibilities SQL and Data Infrastructure Desig…",IT Jobs,2026-06-11T06:21:45Z,https://www.adzuna.in/details/5759267308?utm_medium=api&utm_source=3a1fdfd4,"about the role data analyst 2 to 5 years full time we are hiring a sharp, analytically rigorous data analyst who thrives at the intersection of data engineering, automation, and business storytelling. this is not a pure reporting role. you will architect automated data pipelines, build scalable reporting workflows, and bring a growth marketing mindset to every analysis. if you love turning messy data into clear decisions, this is your seat. key responsibilities sql and data infrastructure desig…","['sql', 'scala']",2,"sql, scala"
data analyst,Data Analyst,Weekday AI,India,,,"This role is for one of Weekday’s clients Min Experience: 1 years Location: Nagpur JobType: full-time We're looking for a Data Analyst who is adaptable, quick to learn, and comfortable working across multiple projects and business functions. Unlike a dedicated role tied to one domain, this position will rotate/support across different projects as business priorities shift, making it ideal for someone who's curious, eager to build breadth, and thrives in a dynamic environment. Requirements Key R…",IT Jobs,2026-07-10T15:19:19Z,https://www.adzuna.in/details/5795450231?utm_medium=api&utm_source=3a1fdfd4,"this role is for one of weekday’s clients min experience: 1 years location: nagpur jobtype: full-time we're looking for a data analyst who is adaptable, quick to learn, and comfortable working across multiple projects and business functions. unlike a dedicated role tied to one domain, this position will rotate/support across different projects as business priorities shift, making it ideal for someone who's curious, eager to build breadth, and thrives in a dynamic environment. requirements key r…",[],0,
data analyst,Data Analyst,Proof of Skill,"Andheri, Mumbai",1200000.0,1200000.0,"Analyzing hiring and candidate data to improve decision-making, shortlisting, and overall system efficiency. Skills: Logical/analytical thinking, Excel/Google Sheets, basic SQL, data interpretation, data visualization, attention to detail. Responsibilities: Analyze candidate and hiring data, build dashboards and reports, improve shortlisting/scoring systems, track hiring funnel metrics, work with ops/product teams, ensure data accuracy. This is a remote position.",IT Jobs,2026-07-03T06:18:29Z,https://www.adzuna.in/details/5786180968?utm_medium=api&utm_source=3a1fdfd4,"analyzing hiring and candidate data to improve decision-making, shortlisting, and overall system efficiency. skills: logical/analytical thinking, excel/google sheets, basic sql, data interpretation, data visualization, attention to detail. responsibilities: analyze candidate and hiring data, build dashboards and reports, improve shortlisting/scoring systems, track hiring funnel metrics, work with ops/product teams, ensure data accuracy. this is a remote position.","['sql', 'excel', 'data visualization']",3,"sql, excel, data visualization"
data analyst,Data Analyst,Ubisoft,"Pune, Maharashtra",,,"Job Description Impact - Enable data-driven decisions for leaders for LiveOps events, feature launches, and content updates through dashboards by defining datasets. Track KPIs including and not limited upto - Daily Active Users (DAU), Retention Rate, Churn Rate, ARPU (Average Revenue Per User), and session metrics. Make daily / weekly/monthly reports on player behavior, performance accuracy, engagement, and monetization / revenue trends to improve visibility. Proactively identify patterns, anom…",IT Jobs,2026-07-16T06:56:15Z,https://www.adzuna.in/details/5802046407?utm_medium=api&utm_source=3a1fdfd4,"job description impact - enable data-driven decisions for leaders for liveops events, feature launches, and content updates through dashboards by defining datasets. track kpis including and not limited upto - daily active users (dau), retention rate, churn rate, arpu (average revenue per user), and session metrics. make daily / weekly/monthly reports on player behavior, performance accuracy, engagement, and monetization / revenue trends to improve visibility. proactively identify patterns, anom…",[],0,
data analyst,Data Analyst,Sia,"Mumbai, Maharashtra",,,"Job Description We are hiring a Power BI Developer to support our global internal teams (Finance, HR, Strategy, Corporate Functions) by delivering high-impact business intelligence dashboards, datasets, and analytics solutions. This role is critical for strengthening our internal reporting systems and driving data-backed decision-making across the organization. Key Responsibilities Design, maintain, and enhance internal Power BI dashboards and analytics for Corporate Finance and other functions…",IT Jobs,2026-07-24T01:04:13Z,https://www.adzuna.in/details/5812614536?utm_medium=api&utm_source=3a1fdfd4,"job description we are hiring a power bi developer to support our global internal teams (finance, hr, strategy, corporate functions) by delivering high-impact business intelligence dashboards, datasets, and analytics solutions. this role is critical for strengthening our internal reporting systems and driving data-backed decision-making across the organization. key responsibilities design, maintain, and enhance internal power bi dashboards and analytics for corporate finance and other functions…",['power bi'],1,power bi
data analyst,Data Analyst,Digital Twin,"Pune, Maharashtra",,,"Job Summary - Data Analyst We are looking to hire a data analyst to join our enterprise customer solutions team. As a Data Analyst, one will take responsibility for developing reports, and troubleshooting data issues. To do well in this role you need attention to detail, past experience as a data analyst, and a deep understanding of the popular data analysis tools and databases. Data Analyst Responsibilities: ● Commissioning and decommissioning of data sets. ● Processing confidential data and i…",IT Jobs,2026-05-21T02:12:34Z,https://www.adzuna.in/details/5735463452?utm_medium=api&utm_source=3a1fdfd4,"job summary - data analyst we are looking to hire a data analyst to join our enterprise customer solutions team. as a data analyst, one will take responsibility for developing reports, and troubleshooting data issues. to do well in this role you need attention to detail, past experience as a data analyst, and a deep understanding of the popular data analysis tools and databases. data analyst responsibilities: ● commissioning and decommissioning of data sets. ● processing confidential data and i…",[],0,
data analyst,Data Analyst,SveltetechTechnologies Pvt Ltd,"Delhi, India",0.0,300000.0,"Data Analyst Job Duties Data analyst responsibilities include conducting full lifecycle analysis to include requirements, activities and design. Data analysts will develop analysis and reporting capabilities. They will also monitor performance and quality control plans to identify improvements. Responsibilities Interpret data, analyze results using statistical techniques and provide ongoing reports Develop and implement databases, data collection systems, data analytics and other strategies tha…",IT Jobs,2021-02-15T04:27:43Z,https://www.adzuna.in/details/1993882092?utm_medium=api&utm_source=3a1fdfd4,"data analyst job duties data analyst responsibilities include conducting full lifecycle analysis to include requirements, activities and design. data analysts will develop analysis and reporting capabilities. they will also monitor performance and quality control plans to identify improvements. responsibilities interpret data, analyze results using statistical techniques and provide ongoing reports develop and implement databases, data collection systems, data analytics and other strategies tha…",[],0,
data analyst,Data Analyst,Qrata,"Delhi, India",1000000.0,1200000.0,"Job Title: Data Analyst Job Brief: The successful candidate will turn data into information, information into insight and insight into business decisions. Data Analyst Job Duties Data analyst responsibilities include conducting full lifecycle analysis to include requirements, activities and design. Data analysts will develop analysis and reporting capabilities. They will also monitor performance and quality control plans to identify improvements. About Us We began in 2015 with an entrepreneuria…",IT Jobs,2024-01-07T15:08:07Z,https://www.adzuna.in/details/4514376622?utm_medium=api&utm_source=3a1fdfd4,"job title: data analyst job brief: the successful candidate will turn data into information, information into insight and insight into business decisions. data analyst job duties data analyst responsibilities include conducting full lifecycle analysis to include requirements, activities and design. data analysts will develop analysis and reporting capabilities. they will also monitor performance and quality control plans to identify improvements. about us we began in 2015 with an entrepreneuria…",[],0,
data analyst,Data Analyst,Amicus Therapeutics,"Bangalore, Karnataka",,,"Position Description Data Analyst Location: Remote/Bangalore Amicus Therapeutics is a global, patient-dedicated biotechnology company focused on discovering, developing and delivering high-quality medicines for people living with rare metabolic diseases. Position Summary Data analyst responsibilities include conducting full lifecycle analysis to include requirements, activities and design. Data analysts will develop analysis and reporting capabilities. They will also monitor performance and qua…",IT Jobs,2025-04-16T01:41:37Z,https://www.adzuna.in/details/5146507084?utm_medium=api&utm_source=3a1fdfd4,"position description data analyst location: remote/bangalore amicus therapeutics is a global, patient-dedicated biotechnology company focused on discovering, developing and delivering high-quality medicines for people living with rare metabolic diseases. position summary data analyst responsibilities include conducting full lifecycle analysis to include requirements, activities and design. data analysts will develop analysis and reporting capabilities. they will also monitor performance and qua…",[],0,
data analyst,Data Analyst,Amicus India,"Bangalore, Karnataka",,,"Data Analyst Location: Remote/Bangalore Amicus Therapeutics is a global, patient-dedicated biotechnology company focused on discovering, developing, and delivering high-quality medicines for people living with rare metabolic diseases. Position Summary Data analyst responsibilities include conducting full lifecycle analysis to include requirements, activities and design. Data analysts will develop analysis and reporting capabilities. They will also monitor performance and quality control plans t…",IT Jobs,2026-05-30T02:27:15Z,https://www.adzuna.in/details/5744868780?utm_medium=api&utm_source=3a1fdfd4,"data analyst location: remote/bangalore amicus therapeutics is a global, patient-dedicated biotechnology company focused on discovering, developing, and delivering high-quality medicines for people living with rare metabolic diseases. position summary data analyst responsibilities include conducting full lifecycle analysis to include requirements, activities and design. data analysts will develop analysis and reporting capabilities. they will also monitor performance and quality control plans t…",[],0,
data analyst,Data Analyst,Aliqan Services,"Chennai, Tamil Nadu",,,"Data Analyst (6 years) Insurance domain for 3-4 Years Proficiency in data querying, reporting, and visualization tools Role: Other Industry Type: Insurance Department: Other Employment Type: Full Time, Permanent Role Category: Other Education UG: B.Tech/B.E. in Any Specialization Skills: Data Visualization, data reporting, Data Analyst Experience: 6.00-10.00 Years",IT Jobs,2026-07-10T07:19:30Z,https://www.adzuna.in/details/5794938967?utm_medium=api&utm_source=3a1fdfd4,"data analyst (6 years) insurance domain for 3-4 years proficiency in data querying, reporting, and visualization tools role: other industry type: insurance department: other employment type: full time, permanent role category: other education ug: b.tech/b.e. in any specialization skills: data visualization, data reporting, data analyst experience: 6.00-10.00 years",['data visualization'],1,data visualization
data analyst,Data Analyst,Aliqan Services,"Gurgaon, Haryana",,,"Data Analyst (6 years) Insurance domain for 3-4 Years Proficiency in data querying, reporting, and visualization tools Role: Other Industry Type: Insurance Department: Other Employment Type: Full Time, Permanent Role Category: Other Education UG: B.Tech/B.E. in Any Specialization Skills: Data Visualization, data reporting, Data Analyst Experience: 6.00-10.00 Years",IT Jobs,2026-07-10T07:19:30Z,https://www.adzuna.in/details/5794938966?utm_medium=api&utm_source=3a1fdfd4,"data analyst (6 years) insurance domain for 3-4 years proficiency in data querying, reporting, and visualization tools role: other industry type: insurance department: other employment type: full time, permanent role category: other education ug: b.tech/b.e. in any specialization skills: data visualization, data reporting, data analyst experience: 6.00-10.00 years",['data visualization'],1,data visualization
data analyst,Data Analyst,Leading Client,"Hyderabad, Telangana",,,"Job Description Role Overview: We are looking for an experienced Data Business Analyst with strong exposure to Snowflake and Databricks who can work closely with business stakeholders and analytics teams.Job Title: Data Business Analyst Key Skills & Experience: 5 years of experience as a Business Analyst / Data Business Analyst Strong hands-on experience with Snowflake and Databricks Advanced SQL skills for data analysis and validation Experience with data pipelines, ETL processes , and data qu…",IT Jobs,2026-05-12T05:45:42Z,https://www.adzuna.in/details/5726293535?utm_medium=api&utm_source=3a1fdfd4,"job description role overview: we are looking for an experienced data business analyst with strong exposure to snowflake and databricks who can work closely with business stakeholders and analytics teams.job title: data business analyst key skills & experience: 5 years of experience as a business analyst / data business analyst strong hands-on experience with snowflake and databricks advanced sql skills for data analysis and validation experience with data pipelines, etl processes , and data qu…","['sql', 'etl']",2,"sql, etl"
data analyst,Data Analyst,InTouch CX,"Hyderabad, Telangana",,,"About the Job We are looking for a Data Analyst who is a self-starter with the ability to work in a fast-paced, performance driven environment. The incumbent will be responsible for the analysis and reporting of operational related data in an on-going effort to increase visibility for program performance. As Data Analyst, You Will… Collect, analyze, evaluate and report data in order to increase visibility into performance for all lines of business within 24-7 Intouch Complete projects and ad-ho…",IT Jobs,2026-01-16T00:31:50Z,https://www.adzuna.in/details/5586444744?utm_medium=api&utm_source=3a1fdfd4,"about the job we are looking for a data analyst who is a self-starter with the ability to work in a fast-paced, performance driven environment. the incumbent will be responsible for the analysis and reporting of operational related data in an on-going effort to increase visibility for program performance. as data analyst, you will… collect, analyze, evaluate and report data in order to increase visibility into performance for all lines of business within 24-7 intouch complete projects and ad-ho…",[],0,
data analyst,Data Analyst,Careernet,India,,,"Job Description Key Skills: Data Analyst, Data Analysis, Python, Product Owner, SQL Roles and Responsibilities: Analyze and interpret complex datasets related to marketing performance and customer engagement. Collaborate with Product Owners to understand business objectives and translate them into data-driven insights. Use Python and ANSI-SQL for data extraction, manipulation, and advanced analysis. Merge data from multiple source systems while ensuring data accuracy and consistency. Clean, tra…",IT Jobs,2026-04-05T03:36:04Z,https://www.adzuna.in/details/5690242267?utm_medium=api&utm_source=3a1fdfd4,"job description key skills: data analyst, data analysis, python, product owner, sql roles and responsibilities: analyze and interpret complex datasets related to marketing performance and customer engagement. collaborate with product owners to understand business objectives and translate them into data-driven insights. use python and ansi-sql for data extraction, manipulation, and advanced analysis. merge data from multiple source systems while ensuring data accuracy and consistency. clean, tra…","['python', 'sql']",2,"python, sql"
data analyst,Data analyst,RECEX,"Kolkata, West Bengal",,,"Job Description: Job Title: Data Analyst Job Description: We are looking for a skilled Data Analyst to collect, analyze, and interpret large datasets to help drive business decisions. The ideal candidate will have strong analytical skills, attention to detail, and experience with data visualization tools. Key Responsibilities: Analyze data to identify trends and insights. Create dashboards and reports for internal stakeholders. Collaborate with teams to understand data needs. Ensure data accura…",IT Jobs,2026-05-14T02:27:02Z,https://www.adzuna.in/details/5728436260?utm_medium=api&utm_source=3a1fdfd4,"job description: job title: data analyst job description: we are looking for a skilled data analyst to collect, analyze, and interpret large datasets to help drive business decisions. the ideal candidate will have strong analytical skills, attention to detail, and experience with data visualization tools. key responsibilities: analyze data to identify trends and insights. create dashboards and reports for internal stakeholders. collaborate with teams to understand data needs. ensure data accura…",['data visualization'],1,data visualization
data analyst,Data Analyst,Fatakpay,India,800000.0,1500000.0,"Job Title : Data Analyst-Fintech Job Description : We are seeking a highly motivated and detail-oriented Data Analyst with 2 to 4 years of work experience to join our team. The ideal candidate will have a strong analytical mindset, excellent problem-solving skills, and a passion for transforming data into actionable insights. In this role, you will play a pivotal role in gathering, analyzing, and interpreting data to support informed decision-making and drive business growth. Key Responsibiliti…",IT Jobs,2024-12-07T13:03:54Z,https://www.adzuna.in/details/4966721625?utm_medium=api&utm_source=3a1fdfd4,"job title : data analyst-fintech job description : we are seeking a highly motivated and detail-oriented data analyst with 2 to 4 years of work experience to join our team. the ideal candidate will have a strong analytical mindset, excellent problem-solving skills, and a passion for transforming data into actionable insights. in this role, you will play a pivotal role in gathering, analyzing, and interpreting data to support informed decision-making and drive business growth. key responsibiliti…",['excel'],1,excel
data analyst,Data analyst,Cars24,"Pune, Maharashtra",,,"Job Description: We are seeking a talented and motivated Data Analyst to join our team. The ideal candidate will have a passion for data, a strong analytical mindset, and the ability to derive insights that drive business decisions. As a Data Analyst, you will be responsible for collecting, analyzing, and interpreting large datasets to provide actionable insights to various stakeholders across the organization. Key Responsibilities: Data Collection and Cleaning: Collect and clean data from vari…",IT Jobs,2026-07-02T07:16:47Z,https://www.adzuna.in/details/5784727356?utm_medium=api&utm_source=3a1fdfd4,"job description: we are seeking a talented and motivated data analyst to join our team. the ideal candidate will have a passion for data, a strong analytical mindset, and the ability to derive insights that drive business decisions. as a data analyst, you will be responsible for collecting, analyzing, and interpreting large datasets to provide actionable insights to various stakeholders across the organization. key responsibilities: data collection and cleaning: collect and clean data from vari…",[],0,
data analyst,DATA ANALYST,Connect Pro Srl,"Ajmer, Rajasthan",,,"Posizione - Data Analyst Lavora con noi Data Analyst Id Richiesta: 1002 Sede: Milano Data Analyst È responsabile della raccolta, analisi e interpretazione dei dati aziendali per guidare decisioni strategiche e migliorare le performance. Ha il compito di trasformare dati complessi in insight utili per il business, collaborando con diversi dipartimenti per ottimizzare le attività aziendali. Responsabilità Principali Raccolta e analisi dei dati da diverse fonti aziendali. Creazione di report e das…",IT Jobs,2026-07-23T15:54:18Z,https://www.adzuna.in/details/5812180318?utm_medium=api&utm_source=3a1fdfd4,"posizione - data analyst lavora con noi data analyst id richiesta: 1002 sede: milano data analyst è responsabile della raccolta, analisi e interpretazione dei dati aziendali per guidare decisioni strategiche e migliorare le performance. ha il compito di trasformare dati complessi in insight utili per il business, collaborando con diversi dipartimenti per ottimizzare le attività aziendali. responsabilità principali raccolta e analisi dei dati da diverse fonti aziendali. creazione di report e das…",[],0,
data analyst,Data analyst,Cars24 Services Private Limited,"Pune, Maharashtra",,,"Job description Job Description: We are seeking a talented and motivated Data Analyst to join our team. The ideal candidate will have a passion for data, a strong analytical mindset, and the ability to derive insights that drive business decisions. As a Data Analyst, you will be responsible for collecting, analyzing, and interpreting large datasets to provide actionable insights to various stakeholders across the organization. Key Responsibilities: Data Collection and Cleaning: Collect and clea…",IT Jobs,2026-06-11T06:50:59Z,https://www.adzuna.in/details/5759283741?utm_medium=api&utm_source=3a1fdfd4,"job description job description: we are seeking a talented and motivated data analyst to join our team. the ideal candidate will have a passion for data, a strong analytical mindset, and the ability to derive insights that drive business decisions. as a data analyst, you will be responsible for collecting, analyzing, and interpreting large datasets to provide actionable insights to various stakeholders across the organization. key responsibilities: data collection and cleaning: collect and clea…",[],0,
data analyst,Data Analyst,RECEX,"Vasai, Thane",,,"Job Description: *]:pointer-events-auto R6Vx5W_threadScrollVars scroll-mb-[calc(var(scroll-root-safe-area-inset-bottom,0px)var(thread-response-height))] scroll-mt-[calc(var(header-height)min(200px,max(70px,20svh)))]"" data-scroll-anchor=""false"" data-testid=""conversation-turn-2"" data-turn=""assistant"" data-turn-id=""request-WEB:a09f2817-6254-4ccc-9fb6-39e39dbcb8e3-0"" data-turn-id-container=""request-WEB:a09f2817-6254-4ccc-9fb6-39e39dbcb8e3-0"" dir=""auto""> Job Description – Data Analyst Position: Data…",IT Jobs,2026-05-27T02:25:11Z,https://www.adzuna.in/details/5741536696?utm_medium=api&utm_source=3a1fdfd4,"job description: *]:pointer-events-auto r6vx5w_threadscrollvars scroll-mb-[calc(var(scroll-root-safe-area-inset-bottom,0px)var(thread-response-height))] scroll-mt-[calc(var(header-height)min(200px,max(70px,20svh)))]"" data-scroll-anchor=""false"" data-testid=""conversation-turn-2"" data-turn=""assistant"" data-turn-id=""request-web:a09f2817-6254-4ccc-9fb6-39e39dbcb8e3-0"" data-turn-id-container=""request-web:a09f2817-6254-4ccc-9fb6-39e39dbcb8e3-0"" dir=""auto""> job description – data analyst position: data…",[],0,
data analyst,Data Analyst,Malaysian Global Innovation and Creativity Centre,India,500000.0,1000000.0,"MaGIC Technology and Product team is looking for a data analyst to help expand and improve data on startups, investors, and founders in the ASEAN region. As part of the data team on our Startup Database product, you will assist in maintaining the accuracy of information on startups and investors, and continuously update our repository with latest publicly available data on the same. The job offers a high degree of autonomy and will also see you playing a leading role in the analysis of the data…",IT Jobs,2019-06-05T21:12:29Z,https://www.adzuna.in/details/1171509680?utm_medium=api&utm_source=3a1fdfd4,"magic technology and product team is looking for a data analyst to help expand and improve data on startups, investors, and founders in the asean region. as part of the data team on our startup database product, you will assist in maintaining the accuracy of information on startups and investors, and continuously update our repository with latest publicly available data on the same. the job offers a high degree of autonomy and will also see you playing a leading role in the analysis of the data…",[],0,
data analyst,Data Analyst,In Touch,"Hyderabad, Telangana",,,"About the Job Join us in transforming the perception of customer service! We are seeking a dedicated Data Analyst to analyze and report on operational data, enhancing program performance visibility. This role is vital in contributing to various projects and performing ad-hoc analyses, providing timely insights that support strategic decision-making. If you are passionate about data and eager to make a significant impact, we invite you to apply! As Data Analyst, You Will… Collect and organize la…",IT Jobs,2026-01-16T00:45:45Z,https://www.adzuna.in/details/5586566169?utm_medium=api&utm_source=3a1fdfd4,"about the job join us in transforming the perception of customer service! we are seeking a dedicated data analyst to analyze and report on operational data, enhancing program performance visibility. this role is vital in contributing to various projects and performing ad-hoc analyses, providing timely insights that support strategic decision-making. if you are passionate about data and eager to make a significant impact, we invite you to apply! as data analyst, you will… collect and organize la…",[],0,
data analyst,Data Analyst,Techwave Consulting India Private,India,,,"Techwave , we are always in an exercise to foster a culture of growth, and inclusivity. We ensure whoever is associated with the brand is being challenged at every step and is provided with all the necessary opportunities to excel in life. People are at the core of everything we do. Who are we? Techwave is a leading global IT and engineering services and solutions company revolutionizing digital transformations. We believe in enabling clients to maximize the potential and achieve a greater mark…",IT Jobs,2026-05-10T02:24:12Z,https://www.adzuna.in/details/5724515432?utm_medium=api&utm_source=3a1fdfd4,"techwave , we are always in an exercise to foster a culture of growth, and inclusivity. we ensure whoever is associated with the brand is being challenged at every step and is provided with all the necessary opportunities to excel in life. people are at the core of everything we do. who are we? techwave is a leading global it and engineering services and solutions company revolutionizing digital transformations. we believe in enabling clients to maximize the potential and achieve a greater mark…","['excel', 'git']",2,"excel, git"
data analyst,Data Analyst,Namaste Credit,"Bangalore, Karnataka",500000.0,1000000.0,"About the Role The following Job Specification is intended to reflect the nature, range and context of the work. It identifies the main requirements of the job but is not an exhaustive list of duties. The Data Analyst role is a vital role as to be a sole point of contact responsible for closely working with various teams internally and closely working with the CTO. This role typically requires the resource to analyse the vast number of datasets and provide a meaningful impact and the result of …",IT Jobs,2020-09-19T01:45:32Z,https://www.adzuna.in/details/1712428599?utm_medium=api&utm_source=3a1fdfd4,"about the role the following job specification is intended to reflect the nature, range and context of the work. it identifies the main requirements of the job but is not an exhaustive list of duties. the data analyst role is a vital role as to be a sole point of contact responsible for closely working with various teams internally and closely working with the cto. this role typically requires the resource to analyse the vast number of datasets and provide a meaningful impact and the result of …",[],0,
data analyst,Data Analyst,NAVVYASA CONSULTING PRIVATE LIMITED,India,,,"About the Role We are looking for a highly skilled Data Analyst or Data Scientist with strong expertise in Python and SQL to join our client’s team. The primary responsibility will be to automate data-driven workflows and processes based on detailed business steps provided by the Product and Business teams. The ideal candidate will bridge the gap between analytics, process understanding, and automation execution. Key Responsibilities ● Collaborate with the Business and Product teams to understa…",IT Jobs,2025-11-20T00:58:08Z,https://www.adzuna.in/details/5503836577?utm_medium=api&utm_source=3a1fdfd4,"about the role we are looking for a highly skilled data analyst or data scientist with strong expertise in python and sql to join our client’s team. the primary responsibility will be to automate data-driven workflows and processes based on detailed business steps provided by the product and business teams. the ideal candidate will bridge the gap between analytics, process understanding, and automation execution. key responsibilities ● collaborate with the business and product teams to understa…","['python', 'sql']",2,"python, sql"
data analyst,Data Analyst,Reality Premedia Services Pvt Ltd,"Pune, Maharashtra",0.0,800000.0,"We at Reality Premedia pvt ltd is looking for Data Analyst for Pune location. Must have experience in BFSC domain. Exp- Min 3yrs Location- Pune Mandatory Skills- Exp in powerBI/Tableau, SQL Basic Python Skills:- Tableau, PowerBI and Data Analytics",IT Jobs,2021-09-29T05:01:45Z,https://www.adzuna.in/details/2500155500?utm_medium=api&utm_source=3a1fdfd4,"we at reality premedia pvt ltd is looking for data analyst for pune location. must have experience in bfsc domain. exp- min 3yrs location- pune mandatory skills- exp in powerbi/tableau, sql basic python skills:- tableau, powerbi and data analytics","['python', 'sql', 'tableau']",3,"python, sql, tableau"
data analyst,Data Analyst,Intelliatx Therapeutics,"Bangalore, Karnataka",,,"Data Analyst – Job Decription Connecting people with each other and the right information is mission critical. Our Company develops innovative cloud-based technology to make it easier, more effective and more efficient to make the right connections. Our solutions put people in sync with each other and the right information, so they gain the insight needed to reach better decisions on the issues that matter most. We do it with a laser focus on reliability. The Company is a leading provider of te…",IT Jobs,2025-11-19T22:19:09Z,https://www.adzuna.in/details/5503284671?utm_medium=api&utm_source=3a1fdfd4,"data analyst – job decription connecting people with each other and the right information is mission critical. our company develops innovative cloud-based technology to make it easier, more effective and more efficient to make the right connections. our solutions put people in sync with each other and the right information, so they gain the insight needed to reach better decisions on the issues that matter most. we do it with a laser focus on reliability. the company is a leading provider of te…",[],0,
data analyst,Data Analyst,RegisterKaro,India,400000.0,1000000.0,"Job Description: Data Analyst Position: Data Analyst Location: Gurgaon Experience Level: 1-3 Years Employment Type: Full-Time Role Overview We are looking for a results-driven Data Analyst to join our team and support business decision-making through data insights and analytics. The ideal candidate will be highly proficient in Python, skilled in data visualization tools, and experienced in solving complex problems to drive measurable business outcomes such as revenue growth or cost reduction. K…",IT Jobs,2025-01-01T11:53:10Z,https://www.adzuna.in/details/4993547435?utm_medium=api&utm_source=3a1fdfd4,"job description: data analyst position: data analyst location: gurgaon experience level: 1-3 years employment type: full-time role overview we are looking for a results-driven data analyst to join our team and support business decision-making through data insights and analytics. the ideal candidate will be highly proficient in python, skilled in data visualization tools, and experienced in solving complex problems to drive measurable business outcomes such as revenue growth or cost reduction. k…","['python', 'data visualization']",2,"python, data visualization"
data analyst,Data Analyst,Indium Software,India,250000.0,800000.0,"The Data Analyst in the CoE will provide end to end solution development, working in conjunction with the Domain Leads and Technology Partners. He is responsible for the delivery of solutions and solution changes which are driven by the business requirements as well as providing technical and development capabilities. Knowledge Skills:- Apache Synapse, SQL, SAP MDG ( Master Data Governance), Python and Data Analytics",IT Jobs,2021-06-12T12:42:07Z,https://www.adzuna.in/details/2247134476?utm_medium=api&utm_source=3a1fdfd4,"the data analyst in the coe will provide end to end solution development, working in conjunction with the domain leads and technology partners. he is responsible for the delivery of solutions and solution changes which are driven by the business requirements as well as providing technical and development capabilities. knowledge skills:- apache synapse, sql, sap mdg ( master data governance), python and data analytics","['python', 'sql']",2,"python, sql"
data analyst,Data Analyst,Sagility,India,,,"Sagility combines industry-leading technology and transformation-driven BPM services with decades of healthcare domain expertise to help clients draw closer to their members. The company optimizes the entire member/patient experience through service offerings for clinical, case management, member engagement, provider solutions, payment integrity, claims cost containment, and analytics. Sagility has more than 25,000 employees across 5 countries. ""To conduct data analysis, provide insights, and c…",IT Jobs,2025-12-07T22:44:33Z,https://www.adzuna.in/details/5532438214?utm_medium=api&utm_source=3a1fdfd4,"sagility combines industry-leading technology and transformation-driven bpm services with decades of healthcare domain expertise to help clients draw closer to their members. the company optimizes the entire member/patient experience through service offerings for clinical, case management, member engagement, provider solutions, payment integrity, claims cost containment, and analytics. sagility has more than 25,000 employees across 5 countries. ""to conduct data analysis, provide insights, and c…",[],0,
data analyst,Data Analyst,Virtusa,India,,,"Data Analyst (DA) This job description outlines a Data Analyst position at Virtusa in Hyderabad, operating under a full-time, in-office model. The role is critical for enabling efficient delivery across Deal Operations and QA functions by tracking, analyzing, and forecasting workforce and operational metrics. Core Responsibilities and Deliverables The position covers three primary operational areas Workforce Planning & Scheduling You will forecast volume trends, manage shift rosters, track capa…",IT Jobs,2026-07-18T03:19:03Z,https://www.adzuna.in/details/5805353168?utm_medium=api&utm_source=3a1fdfd4,"data analyst (da) this job description outlines a data analyst position at virtusa in hyderabad, operating under a full-time, in-office model. the role is critical for enabling efficient delivery across deal operations and qa functions by tracking, analyzing, and forecasting workforce and operational metrics. core responsibilities and deliverables the position covers three primary operational areas workforce planning & scheduling you will forecast volume trends, manage shift rosters, track capa…",[],0,
data analyst,Data Analyst,Ecolab,India,,,"At Ecolab, you can help take on some of the world’s most meaningful challenges, delivering critical insights and innovative solutions to help our customers achieve clean water, safe food, abundant energy and healthy environments. With our worldwide reach and ambitious growth plans, you will have the opportunity to own your future and impact what matters. Are you ready to make an impact? Ecolab is searching for a driven Data Analyst for our Enterprise Growth Operations Team in Pune, India . The …",Sales Jobs,2026-07-09T03:05:51Z,https://www.adzuna.in/details/5793185629?utm_medium=api&utm_source=3a1fdfd4,"at ecolab, you can help take on some of the world’s most meaningful challenges, delivering critical insights and innovative solutions to help our customers achieve clean water, safe food, abundant energy and healthy environments. with our worldwide reach and ambitious growth plans, you will have the opportunity to own your future and impact what matters. are you ready to make an impact? ecolab is searching for a driven data analyst for our enterprise growth operations team in pune, india . the …",[],0,
data analyst,Data Analyst,EWU,"Coimbatore, Tamil Nadu",400000.0,700000.0,"We’re seeking a detail-oriented Data Analyst with proven experience in corporate settings to transform raw data into actionable insights. You’ll collaborate across departments to support strategic decision-making, optimize operations, and enhance business performance through data-driven analysis. Skills:- PowerBI, Tableau, Data Analytics, Dashboard, MS-Office, Data Visualization and Advanced analytics",IT Jobs,2025-08-04T05:33:07Z,https://www.adzuna.in/details/5336689191?utm_medium=api&utm_source=3a1fdfd4,"we’re seeking a detail-oriented data analyst with proven experience in corporate settings to transform raw data into actionable insights. you’ll collaborate across departments to support strategic decision-making, optimize operations, and enhance business performance through data-driven analysis. skills:- powerbi, tableau, data analytics, dashboard, ms-office, data visualization and advanced analytics","['tableau', 'data visualization']",2,"tableau, data visualization"
data analyst,Data Analyst,Vikash Technologies,"Delhi, India",1500000.0,1900000.0,"Hiring for Data Analyst Exp : 5 - 7 yrs Edu : BE/B.Tech Work Location : Noida WFO Skills : Expertise in SQL Server, including database design, performance tuning, query optimization, and security. Hands-on experience developing ETL solutions using SSIS, Azure Data Factory (ADF), and Python. Skills:- SQL server, ETL, ELT, Azure Data Factory, Python and SSIS",IT Jobs,2026-07-15T15:12:05Z,https://www.adzuna.in/details/5801030174?utm_medium=api&utm_source=3a1fdfd4,"hiring for data analyst exp : 5 - 7 yrs edu : be/b.tech work location : noida wfo skills : expertise in sql server, including database design, performance tuning, query optimization, and security. hands-on experience developing etl solutions using ssis, azure data factory (adf), and python. skills:- sql server, etl, elt, azure data factory, python and ssis","['python', 'sql', 'azure', 'etl']",4,"python, sql, azure, etl"
data analyst,data analyst,Epik Solutions,India,50000.0,700000.0,"Job Title: Data Analyst Location: Permanent Work from Home Job Type: Full-Time Job Description: We are seeking a highly motivated and skilled Data Analyst to join our team. The ideal candidate will have a strong background in data analysis, incident management, and real-time data reporting. The role demands exceptional communication skills, both written and spoken, as well as the ability to work flexible shifts to support our global operations. Key Responsibilities: - Perform data analysis to i…",IT Jobs,2024-09-07T11:25:36Z,https://www.adzuna.in/details/4855397054?utm_medium=api&utm_source=3a1fdfd4,"job title: data analyst location: permanent work from home job type: full-time job description: we are seeking a highly motivated and skilled data analyst to join our team. the ideal candidate will have a strong background in data analysis, incident management, and real-time data reporting. the role demands exceptional communication skills, both written and spoken, as well as the ability to work flexible shifts to support our global operations. key responsibilities: - perform data analysis to i…",['communication'],1,communication
data analyst,Data Analyst,Multi Recruit,"Bangalore, Karnataka",1200000.0,1400000.0,"We are looking for a Business Intelligence (BI)/Data Analyst to create and manage Power Bl and analytics solutions that turn data into knowledge. In this role, you should have a background in data and business analysis. If you are self-directed, passionate about data, and have business acumen and problem-solving aptitude, we'd like to meet you. Ultimately, you will enhance our business intelligence system to help us make better decisions. Requirements and Qualifications BSc/BA in Computer Scien…",IT Jobs,2022-01-30T04:34:26Z,https://www.adzuna.in/details/2853927974?utm_medium=api&utm_source=3a1fdfd4,"we are looking for a business intelligence (bi)/data analyst to create and manage power bl and analytics solutions that turn data into knowledge. in this role, you should have a background in data and business analysis. if you are self-directed, passionate about data, and have business acumen and problem-solving aptitude, we'd like to meet you. ultimately, you will enhance our business intelligence system to help us make better decisions. requirements and qualifications bsc/ba in computer scien…",[],0,
data analyst,Data Analyst,Beworld web services,"Telangana, India",,,"We are looking for a detail-oriented and proactive Data Analyst with around 1 year of experience in a consumer app or product-based environment. The ideal candidate should have strong analytical skills, hands-on experience with SQL and MongoDB, and the ability to work closely with cross-functional teams to drive data-informed decisions. Key Responsibilities Analyze user behavior, product performance, and business metrics for consumer applications. Write efficient SQL queries to extract, transfo…",IT Jobs,2026-06-30T14:52:26Z,https://www.adzuna.in/details/5781956424?utm_medium=api&utm_source=3a1fdfd4,"we are looking for a detail-oriented and proactive data analyst with around 1 year of experience in a consumer app or product-based environment. the ideal candidate should have strong analytical skills, hands-on experience with sql and mongodb, and the ability to work closely with cross-functional teams to drive data-informed decisions. key responsibilities analyze user behavior, product performance, and business metrics for consumer applications. write efficient sql queries to extract, transfo…",['sql'],1,sql
data analyst,Data Analyst,MSMEx,"Mumbai, Maharashtra",0.0,1200000.0,We are looking for a Data Analyst that oversees organisational data analytics. This will require you to design and help implement the data analytics platform that will keep the organisation running. The team will be the go-to for all data needs for the app and we are looking for a self-starter who is hands on and yet able to abstract problems and anticipate data requirements. This person should be very strong technical data analyst who can design and implement data systems on his own. Along wit…,IT Jobs,2021-09-05T02:42:02Z,https://www.adzuna.in/details/2433361449?utm_medium=api&utm_source=3a1fdfd4,we are looking for a data analyst that oversees organisational data analytics. this will require you to design and help implement the data analytics platform that will keep the organisation running. the team will be the go-to for all data needs for the app and we are looking for a self-starter who is hands on and yet able to abstract problems and anticipate data requirements. this person should be very strong technical data analyst who can design and implement data systems on his own. along wit…,[],0,
data analyst,Data Analyst,Syrencloud,"Hyderabad, Telangana",0.0,800000.0,"Our growing technology firm is looking for an experienced Data Analyst who is able to turn project requirements into custom-formatted data reports. The ideal candidate for this position is able to do complete life cycle data generation and outline critical information for each Project Manager. We also need someone who is able to analyze business procedures and recommend specific types of data that can be used to improve upon them. Skills:- SQL, SAP and Data Analytics",IT Jobs,2021-09-11T02:17:17Z,https://www.adzuna.in/details/2449398766?utm_medium=api&utm_source=3a1fdfd4,"our growing technology firm is looking for an experienced data analyst who is able to turn project requirements into custom-formatted data reports. the ideal candidate for this position is able to do complete life cycle data generation and outline critical information for each project manager. we also need someone who is able to analyze business procedures and recommend specific types of data that can be used to improve upon them. skills:- sql, sap and data analytics",['sql'],1,sql
data analyst,Data Analyst,RECEX,"Delhi, India",,,"Job Description: We are seeking a skilled Data Analyst with expertise in Power BI to design and maintain interactive dashboards, analyze complex datasets, and deliver actionable insights. The ideal candidate will have experience in data visualization, report creation, and performance analysis. Strong proficiency in Power BI, SQL, and Excel is essential. The role requires excellent problem-solving abilities, attention to detail, and effective communication to present data findings to stakeholder…",IT Jobs,2026-05-14T02:27:43Z,https://www.adzuna.in/details/5728445327?utm_medium=api&utm_source=3a1fdfd4,"job description: we are seeking a skilled data analyst with expertise in power bi to design and maintain interactive dashboards, analyze complex datasets, and deliver actionable insights. the ideal candidate will have experience in data visualization, report creation, and performance analysis. strong proficiency in power bi, sql, and excel is essential. the role requires excellent problem-solving abilities, attention to detail, and effective communication to present data findings to stakeholder…","['sql', 'excel', 'power bi', 'communication', 'data visualization']",5,"sql, excel, power bi, communication, data visualization"
data analyst,Data Analyst,Kotak Life,"Gurgaon, Haryana",,,"Job Description- Job Summary: We are seeking a detail-oriented Data Analyst with expertise in SAS and VBA. The ideal candidate will possess strong skills in SQL, DataSteps, and dashboard creation to support our data-driven decision-making process. This role involves completing ad hoc data requests and ensuring effective data management using databases. Key Responsibilities: • Utilize SAS for data analysis and MIS reporting. • Manage and produce daily, weekly, and monthly MIS reports to track ke…",IT Jobs,2026-06-13T08:48:32Z,https://www.adzuna.in/details/5761950540?utm_medium=api&utm_source=3a1fdfd4,"job description- job summary: we are seeking a detail-oriented data analyst with expertise in sas and vba. the ideal candidate will possess strong skills in sql, datasteps, and dashboard creation to support our data-driven decision-making process. this role involves completing ad hoc data requests and ensuring effective data management using databases. key responsibilities: • utilize sas for data analysis and mis reporting. • manage and produce daily, weekly, and monthly mis reports to track ke…",['sql'],1,sql
data analyst,Data Analyst,Fragma Data Systems,India,600000.0,800000.0,"Good grasp and hands-on exposure to SQL, Hive. Good to have- Azure cloud, Spark sql. 1. Will be the point of contact for reporting/data management needs and will be responsible to drive complex data analysis and propose improvement opportunities in existing tools and reports. 2. The Data Analyst will be responsible to establish best practices in data management, data visualization, and report distribution. 3. Understanding requirements and converting into technical and business delivers. 4. Lev…",IT Jobs,2022-02-12T04:45:18Z,https://www.adzuna.in/details/2890608757?utm_medium=api&utm_source=3a1fdfd4,"good grasp and hands-on exposure to sql, hive. good to have- azure cloud, spark sql. 1. will be the point of contact for reporting/data management needs and will be responsible to drive complex data analysis and propose improvement opportunities in existing tools and reports. 2. the data analyst will be responsible to establish best practices in data management, data visualization, and report distribution. 3. understanding requirements and converting into technical and business delivers. 4. lev…","['sql', 'azure', 'spark', 'data visualization']",4,"sql, azure, spark, data visualization"
data analyst,Data Analyst,Not specified,"Vadodara, Gujarat",,,"We are Hiring for ( Data Analyst ) ( Desired Candidate Profile: Checking ) Analysis and entering data in databases working in a Emergency Control Room and working on Logistics Portal Interface and GPS, Good Communication skill (Hindi & English) Employee Condition:- · Job Location is Vadodara · Girls only work in ‘A’ and ‘B’ Shift · Bond Period is 1 Years and breach to which is strictly not allowed. Special Request / Permissions shall be reviewed for by higher management is case of relieving · R…",IT Jobs,2024-05-10T07:38:51Z,https://www.adzuna.in/details/4686704927?utm_medium=api&utm_source=3a1fdfd4,"we are hiring for ( data analyst ) ( desired candidate profile: checking ) analysis and entering data in databases working in a emergency control room and working on logistics portal interface and gps, good communication skill (hindi & english) employee condition:- · job location is vadodara · girls only work in ‘a’ and ‘b’ shift · bond period is 1 years and breach to which is strictly not allowed. special request / permissions shall be reviewed for by higher management is case of relieving · r…",['communication'],1,communication
data analyst,Data Analyst,ARC Gate Private Limited,"Ajmer, Rajasthan",,,"Share this jobShare this job Data Analyst Arcgate is a dynamic and rapidly growing team of 2500 professionals passionate about data and technology. We partner with leading startups and enterprises to deliver solutions across data analytics, AI data preparation, quality engineering,search relevance, and more. We are currently seeking a Data Analyst to join our team. This role will play a key part in delivering high-quality data analysis and reporting to drive decision-making across client’s prod…",IT Jobs,2026-06-29T18:13:09Z,https://www.adzuna.in/details/5781141360?utm_medium=api&utm_source=3a1fdfd4,"share this jobshare this job data analyst arcgate is a dynamic and rapidly growing team of 2500 professionals passionate about data and technology. we partner with leading startups and enterprises to deliver solutions across data analytics, ai data preparation, quality engineering,search relevance, and more. we are currently seeking a data analyst to join our team. this role will play a key part in delivering high-quality data analysis and reporting to drive decision-making across client’s prod…",[],0,
data analyst,Data analyst,Sadup Softech,"Bangalore, Karnataka",1200000.0,1500000.0,"Must have skills 3 to 6 years Data Science SQL, Excel, Big Query - mandate 3 years Python/ML, Hadoop, Spark - 2 years Requirements • 3 years prior experience as a data analyst • Detail oriented, structural thinking and analytical mindset. • Proven analytic skills, including data analysis and data validation. • Technical writing experience in relevant areas, including queries, reports, and presentations. • Strong SQL and Excel skills with the ability to learn other analytic tools • Good communic…",IT Jobs,2024-06-01T09:41:50Z,https://www.adzuna.in/details/4715697356?utm_medium=api&utm_source=3a1fdfd4,"must have skills 3 to 6 years data science sql, excel, big query - mandate 3 years python/ml, hadoop, spark - 2 years requirements • 3 years prior experience as a data analyst • detail oriented, structural thinking and analytical mindset. • proven analytic skills, including data analysis and data validation. • technical writing experience in relevant areas, including queries, reports, and presentations. • strong sql and excel skills with the ability to learn other analytic tools • good communic…","['python', 'sql', 'excel', 'spark', 'hadoop']",5,"python, sql, excel, spark, hadoop"
data analyst,Data Analyst,Jetking Technologies Private Limited,"Noida, Ghaziabad",20000.0,25000.0,"Job Description– Data Analyst Qualification: Bachelor's degree in Computer Science, Statistics, Mathematics, or related field Location: Noida sector 127 Experience: • 1–3 years • Proficiency in MS Excel (pivot tables, VLOOKUP, formulas) • Basicknowledge of SQLfor data querying • Familiarity with data visualization tools (Power BI/Tableau)– preferred • Stronganalytical and problem-solving skills • Goodcommunicationskills Roles and Responsibilities: • Collect, clean, and organize data from multip…",IT Jobs,2026-07-15T10:21:31Z,https://www.adzuna.in/details/5800765376?utm_medium=api&utm_source=3a1fdfd4,"job description– data analyst qualification: bachelor's degree in computer science, statistics, mathematics, or related field location: noida sector 127 experience: • 1–3 years • proficiency in ms excel (pivot tables, vlookup, formulas) • basicknowledge of sqlfor data querying • familiarity with data visualization tools (power bi/tableau)– preferred • stronganalytical and problem-solving skills • goodcommunicationskills roles and responsibilities: • collect, clean, and organize data from multip…","['sql', 'excel', 'power bi', 'tableau', 'statistics', 'communication', 'data visualization']",7,"sql, excel, power bi, tableau, statistics, communication, data visualization"
data analyst,Data Analyst,Fusemachines,India,,,"About Fusemachines Founded in 2013, Fusemachines is a global provider of enterprise AI products and services, on a mission to democratize AI. Leveraging proprietary AI Studio and AI Engines, the company helps drive the clients’ AI Enterprise Transformation, regardless of where they are in their Digital AI journeys. With offices in North America, Asia, and Latin America, Fusemachines provides a suite of enterprise AI offerings and specialty services that allow organizations of any size to implem…",IT Jobs,2026-04-23T01:53:07Z,https://www.adzuna.in/details/5707412186?utm_medium=api&utm_source=3a1fdfd4,"about fusemachines founded in 2013, fusemachines is a global provider of enterprise ai products and services, on a mission to democratize ai. leveraging proprietary ai studio and ai engines, the company helps drive the clients’ ai enterprise transformation, regardless of where they are in their digital ai journeys. with offices in north america, asia, and latin america, fusemachines provides a suite of enterprise ai offerings and specialty services that allow organizations of any size to implem…",['git'],1,git
data analyst,Data Analyst,Fusemachines,"Pune, Maharashtra",,,"About Fusemachines Founded in 2013, Fusemachines is a global provider of enterprise AI products and services, on a mission to democratize AI. Leveraging proprietary AI Studio and AI Engines, the company helps drive the clients’ AI Enterprise Transformation, regardless of where they are in their Digital AI journeys. With offices in North America, Asia, and Latin America, Fusemachines provides a suite of enterprise AI offerings and specialty services that allow organizations of any size to implem…",IT Jobs,2026-06-19T17:24:10Z,https://www.adzuna.in/details/5769322906?utm_medium=api&utm_source=3a1fdfd4,"about fusemachines founded in 2013, fusemachines is a global provider of enterprise ai products and services, on a mission to democratize ai. leveraging proprietary ai studio and ai engines, the company helps drive the clients’ ai enterprise transformation, regardless of where they are in their digital ai journeys. with offices in north america, asia, and latin america, fusemachines provides a suite of enterprise ai offerings and specialty services that allow organizations of any size to implem…",['git'],1,git
data analyst,Data Analyst,Wissen Technology,"Bangalore, Karnataka",,,"Role- Data Analyst Experience- 2 to 5 years Location-Bangalore Job Role- ● Experience: Minimum of 2 years of professional experience in a data-heavy environment (E-commerce or Fintech experience is a plus). ● SQL Mastery: Exceptional ability to write complex joins, window functions, Analytical functions, and CTEs. Experience with high-scale databases (e.g., BigQuery, Hive, or Postgres). ● Scripting: Functional knowledge of Python for data manipulation (Pandas, NumPy) and basic automation script…",IT Jobs,2026-03-28T11:28:26Z,https://www.adzuna.in/details/5681009000?utm_medium=api&utm_source=3a1fdfd4,"role- data analyst experience- 2 to 5 years location-bangalore job role- ● experience: minimum of 2 years of professional experience in a data-heavy environment (e-commerce or fintech experience is a plus). ● sql mastery: exceptional ability to write complex joins, window functions, analytical functions, and ctes. experience with high-scale databases (e.g., bigquery, hive, or postgres). ● scripting: functional knowledge of python for data manipulation (pandas, numpy) and basic automation script…","['python', 'sql', 'pandas', 'numpy']",4,"python, sql, pandas, numpy"
data analyst,Data Analyst,Graphene Services Pte Ltd,"Bangalore, Karnataka",,,"About Graphene Graphene is a Singapore Head quartered AI company which has been recognized as Singapore’s Best Start Up By Switzerland’s Seedstarsworld, and also been awarded as best AI platform for healthcare in Vivatech Paris. Graphene India is also a member of the exclusive NASSCOM Deeptech club. We are developing an AI plaform which is disrupting and replacing traditional Market Research with unbiased insights with a focus on healthcare, consumer goods and financial services. Graphene was f…",IT Jobs,2021-10-13T05:52:44Z,https://www.adzuna.in/details/2539490267?utm_medium=api&utm_source=3a1fdfd4,"about graphene graphene is a singapore head quartered ai company which has been recognized as singapore’s best start up by switzerland’s seedstarsworld, and also been awarded as best ai platform for healthcare in vivatech paris. graphene india is also a member of the exclusive nasscom deeptech club. we are developing an ai plaform which is disrupting and replacing traditional market research with unbiased insights with a focus on healthcare, consumer goods and financial services. graphene was f…",[],0,
data analyst,Data Analyst,EXL,"Pune, Maharashtra",,,"Description Must-Have: ● 4 / 5 years of professional experience as a Data Analyst with good decision-making, analytical and problem-solving skills. ● SQL, Pyspark, Python with Banking Domain knowledge - Credit & Lending. Working knowledge / experience of Big Data frameworks like Hadoop, Hive and Spark. ● Hands-on experience in query languages like HQL or SQL (Spark SQL) for Data exploration. ● Data mapping: Determine the data mapping required to join multiple data sets together across multiple …",IT Jobs,2026-07-25T03:27:49Z,https://www.adzuna.in/details/5814494533?utm_medium=api&utm_source=3a1fdfd4,"description must-have: ● 4 / 5 years of professional experience as a data analyst with good decision-making, analytical and problem-solving skills. ● sql, pyspark, python with banking domain knowledge - credit & lending. working knowledge / experience of big data frameworks like hadoop, hive and spark. ● hands-on experience in query languages like hql or sql (spark sql) for data exploration. ● data mapping: determine the data mapping required to join multiple data sets together across multiple …","['python', 'sql', 'spark', 'hadoop', 'big data']",5,"python, sql, spark, hadoop, big data"
data analyst,Data Analyst,Highfly Sourcing,India,1500000.0,2500000.0,"We are seeking a motivated Data Analyst to support business operations by analyzing data, preparing reports, and delivering meaningful insights. The ideal candidate should be comfortable working with data, identifying patterns, and presenting findings in a clear and actionable way. Key Responsibilities: Collect, clean, and organize data from internal and external sources Analyze large datasets to identify trends, patterns, and opportunities Prepare regular and ad-hoc reports for business stakeh…",IT Jobs,2025-12-20T11:07:17Z,https://www.adzuna.in/details/5549594782?utm_medium=api&utm_source=3a1fdfd4,"we are seeking a motivated data analyst to support business operations by analyzing data, preparing reports, and delivering meaningful insights. the ideal candidate should be comfortable working with data, identifying patterns, and presenting findings in a clear and actionable way. key responsibilities: collect, clean, and organize data from internal and external sources analyze large datasets to identify trends, patterns, and opportunities prepare regular and ad-hoc reports for business stakeh…",[],0,
data analyst,Data Analyst,Webkit24,"Kolkata, West Bengal",,,"Required Skills & Qualifications: Bachelors degree in Statistics, Mathematics, Computer Science, Economics, or related field 2 years of experience as a Data Analyst or similar role Strong knowledge of SQL, Excel, and data visualization tools (Tableau, Power BI, etc ) Familiarity with Python or R for data analysis is a plus Experience with data warehousing and ETL pipelines is preferred Excellent problem-solving and critical thinking skills Strong communication skills to explain complex data fin…",IT Jobs,2026-06-26T07:29:41Z,https://www.adzuna.in/details/5777073838?utm_medium=api&utm_source=3a1fdfd4,"required skills & qualifications: bachelors degree in statistics, mathematics, computer science, economics, or related field 2 years of experience as a data analyst or similar role strong knowledge of sql, excel, and data visualization tools (tableau, power bi, etc ) familiarity with python or r for data analysis is a plus experience with data warehousing and etl pipelines is preferred excellent problem-solving and critical thinking skills strong communication skills to explain complex data fin…","['python', 'sql', 'excel', 'power bi', 'tableau', 'statistics', 'communication', 'data visualization', 'etl']",9,"python, sql, excel, power bi, tableau, statistics, communication, data visualization, etl"
data analyst,Data Analyst,Webkit24,"Pune, Maharashtra",,,"Required Skills & Qualifications: Bachelors degree in Statistics, Mathematics, Computer Science, Economics, or related field 2 years of experience as a Data Analyst or similar role Strong knowledge of SQL, Excel, and data visualization tools (Tableau, Power BI, etc ) Familiarity with Python or R for data analysis is a plus Experience with data warehousing and ETL pipelines is preferred Excellent problem-solving and critical thinking skills Strong communication skills to explain complex data fin…",IT Jobs,2026-06-26T07:29:41Z,https://www.adzuna.in/details/5777073828?utm_medium=api&utm_source=3a1fdfd4,"required skills & qualifications: bachelors degree in statistics, mathematics, computer science, economics, or related field 2 years of experience as a data analyst or similar role strong knowledge of sql, excel, and data visualization tools (tableau, power bi, etc ) familiarity with python or r for data analysis is a plus experience with data warehousing and etl pipelines is preferred excellent problem-solving and critical thinking skills strong communication skills to explain complex data fin…","['python', 'sql', 'excel', 'power bi', 'tableau', 'statistics', 'communication', 'data visualization', 'etl']",9,"python, sql, excel, power bi, tableau, statistics, communication, data visualization, etl"
data analyst,Data Analyst,Hunarstreet Technologies Pvt Ltd,"Vadodara, Gujarat",600000.0,800000.0,"Job Overview As a Profile Data Setup Analyst, you will play a key role in configuring, analysing, and managing product data for our customers. You will work closely with internal teams and clients to ensure accurate, optimized, and timely data setup in Windowmaker software. This role is perfect for someone who enjoys problem-solving, working with data, and continuously learning. Key Responsibilities • Understand customer product configurations and translate them into structured data using Windo…",IT Jobs,2026-01-28T11:24:00Z,https://www.adzuna.in/details/5602825903?utm_medium=api&utm_source=3a1fdfd4,"job overview as a profile data setup analyst, you will play a key role in configuring, analysing, and managing product data for our customers. you will work closely with internal teams and clients to ensure accurate, optimized, and timely data setup in windowmaker software. this role is perfect for someone who enjoys problem-solving, working with data, and continuously learning. key responsibilities • understand customer product configurations and translate them into structured data using windo…",[],0,
data analyst,Data Analyst,Cytiva Life Science,"Bangalore, Karnataka",,,"Be part of something altogether life-changing Working at Cytiva in the Life Sciences industry means being at the forefront of providing new solutions to transform human health. Our incredible customers undertake life-saving activities ranging from fundamental biological research to developing innovative vaccines, new medicines, and cell and gene therapies. At Cytiva you will be able to continuously improve yourself and us – working on challenges that truly matter with people that care for each …",IT Jobs,2026-04-22T01:59:28Z,https://www.adzuna.in/details/5706462425?utm_medium=api&utm_source=3a1fdfd4,"be part of something altogether life-changing working at cytiva in the life sciences industry means being at the forefront of providing new solutions to transform human health. our incredible customers undertake life-saving activities ranging from fundamental biological research to developing innovative vaccines, new medicines, and cell and gene therapies. at cytiva you will be able to continuously improve yourself and us – working on challenges that truly matter with people that care for each …",[],0,
data analyst,Data Analyst,Jobdost,"Bangalore, Karnataka",0.0,500000.0,"About the role: We are looking for a motivated data analyst with sound experience in handling web/ digital analytics, to join us as part of the Kapiva D2C Business Team. This team is primarily responsible for driving sales and customer engagement on our website. This channel has grown 5x in revenue over the last 12 months and is poised to grow another 5x over the next six. It represents a high-growth, important part of our overall e-commerce growth strategy. The mandate here is to run an end-to…",IT Jobs,2023-10-02T13:22:30Z,https://www.adzuna.in/details/4344578568?utm_medium=api&utm_source=3a1fdfd4,"about the role: we are looking for a motivated data analyst with sound experience in handling web/ digital analytics, to join us as part of the kapiva d2c business team. this team is primarily responsible for driving sales and customer engagement on our website. this channel has grown 5x in revenue over the last 12 months and is poised to grow another 5x over the next six. it represents a high-growth, important part of our overall e-commerce growth strategy. the mandate here is to run an end-to…",['git'],1,git
data analyst,Data Analyst,Mr n Mrs Pet,"Jaipur, Rajasthan",100000.0,300000.0,"Requirements: Bachelor’s degree from university or college in computer science. Work experience as a data analyst or in a related field. Ability to work with stakeholders to assess potential risks. Ability to analyse existing tools and databases and provide software solution recommendations. Ability to translate business requirements into non-technical, lay terms. High-level experience in methodologies and processes for managing large-scale databases. Demonstrated experience in handling large d…",IT Jobs,2022-07-22T06:48:32Z,https://www.adzuna.in/details/3337906172?utm_medium=api&utm_source=3a1fdfd4,"requirements: bachelor’s degree from university or college in computer science. work experience as a data analyst or in a related field. ability to work with stakeholders to assess potential risks. ability to analyse existing tools and databases and provide software solution recommendations. ability to translate business requirements into non-technical, lay terms. high-level experience in methodologies and processes for managing large-scale databases. demonstrated experience in handling large d…",[],0,
data analyst,Data Analyst,Colan Infotech Private Limited,"Chennai, Tamil Nadu",,,Greetings from Colan Infotech  Designation - Data Analyst Experience - 6-8 Years Notice Period - Immediate joiners only Job Location -Chennai(Work from office only) Required Skills & Experience Were looking for people who: 68 years of experience in Data Analytics / BI / Data Engineering Strong consultative mindset with excellent communication skills Experience building enterprise dashboards using Power BI or Tableau Comfortable working independently and with cross-functional teams Programming S…,IT Jobs,2026-05-26T06:36:51Z,https://www.adzuna.in/details/5740849089?utm_medium=api&utm_source=3a1fdfd4,greetings from colan infotech designation - data analyst experience - 6-8 years notice period - immediate joiners only job location -chennai(work from office only) required skills & experience were looking for people who: 68 years of experience in data analytics / bi / data engineering strong consultative mindset with excellent communication skills experience building enterprise dashboards using power bi or tableau comfortable working independently and with cross-functional teams programming s…,"['excel', 'power bi', 'tableau', 'communication']",4,"excel, power bi, tableau, communication"
data analyst,Data Analyst,Stripe,India,,,"Who we are About Stripe Stripe is a financial infrastructure platform for businesses. Millions of companies—from the world's largest enterprises to the most ambitious startups—use Stripe to accept payments, grow their revenue, and accelerate new business opportunities. Our mission is to increase the GDP of the internet, and we have a staggering amount of work ahead. That means you have an unprecedented opportunity to put the global economy within everyone's reach while doing the most important …",IT Jobs,2026-07-14T21:14:56Z,https://www.adzuna.in/details/5800078733?utm_medium=api&utm_source=3a1fdfd4,"who we are about stripe stripe is a financial infrastructure platform for businesses. millions of companies—from the world's largest enterprises to the most ambitious startups—use stripe to accept payments, grow their revenue, and accelerate new business opportunities. our mission is to increase the gdp of the internet, and we have a staggering amount of work ahead. that means you have an unprecedented opportunity to put the global economy within everyone's reach while doing the most important …",[],0,
data analyst,Data Analyst,EXL,"Bangalore, Karnataka",,,"Description Title : Data Analyst Location : Bangalore Develop and maintain interactive dashboards using Power BI/Tableau for business reporting Translate business requirements into data-driven solutions and recommendations Apply strong problem-solving skills to identify trends, gaps, and opportunities Work closely with stakeholders to support strategic decision-making Analyze large and complex datasets using SQL to extract actionable insights Ensure data accuracy, quality, and consistency acros…",IT Jobs,2026-06-25T02:26:29Z,https://www.adzuna.in/details/5775288972?utm_medium=api&utm_source=3a1fdfd4,"description title : data analyst location : bangalore develop and maintain interactive dashboards using power bi/tableau for business reporting translate business requirements into data-driven solutions and recommendations apply strong problem-solving skills to identify trends, gaps, and opportunities work closely with stakeholders to support strategic decision-making analyze large and complex datasets using sql to extract actionable insights ensure data accuracy, quality, and consistency acros…","['sql', 'power bi', 'tableau']",3,"sql, power bi, tableau"
data analyst,Data Analyst,Awign,"Bangalore, Karnataka",400000.0,700000.0,We are looking for a result-driven candidate to join our analytics team as a Data Analyst. Duties And Responsibilities 1. Work closely with Operation Head to setup reporting structures using complex formula(s) over Google Sheets. 2. Should be able to use Google Apps Script towards creating simple applications for ongoing projects/clients. 3. To run a detailed analysis of project-level data to generate additional insights for clients in the form of analytical dashboards. 4. To build trackers for…,IT Jobs,2020-10-15T02:16:09Z,https://www.adzuna.in/details/1762829126?utm_medium=api&utm_source=3a1fdfd4,we are looking for a result-driven candidate to join our analytics team as a data analyst. duties and responsibilities 1. work closely with operation head to setup reporting structures using complex formula(s) over google sheets. 2. should be able to use google apps script towards creating simple applications for ongoing projects/clients. 3. to run a detailed analysis of project-level data to generate additional insights for clients in the form of analytical dashboards. 4. to build trackers for…,[],0,
data analyst,Data Analyst,Test,"Gurgaon, Haryana",,,"Description We are seeking a Data Analyst with 4-8 years of experience to join our dynamic team in India. The ideal candidate will be responsible for transforming data into actionable insights, supporting business decisions, and driving strategic initiatives. Responsibilities Collecting, processing, and analyzing large datasets to derive actionable insights. Creating and maintaining dashboards and reports to visualize data trends and performance metrics. Collaborating with cross-functional team…",IT Jobs,2026-06-26T07:31:48Z,https://www.adzuna.in/details/5777078467?utm_medium=api&utm_source=3a1fdfd4,"description we are seeking a data analyst with 4-8 years of experience to join our dynamic team in india. the ideal candidate will be responsible for transforming data into actionable insights, supporting business decisions, and driving strategic initiatives. responsibilities collecting, processing, and analyzing large datasets to derive actionable insights. creating and maintaining dashboards and reports to visualize data trends and performance metrics. collaborating with cross-functional team…",[],0,
data analyst,Data Analyst,Align Technology,"Delhi, India",,,"Description We are seeking a Data Analyst to join our team in India. The ideal candidate will have 1-4 years of experience in data analysis, with a strong background in statistical analysis, data visualization, and reporting. You will be responsible for transforming raw data into actionable insights to drive business strategies. Responsibilities Collecting, processing, and analyzing data to provide insights and support decision-making. Creating reports and visualizations to communicate findings…",IT Jobs,2026-07-11T07:20:30Z,https://www.adzuna.in/details/5796414147?utm_medium=api&utm_source=3a1fdfd4,"description we are seeking a data analyst to join our team in india. the ideal candidate will have 1-4 years of experience in data analysis, with a strong background in statistical analysis, data visualization, and reporting. you will be responsible for transforming raw data into actionable insights to drive business strategies. responsibilities collecting, processing, and analyzing data to provide insights and support decision-making. creating reports and visualizations to communicate findings…",['data visualization'],1,data visualization
data analyst,Data Analyst,NatWest Markets,"Bangalore, Karnataka",,,"Job description Take on a critical role defining and realising fantastic solutions, processes, benefits and new opportunities to deliver to our stakeholders you'll be working in a vibrant, forward looking team and helping us to shape the future of our business It s a great chance to hit the ground running, take advantage of our development opportunities, and advance your career we're offering this role at associate level What you'll doIn your new role, you'll be supporting the analysis of compl…",IT Jobs,2026-06-11T06:55:22Z,https://www.adzuna.in/details/5759289384?utm_medium=api&utm_source=3a1fdfd4,"job description take on a critical role defining and realising fantastic solutions, processes, benefits and new opportunities to deliver to our stakeholders you'll be working in a vibrant, forward looking team and helping us to shape the future of our business it s a great chance to hit the ground running, take advantage of our development opportunities, and advance your career we're offering this role at associate level what you'll doin your new role, you'll be supporting the analysis of compl…",[],0,
data analyst,Data Analyst,Genisys Information Systems India Private Limited,"Bangalore, Karnataka",,,"Notice Immediate: Immediate Joiners Location: Remote; Hours: US Pacific time business hours; US and client calendar (9PM to 5AM IST) NOTE: Individual is expected to and must be full-time dedicated to this role Position Overview: The Senior Data Analyst will play a critical role in analyzing and interpreting complex data to drive key business decisions. This individual will work closely with cross-functional teams to deliver actionable insights, optimize performance, and enhance our data-driven …",IT Jobs,2026-06-13T08:43:56Z,https://www.adzuna.in/details/5761947576?utm_medium=api&utm_source=3a1fdfd4,"notice immediate: immediate joiners location: remote; hours: us pacific time business hours; us and client calendar (9pm to 5am ist) note: individual is expected to and must be full-time dedicated to this role position overview: the senior data analyst will play a critical role in analyzing and interpreting complex data to drive key business decisions. this individual will work closely with cross-functional teams to deliver actionable insights, optimize performance, and enhance our data-driven …",[],0,
data analyst,Data Analyst,DATAECONOMY,"Mini Sectt., Gurgaon",,,"Senior Data Analyst - Data Platform Discipline: Data Analytics Location: Gurugram) Shift Time - 12 PM to 8:30 PM IST Role Summary As a Senior Data Analyst, you will play a critical role in supporting Asia data modernization, IBOR/ABOR initiatives, and enterprise analytics. You will partner closely with Investment, Finance, Risk, and Technology teams to analyze complex datasets, define data requirements, and translate business needs into well ‑ governed, analytics ‑ ready data products. This is …",Accounting & Finance Jobs,2026-06-26T04:14:49Z,https://www.adzuna.in/details/5776924195?utm_medium=api&utm_source=3a1fdfd4,"senior data analyst - data platform discipline: data analytics location: gurugram) shift time - 12 pm to 8:30 pm ist role summary as a senior data analyst, you will play a critical role in supporting asia data modernization, ibor/abor initiatives, and enterprise analytics. you will partner closely with investment, finance, risk, and technology teams to analyze complex datasets, define data requirements, and translate business needs into well ‑ governed, analytics ‑ ready data products. this is …",[],0,
data analyst,Data Analyst,Appitsimple infotek Pvt. Ltd.,India,100000.0,300000.0,"Job role: As a data analyst, you will be responsible for compiling actionable insights from data and assisting program, sales and marketing managers build data-driven processes. Your role will involve driving initiatives to optimize for operational excellence and revenue. Responsibilities: Ensure that data flows smoothly from source to destination so that it can be processed Utilize strong database skills to work with large, complex data sets to extract insights Filter and cleanse unstructured …",IT Jobs,2024-12-30T12:10:27Z,https://www.adzuna.in/details/4992020344?utm_medium=api&utm_source=3a1fdfd4,"job role: as a data analyst, you will be responsible for compiling actionable insights from data and assisting program, sales and marketing managers build data-driven processes. your role will involve driving initiatives to optimize for operational excellence and revenue. responsibilities: ensure that data flows smoothly from source to destination so that it can be processed utilize strong database skills to work with large, complex data sets to extract insights filter and cleanse unstructured …",['excel'],1,excel
data analyst,Data Analyst,Qrata,"Mumbai, Maharashtra",500000.0,1000000.0,"DATA ANALYST About: We allows customers to ""buy now and pay later"" for goods and services purchased online and offline portals. It's a rapidly growing organization opening up new avenues of payments for online and offline customers. Role: Define and continuously refine the analytics roadmap. Build, Deploy and Maintain the data infrastructure that supports all of the analysis, including the data warehouse and various data marts Build, deploy and maintain the predictive models and scoring infrast…",IT Jobs,2024-01-07T15:07:43Z,https://www.adzuna.in/details/4514376058?utm_medium=api&utm_source=3a1fdfd4,"data analyst about: we allows customers to ""buy now and pay later"" for goods and services purchased online and offline portals. it's a rapidly growing organization opening up new avenues of payments for online and offline customers. role: define and continuously refine the analytics roadmap. build, deploy and maintain the data infrastructure that supports all of the analysis, including the data warehouse and various data marts build, deploy and maintain the predictive models and scoring infrast…",[],0,
data analyst,Data Analyst,BitClass,"Bangalore, Karnataka",0.0,1600000.0,"BitClass, a VC funded startup (backed by the investors or Unacademy, Doubtnut, ShareChat, Meesho among others) in the domain of edtech, is looking for a data analyst to help in making better business decisions using information from the available data. The responsibility is to gather and prepare data from multiple sources, run statistical analyses, and communicate your findings in a clear and objective way. Responsibilities - Understanding the business requirements so as to formulate the proble…",IT Jobs,2021-10-24T04:00:25Z,https://www.adzuna.in/details/2572832371?utm_medium=api&utm_source=3a1fdfd4,"bitclass, a vc funded startup (backed by the investors or unacademy, doubtnut, sharechat, meesho among others) in the domain of edtech, is looking for a data analyst to help in making better business decisions using information from the available data. the responsibility is to gather and prepare data from multiple sources, run statistical analyses, and communicate your findings in a clear and objective way. responsibilities - understanding the business requirements so as to formulate the proble…",[],0,
data analyst,Data Analyst,American Technology Consulting,India,,,"The Data Analyst validates and analyzes a variety of agency data sources to garner public health insight. The incumbent will produce reports and support data-related activities for the several divisions. In addition, this role will assist with curation and analysis of various other datasets and assist teams with integrating new data and information into existing and new reports. JOB DUTIES • Serves as project lead/subject matter expert for specific data sources, as assigned • Reviews and provid…",IT Jobs,2026-02-17T08:34:58Z,https://www.adzuna.in/details/5632672075?utm_medium=api&utm_source=3a1fdfd4,"the data analyst validates and analyzes a variety of agency data sources to garner public health insight. the incumbent will produce reports and support data-related activities for the several divisions. in addition, this role will assist with curation and analysis of various other datasets and assist teams with integrating new data and information into existing and new reports. job duties • serves as project lead/subject matter expert for specific data sources, as assigned • reviews and provid…",[],0,
data analyst,Data Analyst,Stantec,"Pune, Maharashtra",,,"Description Your Opportunity We have an exciting opportunity for a Data Analyst to join our team in India. In this role, you will develop insights that enhance our understanding of Stantec’s growth and business performance. This includes building dashboards and analyses that support enterprise-level programs across sales, business development, pursuits, marketing, and growth programs. You will work in an agile delivery model, contributing through structured sprint cycles and collaborating close…",IT Jobs,2026-07-24T03:19:37Z,https://www.adzuna.in/details/5812803832?utm_medium=api&utm_source=3a1fdfd4,"description your opportunity we have an exciting opportunity for a data analyst to join our team in india. in this role, you will develop insights that enhance our understanding of stantec’s growth and business performance. this includes building dashboards and analyses that support enterprise-level programs across sales, business development, pursuits, marketing, and growth programs. you will work in an agile delivery model, contributing through structured sprint cycles and collaborating close…",[],0,
data analyst,Data Analyst,Amazon,"Bangalore, Karnataka",0.0,800000.0,"Data Analyst Job Description : About GlowRoad: GlowRoad is building India's most profitable social e-commerce platform where resellers share the catalog of products through their network on Facebook, Whatsapp, Instagram, etc and convert them to sales. GlowRoad is on a mission to create micro-entrepreneurs (resellers) who can set up their web-store, market their products and track all transactions through its platform. GlowRoad app has 15M downloads and 1- million  MAU's.- GlowRoad has been fund…",IT Jobs,2021-11-12T04:18:09Z,https://www.adzuna.in/details/2635526340?utm_medium=api&utm_source=3a1fdfd4,"data analyst job description : about glowroad: glowroad is building india's most profitable social e-commerce platform where resellers share the catalog of products through their network on facebook, whatsapp, instagram, etc and convert them to sales. glowroad is on a mission to create micro-entrepreneurs (resellers) who can set up their web-store, market their products and track all transactions through its platform. glowroad app has 15m downloads and 1- million mau's.- glowroad has been fund…",[],0,
data analyst,Data Analyst,Novel Office,"Kolkata, West Bengal",,,"Job description Proactively analyse data using statistical methods to answer key questions from stakeholders or out of self-initiated curiosity with an eye for what drives business performance, investigating and communicating areas for improvement in efficiency and productivity Create and maintain rich interactive visualizations through data interpretation and analysis integrating various reporting components from multiple data sources Data mining using advance excel formulas Work closely with …",IT Jobs,2026-07-11T07:19:21Z,https://www.adzuna.in/details/5796410882?utm_medium=api&utm_source=3a1fdfd4,"job description proactively analyse data using statistical methods to answer key questions from stakeholders or out of self-initiated curiosity with an eye for what drives business performance, investigating and communicating areas for improvement in efficiency and productivity create and maintain rich interactive visualizations through data interpretation and analysis integrating various reporting components from multiple data sources data mining using advance excel formulas work closely with …",['excel'],1,excel
data analyst,Data Analyst,Novel Office,"Hyderabad, Telangana",,,"Job description Proactively analyse data using statistical methods to answer key questions from stakeholders or out of self-initiated curiosity with an eye for what drives business performance, investigating and communicating areas for improvement in efficiency and productivity Create and maintain rich interactive visualizations through data interpretation and analysis integrating various reporting components from multiple data sources Data mining using advance excel formulas Work closely with …",IT Jobs,2026-07-11T07:19:21Z,https://www.adzuna.in/details/5796410881?utm_medium=api&utm_source=3a1fdfd4,"job description proactively analyse data using statistical methods to answer key questions from stakeholders or out of self-initiated curiosity with an eye for what drives business performance, investigating and communicating areas for improvement in efficiency and productivity create and maintain rich interactive visualizations through data interpretation and analysis integrating various reporting components from multiple data sources data mining using advance excel formulas work closely with …",['excel'],1,excel
data analyst,Data Analyst,Proof-of-Skill,"Mumbai, Maharashtra",600000.0,1000000.0,"Company Overview Proof-of-Skill is transforming the job market by emphasizing skill-based evaluations. By offering verifiable proof of candidates' skills through expert-reviewed assignments, it aims to make hiring efficient and inclusive. The company operates with a small team, headquartered in Mumbai, in the Technology, Information, and Internet industry. Learn more at proofofskill.org. Job Overview We are seeking a Data Analyst for a full-time role at Proof-of-Skill. This is a remote role. Yo…",IT Jobs,2026-05-26T06:36:53Z,https://www.adzuna.in/details/5740849450?utm_medium=api&utm_source=3a1fdfd4,"company overview proof-of-skill is transforming the job market by emphasizing skill-based evaluations. by offering verifiable proof of candidates' skills through expert-reviewed assignments, it aims to make hiring efficient and inclusive. the company operates with a small team, headquartered in mumbai, in the technology, information, and internet industry. learn more at proofofskill.org. job overview we are seeking a data analyst for a full-time role at proof-of-skill. this is a remote role. yo…",[],0,
data analyst,Data Analyst,Rockwell Automation,India,,,"Rockwell Automation is a global technology leader focused on helping the world’s manufacturers be more productive, sustainable, and agile. With more than 28,000 employees who make the world better every day, we know we have something special. Behind our customers - amazing companies that help feed the world, provide life-saving medicine on a global scale, and focus on clean water and green mobility - our people are energized problem solvers that take pride in how the work we do changes the worl…",IT Jobs,2026-05-16T02:25:41Z,https://www.adzuna.in/details/5730766599?utm_medium=api&utm_source=3a1fdfd4,"rockwell automation is a global technology leader focused on helping the world’s manufacturers be more productive, sustainable, and agile. with more than 28,000 employees who make the world better every day, we know we have something special. behind our customers - amazing companies that help feed the world, provide life-saving medicine on a global scale, and focus on clean water and green mobility - our people are energized problem solvers that take pride in how the work we do changes the worl…",[],0,
data analyst,Data Analyst,DXC Technology,India,,,"Job Description: Responsibilities as the Data/Business Analyst: Analyzing the as-is data structures and mapping to new to-be data structures Writing high quality, testable user stories to ensure that these can be estimated, delivered by developers and used to define test automation and which. Analyzing, understanding and documenting existing system behavior, including data mapping and transformation to support integration design as well as identification of system features and data requirements…",IT Jobs,2026-07-16T03:13:00Z,https://www.adzuna.in/details/5801689927?utm_medium=api&utm_source=3a1fdfd4,"job description: responsibilities as the data/business analyst: analyzing the as-is data structures and mapping to new to-be data structures writing high quality, testable user stories to ensure that these can be estimated, delivered by developers and used to define test automation and which. analyzing, understanding and documenting existing system behavior, including data mapping and transformation to support integration design as well as identification of system features and data requirements…",[],0,
data analyst,Data Analyst,Extramarks,"Noida, Ghaziabad",0.0,1000000.0,Required Experience · 3 years of relevant technical experience as a data analyst role · Intermediate / expert skills with SQL and basic statistics · Experience in Advance SQL · Python programming- Added advantage · Strong problem solving and structuring skills · Automation in connecting various sources to the data and representing it through various dashboards · Excellent with Numbers and communicate data points through various reports/templates · Ability to communicate effectively internally a…,IT Jobs,2022-01-30T04:34:28Z,https://www.adzuna.in/details/2853928118?utm_medium=api&utm_source=3a1fdfd4,required experience · 3 years of relevant technical experience as a data analyst role · intermediate / expert skills with sql and basic statistics · experience in advance sql · python programming- added advantage · strong problem solving and structuring skills · automation in connecting various sources to the data and representing it through various dashboards · excellent with numbers and communicate data points through various reports/templates · ability to communicate effectively internally a…,"['python', 'sql', 'excel', 'statistics']",4,"python, sql, excel, statistics"
data analyst,Data Analyst,Arcana Analytics,India,,,"Arcana is a portfolio intelligence platform used by hedge funds and asset managers to analyze performance and risk. We’re rethinking the tools institutional investors rely on—and we’re hiring analysts who want to help drive that transformation. We are looking for a Data Analyst to work with large-scale financial datasets, ensure high data quality, and deliver actionable insights through dashboards and reports. The role focuses on building and maintaining robust data quality frameworks and colla…",IT Jobs,2026-01-26T00:36:10Z,https://www.adzuna.in/details/5600377478?utm_medium=api&utm_source=3a1fdfd4,"arcana is a portfolio intelligence platform used by hedge funds and asset managers to analyze performance and risk. we’re rethinking the tools institutional investors rely on—and we’re hiring analysts who want to help drive that transformation. we are looking for a data analyst to work with large-scale financial datasets, ensure high data quality, and deliver actionable insights through dashboards and reports. the role focuses on building and maintaining robust data quality frameworks and colla…",[],0,
data analyst,Data Analyst,Topcoder,"Noida, Ghaziabad",,,"Position Overview We are seeking a detail-oriented Data Analyst who will ensure that organizational data is accurately transformed, validated, and prepared for downstream consumption. Key Responsibilities Data Transformation & Integration Design, develop, and maintain ETL/ELT pipelines to consolidate data from disparate systems (databases, APIs, flat files) Apply business logic to normalize, enrich, and standardize incoming datasets Data Quality Assurance Implement validation rules and automate…",IT Jobs,2026-01-09T00:41:11Z,https://www.adzuna.in/details/5574398026?utm_medium=api&utm_source=3a1fdfd4,"position overview we are seeking a detail-oriented data analyst who will ensure that organizational data is accurately transformed, validated, and prepared for downstream consumption. key responsibilities data transformation & integration design, develop, and maintain etl/elt pipelines to consolidate data from disparate systems (databases, apis, flat files) apply business logic to normalize, enrich, and standardize incoming datasets data quality assurance implement validation rules and automate…",['etl'],1,etl
data analyst,Data Analyst,Wissen Technology,"Mumbai, Maharashtra",,,"Description of Role: We are looking for a career-minded professional with global perspective to join the Mumbai based Data & Analytics Group (DAG). Key responsibilities: As part of the Data & Analytics Group (DAG) and reporting to the Head of the India DAG locally, the individual is responsible for the following – 1.Review, analyze, and resolve data quality issues for enterprise core data in the IM Data Warehouse. 2.Coordinate with data owners and other teams to identify root-cause of data qual…",IT Jobs,2025-05-23T06:51:59Z,https://www.adzuna.in/details/5211779279?utm_medium=api&utm_source=3a1fdfd4,"description of role: we are looking for a career-minded professional with global perspective to join the mumbai based data & analytics group (dag). key responsibilities: as part of the data & analytics group (dag) and reporting to the head of the india dag locally, the individual is responsible for the following – 1.review, analyze, and resolve data quality issues for enterprise core data in the im data warehouse. 2.coordinate with data owners and other teams to identify root-cause of data qual…",[],0,
data analyst,Data Analyst,Wipzo Systech Private Limited,"Pune, Maharashtra",,,"Job description Role: Data Analyst Number of open positions: 5 Location: Pune / Gurgaon/ Bengaluru Must-Have: - 6  years of work experience in large-scale Data applications doing Data Analysis, Data Mapping, Data Modelling and Data Transformations . Experience in Snowflake, Any relational DB Very good Verbal & Written communication & tracking skills Strong SQL , business requirement gatherings , S ource-to-target mappings (STTM) writing Should have exposure to data consolidation, transformation…",IT Jobs,2026-06-12T06:50:30Z,https://www.adzuna.in/details/5760748165?utm_medium=api&utm_source=3a1fdfd4,"job description role: data analyst number of open positions: 5 location: pune / gurgaon/ bengaluru must-have: - 6 years of work experience in large-scale data applications doing data analysis, data mapping, data modelling and data transformations . experience in snowflake, any relational db very good verbal & written communication & tracking skills strong sql , business requirement gatherings , s ource-to-target mappings (sttm) writing should have exposure to data consolidation, transformation…","['sql', 'communication']",2,"sql, communication"
data analyst,Data Analyst,Stellaspire,"Bangalore, Karnataka",,,"Designation - Data Analyst (2years’ Experience) Location - Bangalore Position - Full-Time (No Hybrid) About Us AI ML Startup set up in 2015 which is in the domain of power, banking, agriculture sector etc. and working directly with Karnataka Govt to offer insights and decisions. Company website: - https://quenext.com/ You will be part of the team that is delivering large transformational projects to energy utilities, banks and government bodies utilizing our in-house patented AI driven products…",IT Jobs,2025-08-08T17:22:09Z,https://www.adzuna.in/details/5343634247?utm_medium=api&utm_source=3a1fdfd4,"designation - data analyst (2years’ experience) location - bangalore position - full-time (no hybrid) about us ai ml startup set up in 2015 which is in the domain of power, banking, agriculture sector etc. and working directly with karnataka govt to offer insights and decisions. company website: - https://quenext.com/ you will be part of the team that is delivering large transformational projects to energy utilities, banks and government bodies utilizing our in-house patented ai driven products…",[],0,
data analyst,Data Analyst,Colruyt IT Consultancy India,"Coimbatore, Tamil Nadu",,,"Job Summary: We are seeking a highly skilled Senior Data Analyst with8-10 years of experience to join our dynamic team. The ideal candidate will utilize their expertise in data analysis, visualization, and business intelligence to support data-driven decision-making across the organization. You will be responsible for transforming data into actionable insights that drive business strategies and improve operational efficiency. Key Responsibilities: Data Collection & Preparation: - Collect, clean…",IT Jobs,2026-07-23T07:24:16Z,https://www.adzuna.in/details/5811736900?utm_medium=api&utm_source=3a1fdfd4,"job summary: we are seeking a highly skilled senior data analyst with8-10 years of experience to join our dynamic team. the ideal candidate will utilize their expertise in data analysis, visualization, and business intelligence to support data-driven decision-making across the organization. you will be responsible for transforming data into actionable insights that drive business strategies and improve operational efficiency. key responsibilities: data collection & preparation: - collect, clean…",[],0,
data analyst,Data Analyst,Colruyt IT Consultancy India,"Hyderabad, Telangana",,,"Job Summary: We are seeking a highly skilled Senior Data Analyst with8-10 years of experience to join our dynamic team. The ideal candidate will utilize their expertise in data analysis, visualization, and business intelligence to support data-driven decision-making across the organization. You will be responsible for transforming data into actionable insights that drive business strategies and improve operational efficiency. Key Responsibilities: Data Collection & Preparation: - Collect, clean…",IT Jobs,2026-07-23T07:24:16Z,https://www.adzuna.in/details/5811736899?utm_medium=api&utm_source=3a1fdfd4,"job summary: we are seeking a highly skilled senior data analyst with8-10 years of experience to join our dynamic team. the ideal candidate will utilize their expertise in data analysis, visualization, and business intelligence to support data-driven decision-making across the organization. you will be responsible for transforming data into actionable insights that drive business strategies and improve operational efficiency. key responsibilities: data collection & preparation: - collect, clean…",[],0,
data analyst,Data Analyst,Jobgether,India,,,"This position is listed on behalf of a partner company, who manages all applications and next steps. Our partner is looking for a Data Analyst based in India. This role is an excellent opportunity to drive business decisions through data, analytics, and automation. You will work closely with technical and business stakeholders to develop dashboards, optimize reporting systems, and build scalable data solutions that improve operational performance. Combining business intelligence, AI, and cloud …",IT Jobs,2026-07-25T03:14:16Z,https://www.adzuna.in/details/5814399873?utm_medium=api&utm_source=3a1fdfd4,"this position is listed on behalf of a partner company, who manages all applications and next steps. our partner is looking for a data analyst based in india. this role is an excellent opportunity to drive business decisions through data, analytics, and automation. you will work closely with technical and business stakeholders to develop dashboards, optimize reporting systems, and build scalable data solutions that improve operational performance. combining business intelligence, ai, and cloud …","['excel', 'scala']",2,"excel, scala"
data analyst,Data Analyst,ICAD school of Learning,"Nagpur, Maharashtra",500000.0,800000.0,"Job Summary The Data Analyst is required to Data capture, data cleaning, data preparation, data management and data analysis and interpretations required by the Business. Handle data factory with precision and confidentiality. The role is crucial for providing actionable insights to improve teaching quality, enhance student performance, optimize business operations, and drive growth. Essential Job Responsibilities: Academic Data Analysis · Analyze student performance data from internal assessme…",IT Jobs,2025-09-02T07:56:40Z,https://www.adzuna.in/details/5379021882?utm_medium=api&utm_source=3a1fdfd4,"job summary the data analyst is required to data capture, data cleaning, data preparation, data management and data analysis and interpretations required by the business. handle data factory with precision and confidentiality. the role is crucial for providing actionable insights to improve teaching quality, enhance student performance, optimize business operations, and drive growth. essential job responsibilities: academic data analysis · analyze student performance data from internal assessme…",[],0,
data analyst,Data Analyst,Gainwell Technologies,"Bangalore, Karnataka",,,"Summary As a Data Analyst at Gainwell, you will contribute your skills as we harness the power of technology. Connect your passion with purpose by contributing to a team that plays a crucial role in supporting our financial analysis and reporting needs. You will build new reports, monitor key financial metrics, and provide insights to assist management in decision-making. This role is strictly involved in business analysis, requirements documentation, and healthcare reference data support activ…",IT Jobs,2026-07-20T16:01:25Z,https://www.adzuna.in/details/5808003668?utm_medium=api&utm_source=3a1fdfd4,"summary as a data analyst at gainwell, you will contribute your skills as we harness the power of technology. connect your passion with purpose by contributing to a team that plays a crucial role in supporting our financial analysis and reporting needs. you will build new reports, monitor key financial metrics, and provide insights to assist management in decision-making. this role is strictly involved in business analysis, requirements documentation, and healthcare reference data support activ…",[],0,
data analyst,Data Analyst,Equitas Small Finance Bank,India,,,"Role Overview We are looking for a detail?oriented Data Analytics & Exception Monitoring Analyst to support data?driven decision?making, proactively identify exceptions, and work closely with technical teams to resolve system issues and drive continuous improvements. The role combines data analysis, dashboarding, exception tracking, and coordination on technical fixes , making it ideal for candidates with strong analytical skills and hands?on experience in Excel, SQL, and Power BI.",IT Jobs,2026-05-09T01:58:47Z,https://www.adzuna.in/details/5723273576?utm_medium=api&utm_source=3a1fdfd4,"role overview we are looking for a detail?oriented data analytics & exception monitoring analyst to support data?driven decision?making, proactively identify exceptions, and work closely with technical teams to resolve system issues and drive continuous improvements. the role combines data analysis, dashboarding, exception tracking, and coordination on technical fixes , making it ideal for candidates with strong analytical skills and hands?on experience in excel, sql, and power bi.","['sql', 'excel', 'power bi']",3,"sql, excel, power bi"
data analyst,Data Analyst,Technogen,"Bangalore, Karnataka",,,Job Code : JPC – 36740 We are looking for a creative data analyst who has strong experience in both data visualization and data workflow construction Analyst must be proficient in both Hadoop and Alteryx (Hadoop certification required) Analyst must have experience working with senior leadership to both comprehend and produce desired outputs Experience building Hadoop dashboards showing multiple visual views of performance with easy drill down capability Preferred candidate will be well versed i…,IT Jobs,2025-12-01T22:55:55Z,https://www.adzuna.in/details/5522126592?utm_medium=api&utm_source=3a1fdfd4,job code : jpc – 36740 we are looking for a creative data analyst who has strong experience in both data visualization and data workflow construction analyst must be proficient in both hadoop and alteryx (hadoop certification required) analyst must have experience working with senior leadership to both comprehend and produce desired outputs experience building hadoop dashboards showing multiple visual views of performance with easy drill down capability preferred candidate will be well versed i…,"['hadoop', 'data visualization']",2,"hadoop, data visualization"
data analyst,Data Analyst,Clinton Health Access Initiative,"Bhopal, Madhya Pradesh",300000.0,400000.0,"The Clinton Health Access Initiative, Inc. (CHAI) is a global health organization committed to saving lives and reducing the burden of disease in low-and middle-income countries, while strengthening the capabilities of governments and the private sector in those countries to create and sustain high-quality health systems that can succeed without our assistance. For more information, please visit: http://www.clintonhealthaccess.org In India, CHAI has worked on various initiatives with the Nation…",Admin Jobs,2024-12-25T11:57:39Z,https://www.adzuna.in/details/4988851694?utm_medium=api&utm_source=3a1fdfd4,"the clinton health access initiative, inc. (chai) is a global health organization committed to saving lives and reducing the burden of disease in low-and middle-income countries, while strengthening the capabilities of governments and the private sector in those countries to create and sustain high-quality health systems that can succeed without our assistance. for more information, please visit: http://www.clintonhealthaccess.org in india, chai has worked on various initiatives with the nation…",[],0,
data analyst,Data Analyst,Space Stem,"Ahmedabad, Gujarat",,,"Skills SQL knowledge for data querying and manipulation. Experience in retail, loyalty, e-commerce, or customer analytics environments. Familiarity with ETL processes and data pipeline concepts. Exposure to custom dashboard development or modern BI platforms. Basic understanding of JavaScript, APIs, or cloud-based analytics solutions. Essential 2–5 years of experience in a Data Analyst, BI Analyst, or Reporting Analyst role. Advanced Microsoft Excel skills (pivot tables, complex formulas, model…",IT Jobs,2026-07-16T15:11:19Z,https://www.adzuna.in/details/5802675020?utm_medium=api&utm_source=3a1fdfd4,"skills sql knowledge for data querying and manipulation. experience in retail, loyalty, e-commerce, or customer analytics environments. familiarity with etl processes and data pipeline concepts. exposure to custom dashboard development or modern bi platforms. basic understanding of javascript, apis, or cloud-based analytics solutions. essential 2–5 years of experience in a data analyst, bi analyst, or reporting analyst role. advanced microsoft excel skills (pivot tables, complex formulas, model…","['sql', 'excel', 'etl', 'java']",4,"sql, excel, etl, java"
data analyst,Data Analyst,Mantras2Success,"Ahmedabad, Gujarat",,,"Job Description: Position Summary: We are seeking a meticulous and skilled MIS/data analyst to join our team. The ideal candidate will be proficient in advanced Excel and Google Sheets, adept at using complex formulas, and capable of transferring data from CRM software such as Skynamo, Freshsales, and Xero into Google Sheets. The role involves creating insightful dashboards and revenue models to support data-driven decision-making. Key Responsibilities: Data Management: Transfer and manage data…",IT Jobs,2026-05-14T02:05:21Z,https://www.adzuna.in/details/5728267279?utm_medium=api&utm_source=3a1fdfd4,"job description: position summary: we are seeking a meticulous and skilled mis/data analyst to join our team. the ideal candidate will be proficient in advanced excel and google sheets, adept at using complex formulas, and capable of transferring data from crm software such as skynamo, freshsales, and xero into google sheets. the role involves creating insightful dashboards and revenue models to support data-driven decision-making. key responsibilities: data management: transfer and manage data…",['excel'],1,excel
data analyst,Data Analyst,Scopely,India,,,"Scopely is looking for a Data Analyst to join Bingo Bash team in Bangalore on a hybrid basis! At Scopely, we care deeply about what we do and want to inspire play, every day - whether in our work environments alongside our talented colleagues, or through our deep connections with our communities of players. We are a global team of game lovers who are developing, publishing and innovating the mobile games industry, connecting millions of people around the world daily. Bingo Bash is a highly inte…",IT Jobs,2026-06-18T03:18:12Z,https://www.adzuna.in/details/5767170878?utm_medium=api&utm_source=3a1fdfd4,"scopely is looking for a data analyst to join bingo bash team in bangalore on a hybrid basis! at scopely, we care deeply about what we do and want to inspire play, every day - whether in our work environments alongside our talented colleagues, or through our deep connections with our communities of players. we are a global team of game lovers who are developing, publishing and innovating the mobile games industry, connecting millions of people around the world daily. bingo bash is a highly inte…",[],0,
data analyst,Data Analyst,ComCap Holdings LLC,India,,,"This position is suitable for someone with 3-4 years of data analysis experience, specifically who also has experience with contact sourcing and email verification, as well as HubSpot database management tools. Duties and responsibilities: 1. Gathering relevant company contact information, such as email addresses, job titles, and external and URLs (i.e. LinkedIn), for cold outreach and marketing campaigns 2. Ensuring 100% data quality and accuracy, meticulously verifying the accuracy of the dat…","PR, Advertising & Marketing Jobs",2025-12-25T00:33:35Z,https://www.adzuna.in/details/5554510912?utm_medium=api&utm_source=3a1fdfd4,"this position is suitable for someone with 3-4 years of data analysis experience, specifically who also has experience with contact sourcing and email verification, as well as hubspot database management tools. duties and responsibilities: 1. gathering relevant company contact information, such as email addresses, job titles, and external and urls (i.e. linkedin), for cold outreach and marketing campaigns 2. ensuring 100% data quality and accuracy, meticulously verifying the accuracy of the dat…",[],0,
data analyst,Data Analyst,DAZN,"Hyderabad, Telangana",,,"Is your next career move to work in a team which uses data, reporting and analytical skills to help answer business questions to make DAZN a data-driven company? DAZN is a tech-first sport streaming platform that reaches millions of users every week. We are challenging a traditional industry and giving power back to the fans. Our new Hyderabad tech hub will be the engine that drives us forward to the future. We’re pushing boundaries and doing things no-one has done before. Here, you have the op…",IT Jobs,2023-06-18T16:46:34Z,https://www.adzuna.in/details/4158049546?utm_medium=api&utm_source=3a1fdfd4,"is your next career move to work in a team which uses data, reporting and analytical skills to help answer business questions to make dazn a data-driven company? dazn is a tech-first sport streaming platform that reaches millions of users every week. we are challenging a traditional industry and giving power back to the fans. our new hyderabad tech hub will be the engine that drives us forward to the future. we’re pushing boundaries and doing things no-one has done before. here, you have the op…",[],0,
data analyst,Data Analyst,Immunogen Pharmaceutical,"Bangalore, Karnataka",,,"About Immunogen Targeting a better life for people with cancer is why we get up in the morning. It’s not enough to disrupt the progress of someone’s cancer; we want to keep cancer from disrupting someone’s life. That’s why everything we do is about developing the most precise, targeted cancer therapies. We believe this is the best way to get people back to their lives – back to living today, tomorrow, and beyond. For us, targeting a better now is the only thing that matters. About the role Canc…",IT Jobs,2024-07-31T03:15:22Z,https://www.adzuna.in/details/4801558701?utm_medium=api&utm_source=3a1fdfd4,"about immunogen targeting a better life for people with cancer is why we get up in the morning. it’s not enough to disrupt the progress of someone’s cancer; we want to keep cancer from disrupting someone’s life. that’s why everything we do is about developing the most precise, targeted cancer therapies. we believe this is the best way to get people back to their lives – back to living today, tomorrow, and beyond. for us, targeting a better now is the only thing that matters. about the role canc…",[],0,
data analyst,Data Analyst,Easemytrip com,"Navi Mumbai, Maharashtra",,,"About the Role As a Data Analyst at EaseMyTrip.com, you will be crucial in analyzing travel data to drive business insights and decisions. Your role involves harnessing large sets of data to identify trends, forecast demand, and optimize our services to enhance customer satisfaction. You will collaborate closely with various departments, including marketing, sales, and customer service, to support our mission of delivering exceptional travel experiences. This position is key to driving data-dri…",IT Jobs,2026-07-11T07:17:33Z,https://www.adzuna.in/details/5796404047?utm_medium=api&utm_source=3a1fdfd4,"about the role as a data analyst at easemytrip.com, you will be crucial in analyzing travel data to drive business insights and decisions. your role involves harnessing large sets of data to identify trends, forecast demand, and optimize our services to enhance customer satisfaction. you will collaborate closely with various departments, including marketing, sales, and customer service, to support our mission of delivering exceptional travel experiences. this position is key to driving data-dri…",[],0,
data analyst,Data Analyst,Amagi Media Labs,"Bangalore, Karnataka",1000000.0,2000000.0,"Data Analyst Job Description Summary Are you passionate about handling large & complex data problems, want to make an impact and have the desire to work on ground-breaking big data technologies? Then we are looking for you. At Amagi, great ideas have a way of becoming great products, services, and customer experiences very quickly. Bring passion and dedication to your job and there's no telling what you could accomplish. Would you like to work in a fast-paced environment where your technical ab…",IT Jobs,2022-01-21T04:29:35Z,https://www.adzuna.in/details/2830210357?utm_medium=api&utm_source=3a1fdfd4,"data analyst job description summary are you passionate about handling large & complex data problems, want to make an impact and have the desire to work on ground-breaking big data technologies? then we are looking for you. at amagi, great ideas have a way of becoming great products, services, and customer experiences very quickly. bring passion and dedication to your job and there's no telling what you could accomplish. would you like to work in a fast-paced environment where your technical ab…",['big data'],1,big data
data analyst,Data Analyst,Delhivery,"Gurgaon, Haryana",,,"Role & Responsibilities: Utilize SQL to query, extract, and manipulate large datasets from relational databases to generate insightful reports and analyses. Use Python for data analysis, data cleaning, and automation tasks, including libraries like Pandas, NumPy, and Matplotlib. Create and maintain interactive dashboards and visualizations using tools like Tableau , Power BI , or similar. Conduct statistical analysis to identify trends, patterns, and insights in large datasets. Work with busine…",IT Jobs,2026-07-01T07:15:56Z,https://www.adzuna.in/details/5782687819?utm_medium=api&utm_source=3a1fdfd4,"role & responsibilities: utilize sql to query, extract, and manipulate large datasets from relational databases to generate insightful reports and analyses. use python for data analysis, data cleaning, and automation tasks, including libraries like pandas, numpy, and matplotlib. create and maintain interactive dashboards and visualizations using tools like tableau , power bi , or similar. conduct statistical analysis to identify trends, patterns, and insights in large datasets. work with busine…","['python', 'sql', 'power bi', 'tableau', 'pandas', 'numpy']",6,"python, sql, power bi, tableau, pandas, numpy"
data analyst,Data Analyst,Coupand,"Bangalore, Karnataka",,,"Company Introduction We exist to wow our customers. We know we’re doing the right thing when we hear our customers say, “How did I ever live without Coupang?” Born out of an obsession to make shopping, eating, and living easier than ever, we’re collectively disrupting the multi-billion-dollar e-commerce industry from the ground up. We are one of the fastest-growing e-commerce companies that established an unparalleled reputation for being a dominant and reliable force in South Korean commerce. …",IT Jobs,2026-06-29T02:43:50Z,https://www.adzuna.in/details/5780534140?utm_medium=api&utm_source=3a1fdfd4,"company introduction we exist to wow our customers. we know we’re doing the right thing when we hear our customers say, “how did i ever live without coupang?” born out of an obsession to make shopping, eating, and living easier than ever, we’re collectively disrupting the multi-billion-dollar e-commerce industry from the ground up. we are one of the fastest-growing e-commerce companies that established an unparalleled reputation for being a dominant and reliable force in south korean commerce. …",[],0,
data analyst,Data Analyst,Epsilon,"Bangalore, Karnataka",,,"Overview About Business Unit: The Automotive Practice at Epsilon is a rapidly growing team, driving growth for major players in the automotive industry - from Original Equipment Manufacturers (OEMs) to dealerships across North America. Part of a 1,600-member multinational team, the practice provides the automotive world’s largest service reminder platform, alongside agency services and digital media solutions. A leader in the automotive space, the team supports over 50% of auto dealerships in N…",IT Jobs,2026-07-06T15:04:16Z,https://www.adzuna.in/details/5789810547?utm_medium=api&utm_source=3a1fdfd4,"overview about business unit: the automotive practice at epsilon is a rapidly growing team, driving growth for major players in the automotive industry - from original equipment manufacturers (oems) to dealerships across north america. part of a 1,600-member multinational team, the practice provides the automotive world’s largest service reminder platform, alongside agency services and digital media solutions. a leader in the automotive space, the team supports over 50% of auto dealerships in n…",['git'],1,git
data analyst,Data Analyst,Ameriprise,India,,,"About Our Company Ameriprise India LLP has been providing client based financial solutions to help clients plan and achieve their financial objectives for 20 years. We are part of Ameriprise Financial Inc., a US financial planning company headquartered in Minneapolis with a global presence and diversified financial services leader with more than $1.5 trillion in assets under management, administration and advisement as of year-end 2024. The firm’s focus areas include Asset Management and Advice…",Accounting & Finance Jobs,2026-07-18T03:10:17Z,https://www.adzuna.in/details/5805297037?utm_medium=api&utm_source=3a1fdfd4,"about our company ameriprise india llp has been providing client based financial solutions to help clients plan and achieve their financial objectives for 20 years. we are part of ameriprise financial inc., a us financial planning company headquartered in minneapolis with a global presence and diversified financial services leader with more than $1.5 trillion in assets under management, administration and advisement as of year-end 2024. the firm’s focus areas include asset management and advice…",[],0,
data analyst,Data Analyst,Hudson Data,India,900000.0,1200000.0,"About Hudson Data At Hudson Data, we view AI as both an art and a science. Our cross-functional teams — spanning business leaders, data scientists, and engineers — blend AI/ML and Big Data technologies to solve real-world business challenges. We harness predictive analytics to uncover new revenue opportunities, optimize operational efficiency, and enable data-driven transformation for our clients. Beyond traditional AI/ML consulting, we actively collaborate with academic and industry partners t…",IT Jobs,2026-01-18T10:53:59Z,https://www.adzuna.in/details/5590143347?utm_medium=api&utm_source=3a1fdfd4,"about hudson data at hudson data, we view ai as both an art and a science. our cross-functional teams — spanning business leaders, data scientists, and engineers — blend ai/ml and big data technologies to solve real-world business challenges. we harness predictive analytics to uncover new revenue opportunities, optimize operational efficiency, and enable data-driven transformation for our clients. beyond traditional ai/ml consulting, we actively collaborate with academic and industry partners t…",['big data'],1,big data
data analyst,Data Analyst ||,Diversey,"Hyderabad, Telangana",,,"Solenis is a leading global provider of water and hygiene solutions. The company’s product portfolio includes a broad array of water treatment chemistries, process aids, functional additives, cleaners, disinfectants, and state-of-the-art monitoring, control and delivery systems. These technologies are used by customers to improve operational efficiencies, enhance product quality, protect plant assets, minimize environmental impact, and create cleaner and safer environments. Headquartered in Wil…",Accounting & Finance Jobs,2026-07-14T03:23:44Z,https://www.adzuna.in/details/5799158393?utm_medium=api&utm_source=3a1fdfd4,"solenis is a leading global provider of water and hygiene solutions. the company’s product portfolio includes a broad array of water treatment chemistries, process aids, functional additives, cleaners, disinfectants, and state-of-the-art monitoring, control and delivery systems. these technologies are used by customers to improve operational efficiencies, enhance product quality, protect plant assets, minimize environmental impact, and create cleaner and safer environments. headquartered in wil…",[],0,
data analyst,Data Analyst,CONTUS TECH,"Chennai, Tamil Nadu",,,"Required Skills: Bachelor s degree in Computer Science, Engineering or Information Technology. Minimum of 5 year s experience in Business Intelligence or Information Management Advanced SQL skills Strong communication skills across all mediums and audience types (technical, business, executive, etc.) Have a keen eye for visual aesthetics Passion for data analysis and solving problems with data Strong analytical mind-set and ability to use data and logic to create solutions to solve customer pro…",IT Jobs,2026-06-11T06:55:02Z,https://www.adzuna.in/details/5759289185?utm_medium=api&utm_source=3a1fdfd4,"required skills: bachelor s degree in computer science, engineering or information technology. minimum of 5 year s experience in business intelligence or information management advanced sql skills strong communication skills across all mediums and audience types (technical, business, executive, etc.) have a keen eye for visual aesthetics passion for data analysis and solving problems with data strong analytical mind-set and ability to use data and logic to create solutions to solve customer pro…","['sql', 'communication']",2,"sql, communication"
data analyst,Data Analyst,Cohere Health,"Hyderabad, Telangana",,,"Opportunity Overview: We are seeking a highly analytical, detail-oriented, and results-driven Data Analyst to join our dynamic Payment Integrity team. This role is critical in transforming complex healthcare claims, provider, operational, and financial data into actionable insights that improve business performance, optimize audit outcomes, and drive operational excellence. The ideal candidate will be highly skilled at uncovering patterns in data, connecting the dots across multiple data source…",Accounting & Finance Jobs,2026-07-12T03:18:11Z,https://www.adzuna.in/details/5797337094?utm_medium=api&utm_source=3a1fdfd4,"opportunity overview: we are seeking a highly analytical, detail-oriented, and results-driven data analyst to join our dynamic payment integrity team. this role is critical in transforming complex healthcare claims, provider, operational, and financial data into actionable insights that improve business performance, optimize audit outcomes, and drive operational excellence. the ideal candidate will be highly skilled at uncovering patterns in data, connecting the dots across multiple data source…",['excel'],1,excel
data analyst,Data Analyst,Barclays,India,,,"Job Description Purpose of the role To develop, implement, and maintain effective governance frameworks for all data and records across the bank's global operations. Accountabilities Development and maintenance of a comprehensive data and records governance framework aligned with regulatory requirements and industry standards. Monitoring data quality and records metrics and compliance with standards across the organization. Identification and addressing of data and records management risks and …",IT Jobs,2026-07-24T03:22:13Z,https://www.adzuna.in/details/5812818986?utm_medium=api&utm_source=3a1fdfd4,"job description purpose of the role to develop, implement, and maintain effective governance frameworks for all data and records across the bank's global operations. accountabilities development and maintenance of a comprehensive data and records governance framework aligned with regulatory requirements and industry standards. monitoring data quality and records metrics and compliance with standards across the organization. identification and addressing of data and records management risks and …",[],0,
data analyst,Data Analyst,Bajaj Finance,India,,,"Job Purpose Responsible for analyzing, transforming, and deriving insights from large-scale data using Databricks and modern data stack technologies. Designs and executes data pipelines using SQL and PySpark on Databricks, leveraging Unity Catalog for data governance and management. Collaborates with cross-functional teams to build data models, perform exploratory analysis, and deliver actionable insights. Optimizes queries on SQL Warehouses, integrates external APIs where needed, and ensures d…",IT Jobs,2026-06-21T02:36:21Z,https://www.adzuna.in/details/5770986895?utm_medium=api&utm_source=3a1fdfd4,"job purpose responsible for analyzing, transforming, and deriving insights from large-scale data using databricks and modern data stack technologies. designs and executes data pipelines using sql and pyspark on databricks, leveraging unity catalog for data governance and management. collaborates with cross-functional teams to build data models, perform exploratory analysis, and deliver actionable insights. optimizes queries on sql warehouses, integrates external apis where needed, and ensures d…","['sql', 'spark']",2,"sql, spark"
data analyst,Data Analyst,Target,"Bangalore, Karnataka",,,"About the Role Join the Data Analytics (DA) team at TII across domains such as Marketing and Digital, Merchandising, Supply Chain and Logistics, Store Operations, Finance and more . Here you'll collaborate with business leaders to turn data into insights that drive strategic decisions. You'll be part of a fast-moving, high-impact environment focused on leveraging business intelligence and advanced analytics to solve real-world problems. This role combines technical expertise with business under…",IT Jobs,2026-07-25T10:49:02Z,https://www.adzuna.in/details/5814997180?utm_medium=api&utm_source=3a1fdfd4,"about the role join the data analytics (da) team at tii across domains such as marketing and digital, merchandising, supply chain and logistics, store operations, finance and more . here you'll collaborate with business leaders to turn data into insights that drive strategic decisions. you'll be part of a fast-moving, high-impact environment focused on leveraging business intelligence and advanced analytics to solve real-world problems. this role combines technical expertise with business under…",['git'],1,git
data analyst,Data Analyst,WPP Production,"Chennai, Tamil Nadu",,,"About WPP Production We are WPP Production - the unified global production company that brings together all of WPP's content producers, studios and craft experts into one connected organisation. We combine world-class human craft with next generation technology to originate, design, and deliver multi-channel content systems at scale. Built for borderless collaboration and powered by deep craft expertise, we are the production engine designed for today's always on, AI driven marketing world. Abo…",IT Jobs,2026-07-10T21:10:41Z,https://www.adzuna.in/details/5795748959?utm_medium=api&utm_source=3a1fdfd4,"about wpp production we are wpp production - the unified global production company that brings together all of wpp's content producers, studios and craft experts into one connected organisation. we combine world-class human craft with next generation technology to originate, design, and deliver multi-channel content systems at scale. built for borderless collaboration and powered by deep craft expertise, we are the production engine designed for today's always on, ai driven marketing world. abo…",[],0,
data analyst,Data Analyst,The Smart Cube,"Noida, Ghaziabad",200000.0,500000.0,"• Act as a lead analyst on various data analytics projects aiding strategic decision making for Fortune 500 / FTSE 100 companies, Blue Chip Consulting Firms and Global Financial Services companies • Understand the client objectives, and work with the PL to design the analytical solution/framework. Be able to translate the client objectives / analytical plan into clear deliverables with associated priorities and constraints • Collect/Organize/Prepare/Manage data for the analysis and conduct qual…",IT Jobs,2019-06-20T23:29:15Z,https://www.adzuna.in/details/1186076365?utm_medium=api&utm_source=3a1fdfd4,"• act as a lead analyst on various data analytics projects aiding strategic decision making for fortune 500 / ftse 100 companies, blue chip consulting firms and global financial services companies • understand the client objectives, and work with the pl to design the analytical solution/framework. be able to translate the client objectives / analytical plan into clear deliverables with associated priorities and constraints • collect/organize/prepare/manage data for the analysis and conduct qual…",[],0,
data analyst,Data Analyst,Falcon Autotech,"Noida, Ghaziabad",400000.0,700000.0,"Strong analytical skills with the ability to collect, organize, analyze, and disseminate significant amounts of information with attention to detail and accuracy Expertise of SQL/PL-SQL -ability to write procedures and create queries for reporting purpose. Must have worked on a reporting tool – Power BI/Tableau etc. Strong knowledge of excel/Google Sheets – must have worked with pivot tables, aggregate functions, logical if conditions. Strong verbal and written communication skills for coordina…",IT Jobs,2022-03-08T05:06:27Z,https://www.adzuna.in/details/2953661450?utm_medium=api&utm_source=3a1fdfd4,"strong analytical skills with the ability to collect, organize, analyze, and disseminate significant amounts of information with attention to detail and accuracy expertise of sql/pl-sql -ability to write procedures and create queries for reporting purpose. must have worked on a reporting tool – power bi/tableau etc. strong knowledge of excel/google sheets – must have worked with pivot tables, aggregate functions, logical if conditions. strong verbal and written communication skills for coordina…","['sql', 'excel', 'power bi', 'tableau', 'communication']",5,"sql, excel, power bi, tableau, communication"
data analyst,Data Analyst,Marktine,"Bangalore, Karnataka",0.0,1500000.0,"Immediate Joiners Preferred NOTE: Working Shift: 11 am - 8 pm IST (/- one hour on need basis) Monday to Friday Responsibilities : 1. Leverage Alteryx to build, maintain, execute and deliver data assets. This entails using data analytics tools (combination of proprietary tools, Excel, and scripting), validating raw data quality, and working with Tableau/ Power BI and other geospatial data visualization applications 2. Analyze large data sets in Alteryx, finding patterns and providing a concise s…",IT Jobs,2021-05-11T13:01:41Z,https://www.adzuna.in/details/2177266370?utm_medium=api&utm_source=3a1fdfd4,"immediate joiners preferred note: working shift: 11 am - 8 pm ist (/- one hour on need basis) monday to friday responsibilities : 1. leverage alteryx to build, maintain, execute and deliver data assets. this entails using data analytics tools (combination of proprietary tools, excel, and scripting), validating raw data quality, and working with tableau/ power bi and other geospatial data visualization applications 2. analyze large data sets in alteryx, finding patterns and providing a concise s…","['excel', 'power bi', 'tableau', 'data visualization']",4,"excel, power bi, tableau, data visualization"
data analyst,Data Analyst,QAgile Services,India,300000.0,500000.0,"Microsoft Fabric, Power BI, Data modelling, ETL, Spark SQL Remote work- 5-7 hours 450 Rs hourly charges Skills:- PowerBI, Data modeling, ETL, Spark, SQL and ELT",IT Jobs,2026-01-31T11:30:48Z,https://www.adzuna.in/details/5607196899?utm_medium=api&utm_source=3a1fdfd4,"microsoft fabric, power bi, data modelling, etl, spark sql remote work- 5-7 hours 450 rs hourly charges skills:- powerbi, data modeling, etl, spark, sql and elt","['sql', 'power bi', 'spark', 'etl']",4,"sql, power bi, spark, etl"
data analyst,Data Analyst,Jobdost,"Mangalore, Dakshin Kannada",800000.0,1000000.0,"Who is an ideal fit for us? We seek professionals who are analytical, demonstrate self-motivation, exhibit a proactive mindset, and possess a strong sense of responsibility and ownership in their work. What will you get to work on? As a member of the Implementation & Analytics team, you will: ● Design, develop, and optimize complex SQL queries to extract, transform, and analyze data ● Create advanced reports and dashboards using SQL, stored procedures, and other reporting tools ● Develop and ma…",IT Jobs,2025-12-01T04:52:26Z,https://www.adzuna.in/details/5520630121?utm_medium=api&utm_source=3a1fdfd4,"who is an ideal fit for us? we seek professionals who are analytical, demonstrate self-motivation, exhibit a proactive mindset, and possess a strong sense of responsibility and ownership in their work. what will you get to work on? as a member of the implementation & analytics team, you will: ● design, develop, and optimize complex sql queries to extract, transform, and analyze data ● create advanced reports and dashboards using sql, stored procedures, and other reporting tools ● develop and ma…",['sql'],1,sql
data analyst,Data Analyst,Vector Labs Tech,India,1200000.0,2100000.0,"Responsibilities: Data Collection and Preparation: Gather data from various sources, including databases, spreadsheets, and APIs. Clean, validate, and transform data to ensure accuracy and consistency. Develop and maintain data pipelines for efficient data processing. Data Analysis and Interpretation: Analyze large datasets to identify trends, patterns, and correlations. Perform statistical analysis and hypothesis testing to validate findings. Develop and implement data models and algorithms to…",IT Jobs,2025-03-26T06:46:55Z,https://www.adzuna.in/details/5111436575?utm_medium=api&utm_source=3a1fdfd4,"responsibilities: data collection and preparation: gather data from various sources, including databases, spreadsheets, and apis. clean, validate, and transform data to ensure accuracy and consistency. develop and maintain data pipelines for efficient data processing. data analysis and interpretation: analyze large datasets to identify trends, patterns, and correlations. perform statistical analysis and hypothesis testing to validate findings. develop and implement data models and algorithms to…",[],0,
data analyst,Data Analyst,Intercept Pharmaceuticals,"Bangalore, Karnataka",,,"About Intercept Pharmaceuticals Intercept Pharmaceuticals, Inc. is an American biopharmaceutical company incorporated in 2002, focusing on the development of novel synthetic bile acid analogs to treat chronic liver diseases, such as primary biliary cirrhosis (PBC) now called primary biliary cholangitis, non-alcoholic fatty liver disease (or non-alcoholic steatohepatitis , NASH), cirrhosis , portal hypertension , primary sclerosing cholangitis and also the intestinal disorder, bile acid diarrhea…",Scientific & QA Jobs,2024-07-31T03:18:00Z,https://www.adzuna.in/details/4801598617?utm_medium=api&utm_source=3a1fdfd4,"about intercept pharmaceuticals intercept pharmaceuticals, inc. is an american biopharmaceutical company incorporated in 2002, focusing on the development of novel synthetic bile acid analogs to treat chronic liver diseases, such as primary biliary cirrhosis (pbc) now called primary biliary cholangitis, non-alcoholic fatty liver disease (or non-alcoholic steatohepatitis , nash), cirrhosis , portal hypertension , primary sclerosing cholangitis and also the intestinal disorder, bile acid diarrhea…",['git'],1,git
data analyst,Data Analyst,Indium Software,"Bangalore, Karnataka",100000.0,1500000.0,"2 years of Analytics with predominant experience in SQL, SAS, Statistics, R , Python, Visualization Experienced in writing complex SQL select queries ( window functions & CTE’s) with advanced SQL experience Should be an individual contributor for initial few months based on project movement team will be aligned Strong in querying logic and data interpretation Solid communication and articulation skills Able to handle stakeholders independently with less interventions of reporting manager Develo…",IT Jobs,2022-11-11T06:35:47Z,https://www.adzuna.in/details/3679469504?utm_medium=api&utm_source=3a1fdfd4,"2 years of analytics with predominant experience in sql, sas, statistics, r , python, visualization experienced in writing complex sql select queries ( window functions & cte’s) with advanced sql experience should be an individual contributor for initial few months based on project movement team will be aligned strong in querying logic and data interpretation solid communication and articulation skills able to handle stakeholders independently with less interventions of reporting manager develo…","['python', 'sql', 'statistics', 'communication']",4,"python, sql, statistics, communication"
data analyst,Data Analyst,Millions Advisory,"Pune, Maharashtra",500000.0,1700000.0,"Must have 5-8 years of experience in handling data Must have the ability to interpret large amounts of data and to multi-task Must have strong knowledge of and experience with programming (Python), Linux/Bash scripting, databases(SQL, etc) Must have strong analytical and critical thinking to resolve business problems using data and tech Must have domain familiarity and interest of – Cloud technologies (GCP/Azure Microsoft/ AWS Amazon), open-source technologies, Enterprise technologies Must have…",IT Jobs,2024-12-25T11:57:34Z,https://www.adzuna.in/details/4988851226?utm_medium=api&utm_source=3a1fdfd4,"must have 5-8 years of experience in handling data must have the ability to interpret large amounts of data and to multi-task must have strong knowledge of and experience with programming (python), linux/bash scripting, databases(sql, etc) must have strong analytical and critical thinking to resolve business problems using data and tech must have domain familiarity and interest of – cloud technologies (gcp/azure microsoft/ aws amazon), open-source technologies, enterprise technologies must have…","['python', 'sql', 'aws', 'azure', 'gcp']",5,"python, sql, aws, azure, gcp"
data analyst,Data Analyst,Jobdost,"Delhi, India",100000.0,600000.0,"What you will do: Understand the process of CaaStle business teams, KPIs, and pain points Build scalable data products, self-service tools, data cubes to analyze and present data associated with acquisition, retention, product performance, operations, client services, etc. Closely partner with data engineering, product, and business teams and participate in requirements capture, research design, data collection, dashboard generation, and translation of results into actionable insights that can …","Energy, Oil & Gas Jobs",2023-10-02T13:22:26Z,https://www.adzuna.in/details/4344577959?utm_medium=api&utm_source=3a1fdfd4,"what you will do: understand the process of caastle business teams, kpis, and pain points build scalable data products, self-service tools, data cubes to analyze and present data associated with acquisition, retention, product performance, operations, client services, etc. closely partner with data engineering, product, and business teams and participate in requirements capture, research design, data collection, dashboard generation, and translation of results into actionable insights that can …",['scala'],1,scala
data analyst,Data analyst,Cadila Zydus healthcare pvt ltd,India,700000.0,1000000.0,"Interpret data, analyze results using statistical techniques and provide ongoing reports Develop and implement databases, data collection systems, data analytics and other strategies that optimize statistical efficiency and quality Acquire data from primary or secondary data sources and maintain databases/data systems Identify, analyze, and interpret trends or patterns in complex data sets Filter and “clean” data by reviewing computer reports, printouts, and performance indicators to locate and…",IT Jobs,2024-01-28T15:26:17Z,https://www.adzuna.in/details/4547502405?utm_medium=api&utm_source=3a1fdfd4,"interpret data, analyze results using statistical techniques and provide ongoing reports develop and implement databases, data collection systems, data analytics and other strategies that optimize statistical efficiency and quality acquire data from primary or secondary data sources and maintain databases/data systems identify, analyze, and interpret trends or patterns in complex data sets filter and “clean” data by reviewing computer reports, printouts, and performance indicators to locate and…",[],0,
data analyst,Data Analyst,Azent Overseas,"Mumbai, Maharashtra",0.0,700000.0,"Data auditing, validating and monitoring all data for accuracy. Create daily, weekly, monthly and quarterly MIS report. Coordinating & collecting the data Updated the data in CRM Skills:- Microsoft Excel",Accounting & Finance Jobs,2021-08-21T21:23:03Z,https://www.adzuna.in/details/2398472037?utm_medium=api&utm_source=3a1fdfd4,"data auditing, validating and monitoring all data for accuracy. create daily, weekly, monthly and quarterly mis report. coordinating & collecting the data updated the data in crm skills:- microsoft excel",['excel'],1,excel
data analyst,Data Analyst,Impact Guru,"Mumbai, Maharashtra",300000.0,900000.0,"Experience - 2 years to 5 years. Location - Andheri (Mumbai) Job Responsibilities: Excellent problem solving and analytical skills - ability to develop hypotheses, understand and interpret data within the context of the product / business - solve problems and distill data into actionable recommendations.  Strong communication skills with the ability to confidently work with cross- functional teams across the globe and to present information to all levels of the organization.  Intellectual and…",IT Jobs,2021-07-28T21:11:50Z,https://www.adzuna.in/details/2346068207?utm_medium=api&utm_source=3a1fdfd4,"experience - 2 years to 5 years. location - andheri (mumbai) job responsibilities: excellent problem solving and analytical skills - ability to develop hypotheses, understand and interpret data within the context of the product / business - solve problems and distill data into actionable recommendations.  strong communication skills with the ability to confidently work with cross- functional teams across the globe and to present information to all levels of the organization.  intellectual and…","['excel', 'communication']",2,"excel, communication"
data analyst,Data Analyst,Ayoconnect Technology,India,400000.0,1000000.0,"Responsible for gathering, crunching, collecting raw data. Own all data needs in the growth team and across key cross-functional initiatives from data extraction, dashboard creation, and data analysis. Provide insights and recommended actions as response to current situation, trend, as well as preventive one for better preparation. Collaborate with data engineering and cross-functional stakeholders to define data requirements, create dashboard, to drive business decisions and optimize business …",IT Jobs,2021-12-30T04:23:05Z,https://www.adzuna.in/details/2776008869?utm_medium=api&utm_source=3a1fdfd4,"responsible for gathering, crunching, collecting raw data. own all data needs in the growth team and across key cross-functional initiatives from data extraction, dashboard creation, and data analysis. provide insights and recommended actions as response to current situation, trend, as well as preventive one for better preparation. collaborate with data engineering and cross-functional stakeholders to define data requirements, create dashboard, to drive business decisions and optimize business …",[],0,
data analyst,Data Analyst,Srijan Technologies,India,0.0,1200000.0,"Role Description: You will be part of the data delivery team and will have the opportunity to develop a deep understanding of the domain/function. You will design and drive the work plan for the optimization/automation and standardization of the processes incorporating best practices to achieve efficiency gains. You will run data engineering pipelines, link raw client data with data model, conduct data assessment, perform data quality checks, and transform data using ETL tools. You will perform…",IT Jobs,2022-04-05T05:16:09Z,https://www.adzuna.in/details/3025811339?utm_medium=api&utm_source=3a1fdfd4,"role description: you will be part of the data delivery team and will have the opportunity to develop a deep understanding of the domain/function. you will design and drive the work plan for the optimization/automation and standardization of the processes incorporating best practices to achieve efficiency gains. you will run data engineering pipelines, link raw client data with data model, conduct data assessment, perform data quality checks, and transform data using etl tools. you will perform…",['etl'],1,etl
data analyst,Data Analyst,MedCords,"Kota, Rajasthan",0.0,250000.0,"Required Python ,R work in handling large-scale data engineering pipelines. Excellent verbal and written communication skills. Proficient in PowerPoint or other presentation tools. Ability to work quickly and accurately on multiple projects. Skills:- R Language and Python",IT Jobs,2021-11-11T04:22:56Z,https://www.adzuna.in/details/2631733820?utm_medium=api&utm_source=3a1fdfd4,"required python ,r work in handling large-scale data engineering pipelines. excellent verbal and written communication skills. proficient in powerpoint or other presentation tools. ability to work quickly and accurately on multiple projects. skills:- r language and python","['python', 'excel', 'communication']",3,"python, excel, communication"
data analyst,Data Analyst,Ingrainhub,"Bangalore, Karnataka",300000.0,1200000.0,"Good knowledge of SQL , Microsoft Excel One Programming language in SAA/Python or R Skills: R Programming, Python and MS-Excel",IT Jobs,2019-06-05T21:12:09Z,https://www.adzuna.in/details/1171507526?utm_medium=api&utm_source=3a1fdfd4,"good knowledge of sql , microsoft excel one programming language in saa/python or r skills: r programming, python and ms-excel","['python', 'sql', 'excel', 'r programming']",4,"python, sql, excel, r programming"
data analyst,Data Analyst,TechNex Technologies Private Limited,"Pune, Maharashtra",,,"Good Opportunity to work with an IT Company. Can Learn new things with out any experience. And many other good thing. Skills: MS Office, Typing and English Proficiency",Admin Jobs,2019-05-17T21:02:48Z,https://www.adzuna.in/details/1155089882?utm_medium=api&utm_source=3a1fdfd4,"good opportunity to work with an it company. can learn new things with out any experience. and many other good thing. skills: ms office, typing and english proficiency",[],0,
data analyst,Data Analyst,PayU,"Gurgaon, Haryana",700000.0,1500000.0,"What you will be doing: As a part of the Global Credit Risk and Data Analytics team, this person will be responsible for carrying out analytical initiatives which will be as follows: - Dive into the data and identify patterns Development of end-to-end Credit models and credit policy for our existing credit products Leverage alternate data to develop best-in-class underwriting models Working on Big Data to develop risk analytical solutions Development of Fraud models and fraud rule engine Collab…",IT Jobs,2019-11-27T10:00:27Z,https://www.adzuna.in/details/1353179357?utm_medium=api&utm_source=3a1fdfd4,"what you will be doing: as a part of the global credit risk and data analytics team, this person will be responsible for carrying out analytical initiatives which will be as follows: - dive into the data and identify patterns development of end-to-end credit models and credit policy for our existing credit products leverage alternate data to develop best-in-class underwriting models working on big data to develop risk analytical solutions development of fraud models and fraud rule engine collab…",['big data'],1,big data
data analyst,Data Analyst,Dotball Interactive Private Limited,"Bangalore, Karnataka",300000.0,600000.0,"- Excellent skill in SQL and SQL tools - Fantasy Gamer - Excited to dive deep into data and derive insights - Decent communication and writing skills - Interested in Automated solutions - Startup and Growth Mindset - Analytical Data mining thinking - Python - Good programmer Skills: Python, Data Analytics and SQL server",IT Jobs,2019-06-20T21:36:33Z,https://www.adzuna.in/details/1186010488?utm_medium=api&utm_source=3a1fdfd4,"- excellent skill in sql and sql tools - fantasy gamer - excited to dive deep into data and derive insights - decent communication and writing skills - interested in automated solutions - startup and growth mindset - analytical data mining thinking - python - good programmer skills: python, data analytics and sql server","['python', 'sql', 'excel', 'communication']",4,"python, sql, excel, communication"
data analyst,Data Analyst,Grubbrr systems Pvt Ltd,"Ahmedabad, Gujarat",300000.0,900000.0,"Job Responsibility: * Coordinate with CSMs to complete Pilot sales tracker, QBR Decks, End of pilot Decks *Monitor Daily Sales volume and alert CSMs of Locations with Low volume counts *Collaborate with other teammates to extract data figures, data entry (Google Sheets & Google Slides), and monitor key performance indicators (KPIs) to determine business initiatives’ success *Helping in Minor Integration Changes *Helping with Tickets and giving support when required * Basic product knowledge of …",IT Jobs,2024-04-26T16:15:16Z,https://www.adzuna.in/details/4665943640?utm_medium=api&utm_source=3a1fdfd4,"job responsibility: * coordinate with csms to complete pilot sales tracker, qbr decks, end of pilot decks *monitor daily sales volume and alert csms of locations with low volume counts *collaborate with other teammates to extract data figures, data entry (google sheets & google slides), and monitor key performance indicators (kpis) to determine business initiatives’ success *helping in minor integration changes *helping with tickets and giving support when required * basic product knowledge of …",[],0,
data analyst,Data Analyst,zyoin,"Bangalore, Karnataka",500000.0,2100000.0,"Location: Bangalore Work Timing: 5 Days A Week Responsibilities include: • Ensure right stakeholders gets right information at right time • Requirement gathering with stakeholders to understand their data requirement • Creating and deploying reports • Participate actively in datamarts design discussions • Work on both RDBMS as well as Big Data for designing BI Solutions • Write code (queries/procedures) in SQL / Hive / Drill that is both functional and elegant, following appropriate design patt…",IT Jobs,2021-10-26T04:51:56Z,https://www.adzuna.in/details/2577819167?utm_medium=api&utm_source=3a1fdfd4,"location: bangalore work timing: 5 days a week responsibilities include: • ensure right stakeholders gets right information at right time • requirement gathering with stakeholders to understand their data requirement • creating and deploying reports • participate actively in datamarts design discussions • work on both rdbms as well as big data for designing bi solutions • write code (queries/procedures) in sql / hive / drill that is both functional and elegant, following appropriate design patt…","['sql', 'big data']",2,"sql, big data"
data analyst,Data Analyst,CIEL HR Services,"Bangalore, Karnataka",0.0,1500000.0,"Analytical tool: Redpoint Research and drawing insights Excellent written, oral and presentation skill Critical thinking and problem-solving skill Applications: SQL, Redpoint Description: Create unique fleet rich database using multi step matching rules Critical thinking in identifying record survivor ship rules for identifying master record Data roll-up at different levels, by providing linkage across databases Learn issues clients are currently facing with their dataset Foresee the problems i…",IT Jobs,2021-11-18T04:24:02Z,https://www.adzuna.in/details/2653476396?utm_medium=api&utm_source=3a1fdfd4,"analytical tool: redpoint research and drawing insights excellent written, oral and presentation skill critical thinking and problem-solving skill applications: sql, redpoint description: create unique fleet rich database using multi step matching rules critical thinking in identifying record survivor ship rules for identifying master record data roll-up at different levels, by providing linkage across databases learn issues clients are currently facing with their dataset foresee the problems i…","['sql', 'excel']",2,"sql, excel"
data analyst,Data Analyst,Talent500 by ANSR,"Bangalore, Karnataka",1000000.0,3000000.0,"Primary Duties and Responsibilities Experience with Informatica Multidomain MDM 10.4 tool suite preferred Partnering with data architects and engineers to ensure an optimal data model design and implementation for each MDM domain in accordance with industry and MDM best practices Works with data governance and business steward(s) to design, develop, and configure business rules for data validation, standardize, match, and merge Implementation of Data Quality policies, procedures and standards a…",IT Jobs,2022-12-26T06:16:30Z,https://www.adzuna.in/details/3801594068?utm_medium=api&utm_source=3a1fdfd4,"primary duties and responsibilities experience with informatica multidomain mdm 10.4 tool suite preferred partnering with data architects and engineers to ensure an optimal data model design and implementation for each mdm domain in accordance with industry and mdm best practices works with data governance and business steward(s) to design, develop, and configure business rules for data validation, standardize, match, and merge implementation of data quality policies, procedures and standards a…",[],0,
data analyst,Data Analyst,Beauto Systems Private Limited,India,100000.0,500000.0,"Knowledge of database languages such as SQL, NoSQL, AWS services, linux or Python Knowledge in PowerBI Good to have knowledge in Kibana (visualization) and Kibana Development tools Analytical and problem-solving skills Proficiency in Microsoft Excel Data visualization (simple aggregation-based charts to complex geo-based visualizations) Accuracy and excellent attention to detail Strong written/verbal communication skills Qualifications and Experience 3 years’ experience in Data Analysis or rele…",IT Jobs,2022-06-02T06:13:33Z,https://www.adzuna.in/details/3189580389?utm_medium=api&utm_source=3a1fdfd4,"knowledge of database languages such as sql, nosql, aws services, linux or python knowledge in powerbi good to have knowledge in kibana (visualization) and kibana development tools analytical and problem-solving skills proficiency in microsoft excel data visualization (simple aggregation-based charts to complex geo-based visualizations) accuracy and excellent attention to detail strong written/verbal communication skills qualifications and experience 3 years’ experience in data analysis or rele…","['python', 'sql', 'excel', 'aws', 'communication', 'data visualization']",6,"python, sql, excel, aws, communication, data visualization"
data analyst,Data Analyst,Yulu Bikes,"Bangalore, Karnataka",700000.0,1200000.0,"Skill Set SQL, Python, Numpy,Pandas,Knowledge of Hive and Data warehousing concept will be a plus point. JD - Strong analytical skills with the ability to collect, organise, analyse and interpret trends or patterns in complex data sets and provide reports & visualisations. - Work with management to prioritise business KPIs and information needs Locate and define new process improvement opportunities. - Technical expertise with data models, database design and development, data mining and segmen…",IT Jobs,2020-01-25T17:57:23Z,https://www.adzuna.in/details/1422966819?utm_medium=api&utm_source=3a1fdfd4,"skill set sql, python, numpy,pandas,knowledge of hive and data warehousing concept will be a plus point. jd - strong analytical skills with the ability to collect, organise, analyse and interpret trends or patterns in complex data sets and provide reports & visualisations. - work with management to prioritise business kpis and information needs locate and define new process improvement opportunities. - technical expertise with data models, database design and development, data mining and segmen…","['python', 'sql', 'pandas', 'numpy']",4,"python, sql, pandas, numpy"
data analyst,Data Analyst,Humanitus Learning Science and Consultancy Pvt Limited,India,500000.0,700000.0,"What You’ll Do Synthesize data to provide actionable insights to the leadership and the product team to influence strategy and growth. Build dashboards and tools, craft analysis, and tell stories with data to help our teams make better decisions. Track user performance data and map it to key learning metrics for deeper insights Monitor the performance of new features and recommend iterations based on your findings Partner with other stakeholders to scope features that solve user problems Owners…",IT Jobs,2022-01-18T04:28:04Z,https://www.adzuna.in/details/2821621318?utm_medium=api&utm_source=3a1fdfd4,"what you’ll do synthesize data to provide actionable insights to the leadership and the product team to influence strategy and growth. build dashboards and tools, craft analysis, and tell stories with data to help our teams make better decisions. track user performance data and map it to key learning metrics for deeper insights monitor the performance of new features and recommend iterations based on your findings partner with other stakeholders to scope features that solve user problems owners…",[],0,
data analyst,Data Analyst,Rocket Kommerce,"Bangalore, Karnataka",500000.0,800000.0,"Rocket Kommerce LLP: We are a Bangalore-based top-tier stealth-mode e-commerce enabling technology & solutions company powering several brands and leading e-commerce companies in India. Our product is a Cloud-based SaaS Inventory, Warehouse Management & Omni-Channel Solution. We have deep relationships with leading e-commerce companies in India and have processed over Rs 1500 crore of GMV. We are building out our product and technology platform and other services anticipating HUGE demand over n…",IT Jobs,2019-06-05T21:12:28Z,https://www.adzuna.in/details/1171509599?utm_medium=api&utm_source=3a1fdfd4,"rocket kommerce llp: we are a bangalore-based top-tier stealth-mode e-commerce enabling technology & solutions company powering several brands and leading e-commerce companies in india. our product is a cloud-based saas inventory, warehouse management & omni-channel solution. we have deep relationships with leading e-commerce companies in india and have processed over rs 1500 crore of gmv. we are building out our product and technology platform and other services anticipating huge demand over n…",[],0,
data analyst,Data Analyst,Talent Pro,"Mumbai, Maharashtra",800000.0,1200000.0,"Must have Strong SQL skills (queries, optimization, procedures, triggers), Hands-on experience with SQL, Automated through SQL. Looking for candidates having 2 years experience who has worked on large datasets with 1cr. datasets or more. Handling the challenges and breaking. Must have Advanced Excel skills Should have 3 years of relevant experience Should have Reporting  dashboard creation experience Should have Database development & maintenance experience Must have Strong communication for cl…",IT Jobs,2026-01-29T11:29:14Z,https://www.adzuna.in/details/5604419908?utm_medium=api&utm_source=3a1fdfd4,"must have strong sql skills (queries, optimization, procedures, triggers), hands-on experience with sql, automated through sql. looking for candidates having 2 years experience who has worked on large datasets with 1cr. datasets or more. handling the challenges and breaking. must have advanced excel skills should have 3 years of relevant experience should have reporting dashboard creation experience should have database development & maintenance experience must have strong communication for cl…","['sql', 'excel', 'communication']",3,"sql, excel, communication"
data analyst,Data Analyst,Pluginlive,"Mumbai, Maharashtra",1000000.0,2000000.0,"About the company DCB Bank is a new generation private sector bank with 442 branches across India.It is a scheduled commercial bank regulated by the Reserve Bank of India. DCB Bank’s business segments are Retail banking, Micro SME, SME, mid-Corporate, Agriculture, Government, Public Sector, Indian Banks, Co-operative Banks and Non-Banking Finance Companies. Job Description Department : Risk Analytics CTC: Max 18 Lacs Grade: Sr Manager/AVP Experience: Min 4 years of relevant experience We are lo…",Accounting & Finance Jobs,2024-09-24T11:44:30Z,https://www.adzuna.in/details/4874338703?utm_medium=api&utm_source=3a1fdfd4,"about the company dcb bank is a new generation private sector bank with 442 branches across india.it is a scheduled commercial bank regulated by the reserve bank of india. dcb bank’s business segments are retail banking, micro sme, sme, mid-corporate, agriculture, government, public sector, indian banks, co-operative banks and non-banking finance companies. job description department : risk analytics ctc: max 18 lacs grade: sr manager/avp experience: min 4 years of relevant experience we are lo…",[],0,
data analyst,Data Analyst,Stanza Living,India,600000.0,900000.0,"Who we are: Stanza Living is India’s largest and fastest growing tech-enabled, managed accommodation company that delivers a hospitality-led living experience to migrant students and young working professionals across India. We have a full-stack business model that focuses on design, development and delivery of daily living solutions tailored to the young consumers’ lifestyle. From smartly-planned residences, host of amenities and services for hassle-free living to exclusive community engagemen…",IT Jobs,2023-11-03T14:48:03Z,https://www.adzuna.in/details/4411060128?utm_medium=api&utm_source=3a1fdfd4,"who we are: stanza living is india’s largest and fastest growing tech-enabled, managed accommodation company that delivers a hospitality-led living experience to migrant students and young working professionals across india. we have a full-stack business model that focuses on design, development and delivery of daily living solutions tailored to the young consumers’ lifestyle. from smartly-planned residences, host of amenities and services for hassle-free living to exclusive community engagemen…",[],0,
data analyst,Data Analyst,Peak Hire Solutions,"Bangalore, Karnataka",800000.0,1100000.0,"Required Skills: Strong SQL Expertise, Data Reporting & Analytics, Database Development, Stakeholder & Client Communication, Independent Problem-Solving & Automation Skills Review Criteria · Must have Strong SQL skills (queries, optimization, procedures, triggers) · Must have Advanced Excel skills · Should have 3 years of relevant experience · Should have Reporting  dashboard creation experience · Should have Database development & maintenance experience · Must have Strong communication for cli…",IT Jobs,2025-12-07T05:40:05Z,https://www.adzuna.in/details/5531896486?utm_medium=api&utm_source=3a1fdfd4,"required skills: strong sql expertise, data reporting & analytics, database development, stakeholder & client communication, independent problem-solving & automation skills review criteria · must have strong sql skills (queries, optimization, procedures, triggers) · must have advanced excel skills · should have 3 years of relevant experience · should have reporting dashboard creation experience · should have database development & maintenance experience · must have strong communication for cli…","['sql', 'excel', 'communication']",3,"sql, excel, communication"
data analyst,Data Analyst,Fisdom,"Bangalore, Karnataka",100000.0,100000.0,"Background Fisdom is a leading digital wealth management platform. Fisdom platform (mobile apps and web apps) provides access to consumers to a wide bouquet of financial solutions – investments, savings and protection (and many more in the pipeline). Fisdom blends cutting-edge technology with conventional financial wisdom, awesome UX and friendly customer service to make financial products simpler and more accessible to millions of Indians. We are growing and constantly looking for high perform…",IT Jobs,2025-07-21T05:27:56Z,https://www.adzuna.in/details/5314053973?utm_medium=api&utm_source=3a1fdfd4,"background fisdom is a leading digital wealth management platform. fisdom platform (mobile apps and web apps) provides access to consumers to a wide bouquet of financial solutions – investments, savings and protection (and many more in the pipeline). fisdom blends cutting-edge technology with conventional financial wisdom, awesome ux and friendly customer service to make financial products simpler and more accessible to millions of indians. we are growing and constantly looking for high perform…",['git'],1,git
data analyst,Data Analyst,Lloyds Bank,India,,,"End Date Sunday 30 August 2026 We Support Flexible Working – Click here for more information on flexible working options Flexible Working Options Hybrid Working Job Description Summary Provides high quality inputs into the Data & AI strategy ensuring alignmnet between Business and Group Data & AI strategies. Coordinating and collaborating to create core materials digestable by the Group. Job Description Must have Skill - PowerBI, SQL, Group Data Warehouse, and ETL/reporting from Genesys Cloud Y…",IT Jobs,2026-05-17T02:02:18Z,https://www.adzuna.in/details/5731649284?utm_medium=api&utm_source=3a1fdfd4,"end date sunday 30 august 2026 we support flexible working – click here for more information on flexible working options flexible working options hybrid working job description summary provides high quality inputs into the data & ai strategy ensuring alignmnet between business and group data & ai strategies. coordinating and collaborating to create core materials digestable by the group. job description must have skill - powerbi, sql, group data warehouse, and etl/reporting from genesys cloud y…","['sql', 'etl']",2,"sql, etl"
data analyst,Data Analyst,EXL,India,,,"Description Header Description Role Description This role sits within the Risk & Compliance Product Team, working closely with the Data Discovery team. The Data Discovery team builds datasets/tables, and this role is responsible for validating those outputs before they are consumed by product use cases Location Gurgaon ( 3 days in office withno exceptions ) Experience 4-8 Years Start Date Immediate Must-Have Skills Strong SQL expertise (mandatory) Experience in Banking / Financial Services doma…",IT Jobs,2026-05-18T02:13:56Z,https://www.adzuna.in/details/5732600161?utm_medium=api&utm_source=3a1fdfd4,"description header description role description this role sits within the risk & compliance product team, working closely with the data discovery team. the data discovery team builds datasets/tables, and this role is responsible for validating those outputs before they are consumed by product use cases location gurgaon ( 3 days in office withno exceptions ) experience 4-8 years start date immediate must-have skills strong sql expertise (mandatory) experience in banking / financial services doma…",['sql'],1,sql
data analyst,Data Analyst,Tap Invest,"Bangalore, Karnataka",300000.0,500000.0,"As an Analyst at Tap Invest, you’ll turn data into decisions. You’ll work with teams across Product, Ops, Marketing, and Sales to uncover insights, solve real business problems, and drive strategy. This role is for someone who is comfortable working with data independently and can support business teams with reliable analysis and reporting. Key Responsibilities ● Gather, organize, and clean data from various sources including databases, spreadsheets, and external sources to ensure accuracy and …",IT Jobs,2026-05-01T11:45:52Z,https://www.adzuna.in/details/5715478790?utm_medium=api&utm_source=3a1fdfd4,"as an analyst at tap invest, you’ll turn data into decisions. you’ll work with teams across product, ops, marketing, and sales to uncover insights, solve real business problems, and drive strategy. this role is for someone who is comfortable working with data independently and can support business teams with reliable analysis and reporting. key responsibilities ● gather, organize, and clean data from various sources including databases, spreadsheets, and external sources to ensure accuracy and …",[],0,
data analyst,Data Analyst,Guidehouse,India,,,"Job Family : EBO Management Information System (India) Travel Required : None Clearance Required : None What You Will Do : Contribute & Manage backend PMO activities (Timesheet Management, Invoice Oversight, SubK & Roster Management, Laptop/Resource Management, Expenses, EDSP & other Compliance Requirements), including project documentation, governance, and compliance tracking Develop and maintain advanced reports and dashboards using MS Excel and Power BI to deliver actionable insights Perform…",IT Jobs,2026-06-07T02:18:45Z,https://www.adzuna.in/details/5754756171?utm_medium=api&utm_source=3a1fdfd4,"job family : ebo management information system (india) travel required : none clearance required : none what you will do : contribute & manage backend pmo activities (timesheet management, invoice oversight, subk & roster management, laptop/resource management, expenses, edsp & other compliance requirements), including project documentation, governance, and compliance tracking develop and maintain advanced reports and dashboards using ms excel and power bi to deliver actionable insights perform…","['excel', 'power bi']",2,"excel, power bi"
data analyst,Data Analyst,Clarivate,"Bangalore, Karnataka",,,"Overview: Join a dynamic, fast-growing team focused on healthcare data analytics. Work with large healthcare data assets to understand, manipulate, and deliver insights. Role and Responsibilities: Apply quantitative problem-solving and qualitative research to address questions in the pharmaceutical and medical device industries. Collaborate with cross-functional teams including RWD domain experts, developers, analysts, and scientists. Serve as a key client contact, maintaining strong relationsh…",IT Jobs,2026-06-12T06:53:55Z,https://www.adzuna.in/details/5760752150?utm_medium=api&utm_source=3a1fdfd4,"overview: join a dynamic, fast-growing team focused on healthcare data analytics. work with large healthcare data assets to understand, manipulate, and deliver insights. role and responsibilities: apply quantitative problem-solving and qualitative research to address questions in the pharmaceutical and medical device industries. collaborate with cross-functional teams including rwd domain experts, developers, analysts, and scientists. serve as a key client contact, maintaining strong relationsh…",[],0,
data analyst,Data Analyst,Jsw Steel,"Mumbai, Maharashtra",,,"Focus on improving processes and strategies within organizations, by analyzing data, provide actionable insights to help stakeholders make informed decisions Drive growth and bring-in business efficiency Bridge the gap between business needs and technical solutions Assist organization understand preferences and behaviors, leading to improved products, services, and engagement strategies Enable innovation by providing insights that guide the development of new products, technologies, and busines…",IT Jobs,2026-06-13T08:45:55Z,https://www.adzuna.in/details/5761948298?utm_medium=api&utm_source=3a1fdfd4,"focus on improving processes and strategies within organizations, by analyzing data, provide actionable insights to help stakeholders make informed decisions drive growth and bring-in business efficiency bridge the gap between business needs and technical solutions assist organization understand preferences and behaviors, leading to improved products, services, and engagement strategies enable innovation by providing insights that guide the development of new products, technologies, and busines…",[],0,
data analyst,Data Analyst,Caratlane,"Pune, Maharashtra",,,"Responsibilities: Understanding the reporting requirements and provide valuable advice Continuous optimization and automation of reporting, further development of reporting tools, active management of the reporting portfolio Creation of assigned reports in time and quality Collaboration with international teams Requirements: Must have: Expertise with PowerBI/Tableau or SAP Analytics Cloud (SAC) Expertise with Microsoft Excel, Access, Powerpoint VBA programming skills for Microsoft Excel and Acc…",IT Jobs,2026-06-24T07:23:38Z,https://www.adzuna.in/details/5774237847?utm_medium=api&utm_source=3a1fdfd4,"responsibilities: understanding the reporting requirements and provide valuable advice continuous optimization and automation of reporting, further development of reporting tools, active management of the reporting portfolio creation of assigned reports in time and quality collaboration with international teams requirements: must have: expertise with powerbi/tableau or sap analytics cloud (sac) expertise with microsoft excel, access, powerpoint vba programming skills for microsoft excel and acc…","['excel', 'tableau']",2,"excel, tableau"
data analyst,Data Analyst,Techcom Solutions India Private Limited,"Bangalore, Karnataka",,,"Strong proficiency in SQL for data querying and analysis • Hands-on experience with Python for data analysis • Solid understanding of data modeling concepts • Experience working with BigQuery, Airflow, PySpark, and Git Good to Have • Experience with Excel / Google Sheets for analysis and validation • Exposure to BI tools such as Power BI, Tableau, or Looker • Working knowledge of statistics and analytical techniques • Familiarity with advanced analytics (regression, forecasting, experimentation…",IT Jobs,2026-06-27T07:32:41Z,https://www.adzuna.in/details/5778451352?utm_medium=api&utm_source=3a1fdfd4,"strong proficiency in sql for data querying and analysis • hands-on experience with python for data analysis • solid understanding of data modeling concepts • experience working with bigquery, airflow, pyspark, and git good to have • experience with excel / google sheets for analysis and validation • exposure to bi tools such as power bi, tableau, or looker • working knowledge of statistics and analytical techniques • familiarity with advanced analytics (regression, forecasting, experimentation…","['python', 'sql', 'excel', 'power bi', 'tableau', 'spark', 'statistics', 'airflow', 'git']",9,"python, sql, excel, power bi, tableau, spark, statistics, airflow, git"
data analyst,Data Analyst,Cognizant,"Kolkata, West Bengal",,,Job Summary We are seeking an experienced Lead Data Engineer with 8 to 12 years of expertise in Snowflake Machine Learning Python and SQL scripting. The role involves analyzing complex datasets deriving actionable insights and contributing to data-driven decision-making in a hybrid work model with day shifts. Responsibilities Analyze large and complex datasets to identify trends patterns and actionable insights that align with business objectives Develop and maintain scalable data pipelines usi…,IT Jobs,2026-06-27T14:58:11Z,https://www.adzuna.in/details/5778919523?utm_medium=api&utm_source=3a1fdfd4,job summary we are seeking an experienced lead data engineer with 8 to 12 years of expertise in snowflake machine learning python and sql scripting. the role involves analyzing complex datasets deriving actionable insights and contributing to data-driven decision-making in a hybrid work model with day shifts. responsibilities analyze large and complex datasets to identify trends patterns and actionable insights that align with business objectives develop and maintain scalable data pipelines usi…,"['python', 'sql', 'machine learning', 'scala']",4,"python, sql, machine learning, scala"
data analyst,Data Analyst,Tribute Technology,"Hyderabad, Telangana",,,"ABOUT TRIBUTE TECHNOLOGY: At Tribute Technology, we make end-of-life celebrations memorable, meaningful, and effortless through thoughtful and innovative technology solutions. Our mission is to help communities around the world celebrate life and pay tribute to those we love. Our comprehensive platform brings together software and technology to provide a fully integrated experience for all users, whether that is a family, a funeral home, or an online publisher. We are the market leader in the U…",IT Jobs,2026-06-29T02:40:35Z,https://www.adzuna.in/details/5780531648?utm_medium=api&utm_source=3a1fdfd4,"about tribute technology: at tribute technology, we make end-of-life celebrations memorable, meaningful, and effortless through thoughtful and innovative technology solutions. our mission is to help communities around the world celebrate life and pay tribute to those we love. our comprehensive platform brings together software and technology to provide a fully integrated experience for all users, whether that is a family, a funeral home, or an online publisher. we are the market leader in the u…",[],0,
data analyst,Data Analyst,Tech Smcsquared Gcc,"Bangalore, Karnataka",,,"Roles and Responsibilities Perform quantitative and qualitative data analysis using SQL and other tools to uncover patterns, trends, and actionable insights. Translate complex datasets into meaningful business insights, addressing the so-what and what-if questions to guide decision-making. Prepare clear, concise, and insightful reports, presentations, and dashboards for stakeholders. Collaborate with cross-functional teams to understand business needs and provide data-driven recommendations. Ma…",IT Jobs,2026-07-02T07:18:36Z,https://www.adzuna.in/details/5784728868?utm_medium=api&utm_source=3a1fdfd4,"roles and responsibilities perform quantitative and qualitative data analysis using sql and other tools to uncover patterns, trends, and actionable insights. translate complex datasets into meaningful business insights, addressing the so-what and what-if questions to guide decision-making. prepare clear, concise, and insightful reports, presentations, and dashboards for stakeholders. collaborate with cross-functional teams to understand business needs and provide data-driven recommendations. ma…",['sql'],1,sql
data analyst,Data Analyst,UnitedHealth Group,"Noida, Ghaziabad",,,"Requisition number: 2369284 Job category: Business & Data Analytics Optum is a global organization that delivers care, aided by technology to help millions of people live healthier lives. The work you do with our team will directly improve health outcomes by connecting people with the care, pharmacy benefits, data and resources they need to feel their best. Here, you will find a culture guided by inclusion, talented peers, comprehensive benefits and career development opportunities. Come make a…","PR, Advertising & Marketing Jobs",2026-06-21T10:34:38Z,https://www.adzuna.in/details/5771399200?utm_medium=api&utm_source=3a1fdfd4,"requisition number: 2369284 job category: business & data analytics optum is a global organization that delivers care, aided by technology to help millions of people live healthier lives. the work you do with our team will directly improve health outcomes by connecting people with the care, pharmacy benefits, data and resources they need to feel their best. here, you will find a culture guided by inclusion, talented peers, comprehensive benefits and career development opportunities. come make a…",[],0,
data analyst,Data Analyst,Recro,"Bangalore, Karnataka",,,Job Description: Looking for someone with 2 years Strong experience over Python  SQL. Very proficient with the problem solving. Good Communication Skills. Skills:- Python,IT Jobs,2023-08-29T13:12:02Z,https://www.adzuna.in/details/4282822424?utm_medium=api&utm_source=3a1fdfd4,job description: looking for someone with 2 years strong experience over python sql. very proficient with the problem solving. good communication skills. skills:- python,"['python', 'sql', 'communication']",3,"python, sql, communication"
data analyst,Data Analyst,Tribute Technology,"Hussainialam, Hyderabad",,,"ABOUT TRIBUTE TECHNOLOGY: At Tribute Technology, we make end-of-life celebrations memorable, meaningful, and effortless through thoughtful and innovative technology solutions. Our mission is to help communities around the world celebrate life and pay tribute to those we love. Our comprehensive platform brings together software and technology to provide a fully integrated experience for all users, whether that is a family, a funeral home, or an online publisher. We are the market leader in the U…",IT Jobs,2026-06-27T07:29:56Z,https://www.adzuna.in/details/5778444152?utm_medium=api&utm_source=3a1fdfd4,"about tribute technology: at tribute technology, we make end-of-life celebrations memorable, meaningful, and effortless through thoughtful and innovative technology solutions. our mission is to help communities around the world celebrate life and pay tribute to those we love. our comprehensive platform brings together software and technology to provide a fully integrated experience for all users, whether that is a family, a funeral home, or an online publisher. we are the market leader in the u…",[],0,
data analyst,Data Analyst,Guidehouse India Pvt Ltd,"Thiruvananthapuram, Kerala",,,"Job Family : EBO Management Information System (India) Travel Required : None Clearance Required : None What You Will Do : Gather data from primary and secondary sources, ensuring the upkeep of databases and data systems. Detect, examine, and decode trends or patterns within intricate datasets. Cleanse data and scrutinize computer-generated reports and outputs to identify and rectify coding errors. Coordinate with management to align business and informational priorities. Identify opportunities…",IT Jobs,2026-07-10T15:09:48Z,https://www.adzuna.in/details/5795414098?utm_medium=api&utm_source=3a1fdfd4,"job family : ebo management information system (india) travel required : none clearance required : none what you will do : gather data from primary and secondary sources, ensuring the upkeep of databases and data systems. detect, examine, and decode trends or patterns within intricate datasets. cleanse data and scrutinize computer-generated reports and outputs to identify and rectify coding errors. coordinate with management to align business and informational priorities. identify opportunities…",[],0,
data analyst,Data Analyst,WPP Production Chennai,"Chennai, Tamil Nadu",,,"About WPP Production We are WPP Production - the unified global production company that brings together all of WPP's content producers, studios and craft experts into one connected organisation. We combine world-class human craft with next generation technology to originate, design, and deliver multi-channel content systems at scale. Built for borderless collaboration and powered by deep craft expertise, we are the production engine designed for today's always on, AI driven marketing world. Abo…","PR, Advertising & Marketing Jobs",2026-07-10T21:10:41Z,https://www.adzuna.in/details/5795749007?utm_medium=api&utm_source=3a1fdfd4,"about wpp production we are wpp production - the unified global production company that brings together all of wpp's content producers, studios and craft experts into one connected organisation. we combine world-class human craft with next generation technology to originate, design, and deliver multi-channel content systems at scale. built for borderless collaboration and powered by deep craft expertise, we are the production engine designed for today's always on, ai driven marketing world. abo…",[],0,
data analyst,Data Analyst,Phenom People,"Hyderabad, Telangana",,,"Responsibilities: Use SQL to analyze, hypothesize, and solve complex business challenges while identifying and visualizing opportunities for growth. Work with Business Intelligence (BI) tools such as Looker and Superset to build dashboards and visual reports. Extract and report data using efficient database queries with a focus on cloud data platforms, pipeline automation, and scalable analytics solutions. Apply statistical modeling and prediction techniques to derive actionable insights that s…",IT Jobs,2026-07-11T07:21:34Z,https://www.adzuna.in/details/5796417289?utm_medium=api&utm_source=3a1fdfd4,"responsibilities: use sql to analyze, hypothesize, and solve complex business challenges while identifying and visualizing opportunities for growth. work with business intelligence (bi) tools such as looker and superset to build dashboards and visual reports. extract and report data using efficient database queries with a focus on cloud data platforms, pipeline automation, and scalable analytics solutions. apply statistical modeling and prediction techniques to derive actionable insights that s…","['sql', 'scala']",2,"sql, scala"
data analyst,Data Analyst,Acura Solution,"Mumbai, Maharashtra",,,"Job Description: 2-3 years of experience in Data Analysis, preferably in the aviation industry.  Proficient in data analysis tools such as SQL, Python, or SAS.  Experience with data visualization tools (Tableau, Power BI, etc.).  Strong analytical and problem-solving skills. Key Responsibilities 1 Gather, clean, and preprocess data from various sources at Agos Aviation, ensuring data accuracy, completeness, and integrity for analysis. 2 Apply statistical and analytical techniques to derive m…",IT Jobs,2026-05-13T02:15:44Z,https://www.adzuna.in/details/5727264729?utm_medium=api&utm_source=3a1fdfd4,"job description: 2-3 years of experience in data analysis, preferably in the aviation industry.  proficient in data analysis tools such as sql, python, or sas.  experience with data visualization tools (tableau, power bi, etc.).  strong analytical and problem-solving skills. key responsibilities 1 gather, clean, and preprocess data from various sources at agos aviation, ensuring data accuracy, completeness, and integrity for analysis. 2 apply statistical and analytical techniques to derive m…","['python', 'sql', 'power bi', 'tableau', 'data visualization']",5,"python, sql, power bi, tableau, data visualization"
data analyst,Data Analyst,S&P Global,"Ahmedabad, Gujarat",,,"About The Role Grade Level (for internal use): 07 Role Scope The Data Research Associate is an individual contributor role that develops foundational proficiency in one or more workflows or datasets. The role supports end-to-end data lifecycle activities including sourcing, basic validation, enrichment, and delivery under guidance, adhering strictly to standard operating procedures (SOPs) and set guidelines, and escalating deviations for a defined dataset or workflow. The role emphasizes buildi…",Accounting & Finance Jobs,2026-07-17T15:12:04Z,https://www.adzuna.in/details/5804686693?utm_medium=api&utm_source=3a1fdfd4,"about the role grade level (for internal use): 07 role scope the data research associate is an individual contributor role that develops foundational proficiency in one or more workflows or datasets. the role supports end-to-end data lifecycle activities including sourcing, basic validation, enrichment, and delivery under guidance, adhering strictly to standard operating procedures (sops) and set guidelines, and escalating deviations for a defined dataset or workflow. the role emphasizes buildi…",['scala'],1,scala
data analyst,Data Analyst,Hitachi,"Chennai, Tamil Nadu",,,"Location: Chennai, Tamil Nadu, India Job ID: R0124762 Date Posted: 2026-07-16 Company Name: HITACHI ENERGY TECHNOLOGY SERVICES PRIVATE LIMITED Profession (Job Category): Data Analytics/Business Intelligence Job Schedule: Full time Remote: No Job Description: Supporting Transformers QO Management with the development and administration of the BU-QO’s Power BI reports and data management. • Extract, clean, and transform data from multiple sources and ensure accuracy and consistency. Development o…","Energy, Oil & Gas Jobs",2026-07-19T03:21:54Z,https://www.adzuna.in/details/5806516041?utm_medium=api&utm_source=3a1fdfd4,"location: chennai, tamil nadu, india job id: r0124762 date posted: 2026-07-16 company name: hitachi energy technology services private limited profession (job category): data analytics/business intelligence job schedule: full time remote: no job description: supporting transformers qo management with the development and administration of the bu-qo’s power bi reports and data management. • extract, clean, and transform data from multiple sources and ensure accuracy and consistency. development o…",['power bi'],1,power bi
data analyst,Data Analyst,TMF,India,,,"General Information Job ID 35530 Location Bangalore, India, Belgrade, Serbia, Cape Town, South Africa, Gurgaon, India, Katowice, Poland, Mumbai, India, New Delhi, India, Noida, India, Pune, India, Sofia, Bulgaria Work Types Full Time Categories Internal Finance We never ask for payment as part of our selection process, and we always contact candidates via our corporate accounts and platforms. If you are approached for payment, this is likely to be fraudulent. Please check to see whether the rol…",Accounting & Finance Jobs,2026-07-22T03:15:49Z,https://www.adzuna.in/details/5809852456?utm_medium=api&utm_source=3a1fdfd4,"general information job id 35530 location bangalore, india, belgrade, serbia, cape town, south africa, gurgaon, india, katowice, poland, mumbai, india, new delhi, india, noida, india, pune, india, sofia, bulgaria work types full time categories internal finance we never ask for payment as part of our selection process, and we always contact candidates via our corporate accounts and platforms. if you are approached for payment, this is likely to be fraudulent. please check to see whether the rol…",[],0,
data analyst,Data Analyst,Hitachi,India,,,"Location: Maneja, Gujarat, India Job ID: R0123378 Date Posted: 2026-06-29 Company Name: HITACHI ENERGY TECHNOLOGY SERVICES PRIVATE LIMITED Profession (Job Category): Engineering & Science Job Schedule: Full time Remote: No Job Description: The opportunity The successful candidate will be part of an international Digital Engineering and Design team, supporting in create Business report using Power BI, SQL, SAP a t the Global Engineering Center in Vadodara, India, you’ll be part of a dynamic team…","Energy, Oil & Gas Jobs",2026-07-01T02:46:06Z,https://www.adzuna.in/details/5782538634?utm_medium=api&utm_source=3a1fdfd4,"location: maneja, gujarat, india job id: r0123378 date posted: 2026-06-29 company name: hitachi energy technology services private limited profession (job category): engineering & science job schedule: full time remote: no job description: the opportunity the successful candidate will be part of an international digital engineering and design team, supporting in create business report using power bi, sql, sap a t the global engineering center in vadodara, india, you’ll be part of a dynamic team…","['sql', 'power bi', 'git']",3,"sql, power bi, git"
data analyst,Data Analyst,MM Staffing & Career Consultants,"Mumbai, Maharashtra",,,"Job Description: Key Responsibilities: -  Design, develop, and maintain daily/weekly/monthly MIS reports and dashboards using Excel and Tableau.  Automate reporting processes using advanced Excel functions (Power Query, Pivot Tables, Macros/VBA).  Create interactive Tableau dashboards to visualize KPIs and business metrics.     Collaborate with cross-functional teams to gather reporting requirements and deliver customized solutions. Ensure data accuracy, integrity, and consistency across…",IT Jobs,2026-05-14T02:26:01Z,https://www.adzuna.in/details/5728422548?utm_medium=api&utm_source=3a1fdfd4,"job description: key responsibilities: -  design, develop, and maintain daily/weekly/monthly mis reports and dashboards using excel and tableau.  automate reporting processes using advanced excel functions (power query, pivot tables, macros/vba).  create interactive tableau dashboards to visualize kpis and business metrics.     collaborate with cross-functional teams to gather reporting requirements and deliver customized solutions. ensure data accuracy, integrity, and consistency across…","['excel', 'tableau']",2,"excel, tableau"
data analyst,Data Analyst,Not specified,"Mumbai, Maharashtra",,,"Job description Conducting the Validation & Audit at MSO & local operators Digital Head-ends to ensure System has complying the TRAI Norms & also help to stop Revenue leakages. Technical support & activated on the trouble shooting at DTH, MSO local operator level to ensure for channels are running on the ground. Antipiracy activities TS recording on ground level and analyze",IT Jobs,2024-05-10T07:38:59Z,https://www.adzuna.in/details/4686706181?utm_medium=api&utm_source=3a1fdfd4,"job description conducting the validation & audit at mso & local operators digital head-ends to ensure system has complying the trai norms & also help to stop revenue leakages. technical support & activated on the trouble shooting at dth, mso local operator level to ensure for channels are running on the ground. antipiracy activities ts recording on ground level and analyze",['git'],1,git
data analyst,Data Analyst,Not specified,"Chennai, Tamil Nadu",,,"HiWelcome students, ladies, to allDo u have a free time? Do u want earnings? But u want to know genuine websites and jobs. I will guide u. Computer job nternational project u will get. If u want WhatsApp 2. Details r all in text file. U want to buy RS.150 only",Trade & Construction Jobs,2024-05-10T07:38:52Z,https://www.adzuna.in/details/4686705015?utm_medium=api&utm_source=3a1fdfd4,"hiwelcome students, ladies, to alldo u have a free time? do u want earnings? but u want to know genuine websites and jobs. i will guide u. computer job nternational project u will get. if u want whatsapp 2. details r all in text file. u want to buy rs.150 only",[],0,
data analyst,Data Analyst,Not specified,"Gurgaon, Haryana",,,"Job brief We are looking for a passionate professional to turn data into information, information into insight and insight into business decisions. The responsibilities include monitoring full ETL lifecycle activities to include requirements analysis and design, developing analysis and reporting capabilities, continuously monitoring performance and quality control plans to identify improvements. The candidate should also be capable enough to handle adhoc data requirements into the required form…",IT Jobs,2024-05-10T07:38:59Z,https://www.adzuna.in/details/4686706169?utm_medium=api&utm_source=3a1fdfd4,"job brief we are looking for a passionate professional to turn data into information, information into insight and insight into business decisions. the responsibilities include monitoring full etl lifecycle activities to include requirements analysis and design, developing analysis and reporting capabilities, continuously monitoring performance and quality control plans to identify improvements. the candidate should also be capable enough to handle adhoc data requirements into the required form…",['etl'],1,etl
data analyst,Data Analyst,Not specified,"Bangalore, Karnataka",,,"Its primary target is to create and maintain data pipelines. Strong analytics skills are needed to understand complex data sets . Experience in running database service on Cloud would be needed to run a secure data platform. The ideal candidate must have strong experience using a variety of data mining/data analysis methods, using a variety of data tools, building and implementing data models. They must have a proven ability to drive business results with their data-based insights. They must be…",IT Jobs,2024-05-10T07:39:00Z,https://www.adzuna.in/details/4686706356?utm_medium=api&utm_source=3a1fdfd4,"its primary target is to create and maintain data pipelines. strong analytics skills are needed to understand complex data sets . experience in running database service on cloud would be needed to run a secure data platform. the ideal candidate must have strong experience using a variety of data mining/data analysis methods, using a variety of data tools, building and implementing data models. they must have a proven ability to drive business results with their data-based insights. they must be…",[],0,
data analyst,Data Analyst,Not specified,"Navi Mumbai, Maharashtra",,,"Our Client have a wealth of experience in enterprise solution.They are recognized for their knowledge and experience on enterprise business systems.They are constantly finding innovative ways to blend people,process and technologies to deliver bottom-line benefits to their customers. Job Location :- Navi Mumbai Qualification :- BE/B TECH(IT/Computers) , MCA, MSE(IT/Computers) Experience :- 0 to 1 Year 1) Software programming experience. 2) Advanced with Python. 3) Strong knowledge of SQL Server…",IT Jobs,2024-05-10T07:39:12Z,https://www.adzuna.in/details/4686707833?utm_medium=api&utm_source=3a1fdfd4,"our client have a wealth of experience in enterprise solution.they are recognized for their knowledge and experience on enterprise business systems.they are constantly finding innovative ways to blend people,process and technologies to deliver bottom-line benefits to their customers. job location :- navi mumbai qualification :- be/b tech(it/computers) , mca, mse(it/computers) experience :- 0 to 1 year 1) software programming experience. 2) advanced with python. 3) strong knowledge of sql server…","['python', 'sql']",2,"python, sql"
data analyst,Data Analyst,Not specified,"Hyderabad, Telangana",,,"Data gathering/ Research Assist team leaders in gathering and verifying data through primary and secondary research methods using internal and external tools Organize, participate and document Project related interviews, focus group discussions etc. Connect with support teams (L&D, HR, Finance, Marketing teams etc.) to collate data and provide clients any required data, analyses, reports or recommendations. Verify accuracy of data and identify missing or conflicting data Share insights from fin…",Trade & Construction Jobs,2024-05-10T07:38:52Z,https://www.adzuna.in/details/4686704999?utm_medium=api&utm_source=3a1fdfd4,"data gathering/ research assist team leaders in gathering and verifying data through primary and secondary research methods using internal and external tools organize, participate and document project related interviews, focus group discussions etc. connect with support teams (l&d, hr, finance, marketing teams etc.) to collate data and provide clients any required data, analyses, reports or recommendations. verify accuracy of data and identify missing or conflicting data share insights from fin…",[],0,
data analyst,Data Analyst,Mancraft Consulting,"Noida, Ghaziabad",,,"Job Description: Primary Role Description: - The incumbent will be a part of the advanced descriptive and predictive analytics sub-function to work on analysis/reports/dashboards related to superior risk selection, risk assessment and risk management. To help data evidence-based decision-making for the business to enable better understanding and management of the health risks. The role requires a good understanding of Health Insurance domain in India and various drivers of profitability. Respon…",Accounting & Finance Jobs,2026-05-13T02:09:30Z,https://www.adzuna.in/details/5727195252?utm_medium=api&utm_source=3a1fdfd4,"job description: primary role description: - the incumbent will be a part of the advanced descriptive and predictive analytics sub-function to work on analysis/reports/dashboards related to superior risk selection, risk assessment and risk management. to help data evidence-based decision-making for the business to enable better understanding and management of the health risks. the role requires a good understanding of health insurance domain in india and various drivers of profitability. respon…",[],0,
data analyst,Data Analyst / Data Scientist,Weekday AI,India,,,"This role is for one of the Weekday's clients Salary range: Rs 300000 - Rs 1200000 (ie INR 3-12 LPA) Min Experience: 1 years Location: Remote (India) JobType: full-time We’re looking for a passionate and detail-oriented Data Analyst / Data Scientist to join our growing analytics team. This role is perfect for someone who thrives on solving complex problems using data, loves diving deep into datasets, and has a strong command of analytical tools and programming languages. As a Data Analyst / Dat…",IT Jobs,2026-02-19T19:58:34Z,https://www.adzuna.in/details/5636068235?utm_medium=api&utm_source=3a1fdfd4,"this role is for one of the weekday's clients salary range: rs 300000 - rs 1200000 (ie inr 3-12 lpa) min experience: 1 years location: remote (india) jobtype: full-time we’re looking for a passionate and detail-oriented data analyst / data scientist to join our growing analytics team. this role is perfect for someone who thrives on solving complex problems using data, loves diving deep into datasets, and has a strong command of analytical tools and programming languages. as a data analyst / dat…",[],0,
data analyst,Data Analyst/ Data Modeler,Capgemini,"Hyderabad, Telangana",,,"Job Description Capgemini is hiring for Data Analyst/ Data Modeler Location: Pan India Experience range: 13 years to 16 years We are looking for Data Analyst with 13 years of hands-on experience in collecting, analysing, and interpreting large datasets to support business decision-making. The Data Analyst plays a pivotal role in enabling data-driven decision-making by extracting insights from complex datasets. This role supports the development and deployment of AI/ML and Gen AI solutions by en…",IT Jobs,2026-05-16T05:48:43Z,https://www.adzuna.in/details/5730849721?utm_medium=api&utm_source=3a1fdfd4,"job description capgemini is hiring for data analyst/ data modeler location: pan india experience range: 13 years to 16 years we are looking for data analyst with 13 years of hands-on experience in collecting, analysing, and interpreting large datasets to support business decision-making. the data analyst plays a pivotal role in enabling data-driven decision-making by extracting insights from complex datasets. this role supports the development and deployment of ai/ml and gen ai solutions by en…",[],0,
data analyst,HR Data Analyst,"Opalforce, Inc.","Naduvathi, Bangalore",,,"Job Title: HR Data Analyst Location: Bangalore High Level JD: Collect, compile, and analyze HR Data for trends with regard to recruitment practices, retention/turnover and apply this data to make recommendatios Excellent knowledge of Microsoft Office Suite, and Excel and the ability to createcharts,spreadsheets and presentations Compiling reports of data results and presenting these to senior managers. A minimum of 2 years experience in similar role. Ability to work with cross-functional teams …",IT Jobs,2024-06-16T14:59:21Z,https://www.adzuna.in/details/4739597153?utm_medium=api&utm_source=3a1fdfd4,"job title: hr data analyst location: bangalore high level jd: collect, compile, and analyze hr data for trends with regard to recruitment practices, retention/turnover and apply this data to make recommendatios excellent knowledge of microsoft office suite, and excel and the ability to createcharts,spreadsheets and presentations compiling reports of data results and presenting these to senior managers. a minimum of 2 years experience in similar role. ability to work with cross-functional teams …",['excel'],1,excel
data analyst,Statistician/Data Analyst,Two95 International Inc.,India,,,"Location: Karnataka Experience: 5 Years Qualification: Bachelor’s / Master’s Degree in Statistics Job Summary: We are seeking an experienced Statistician / Data Analyst to support survey analysis, statistical modeling, and data-driven planning activities for Master Plan / Urban Development projects. The candidate should possess strong analytical skills and experience in handling large datasets, statistical tools, and reporting. Kannada language proficiency is mandatory. Key Responsibilities: Pe…",IT Jobs,2026-05-13T12:52:17Z,https://www.adzuna.in/details/5727816928?utm_medium=api&utm_source=3a1fdfd4,"location: karnataka experience: 5 years qualification: bachelor’s / master’s degree in statistics job summary: we are seeking an experienced statistician / data analyst to support survey analysis, statistical modeling, and data-driven planning activities for master plan / urban development projects. the candidate should possess strong analytical skills and experience in handling large datasets, statistical tools, and reporting. kannada language proficiency is mandatory. key responsibilities: pe…",['statistics'],1,statistics
data analyst,Data Analyst - Remote,YO AI Labs,"Bangalore, Karnataka",,,"Job Title: Data Analyst (Excel) Job Type: Contractor Location: Remote Job Summary: In this role, you'll apply your expertise to help train next-generation AI systems. Your work will shape how models learn, reason, and perform through high-quality, real-world input. No prior experience in AI is required — your domain knowledge is what matters. Key Responsibilities: Conduct in-depth data analysis using Microsoft Excel to extract actionable insights and support decision-making across teams. Collab…",IT Jobs,2026-07-02T11:18:26Z,https://www.adzuna.in/details/5785025954?utm_medium=api&utm_source=3a1fdfd4,"job title: data analyst (excel) job type: contractor location: remote job summary: in this role, you'll apply your expertise to help train next-generation ai systems. your work will shape how models learn, reason, and perform through high-quality, real-world input. no prior experience in ai is required — your domain knowledge is what matters. key responsibilities: conduct in-depth data analysis using microsoft excel to extract actionable insights and support decision-making across teams. collab…",['excel'],1,excel
data analyst,Sr. Data Analyst,Weekday AI,India,,,"This role is for one of Weekday’s clients Min Experience: 3 years Location: Nagpur JobType: full-time We are seeking a Senior Data Analyst with strong SQL, Python, and business analytics skills to work across diverse business domains including supply chain, education, and energy management. This role demands a professional who can quickly grasp new business contexts, apply rigorous analytical thinking, and translate data insights into tangible financial and operational impact. Requirements Key …",IT Jobs,2026-07-10T12:18:08Z,https://www.adzuna.in/details/5795166296?utm_medium=api&utm_source=3a1fdfd4,"this role is for one of weekday’s clients min experience: 3 years location: nagpur jobtype: full-time we are seeking a senior data analyst with strong sql, python, and business analytics skills to work across diverse business domains including supply chain, education, and energy management. this role demands a professional who can quickly grasp new business contexts, apply rigorous analytical thinking, and translate data insights into tangible financial and operational impact. requirements key …","['python', 'sql']",2,"python, sql"
data analyst,Senior Data Analyst,Masai,"Bangalore, Karnataka",1500000.0,3000000.0,"We are looking for a Senior Data Analyst who can turn complex business data into clear insights, actionable recommendations, and measurable business impact. The role requires strong analytical thinking, hands-on experience with data tools, and the ability to partner closely with business, product, sales, operations, and leadership teams. The ideal candidate should be comfortable working with large datasets, building dashboards, identifying trends, solving ambiguous business problems, and influe…",IT Jobs,2026-05-16T06:02:34Z,https://www.adzuna.in/details/5730904980?utm_medium=api&utm_source=3a1fdfd4,"we are looking for a senior data analyst who can turn complex business data into clear insights, actionable recommendations, and measurable business impact. the role requires strong analytical thinking, hands-on experience with data tools, and the ability to partner closely with business, product, sales, operations, and leadership teams. the ideal candidate should be comfortable working with large datasets, building dashboards, identifying trends, solving ambiguous business problems, and influe…",[],0,
data analyst,Senior Data Analyst,Sia,"Mumbai, Maharashtra",,,"Job Description We are hiring a Power BI Developer to support our global internal teams (Finance, HR, Strategy, Corporate Functions) by maintaining, improving, and delivering high-impact business intelligence dashboards, datasets, and analytics solutions. This role is critical for strengthening our internal reporting systems and driving data-backed decision-making across the organization. Key Responsibilities Lead the design, implementation, and upkeep of ETL / data pipelines (from source files…",IT Jobs,2026-07-24T01:04:13Z,https://www.adzuna.in/details/5812614548?utm_medium=api&utm_source=3a1fdfd4,"job description we are hiring a power bi developer to support our global internal teams (finance, hr, strategy, corporate functions) by maintaining, improving, and delivering high-impact business intelligence dashboards, datasets, and analytics solutions. this role is critical for strengthening our internal reporting systems and driving data-backed decision-making across the organization. key responsibilities lead the design, implementation, and upkeep of etl / data pipelines (from source files…","['power bi', 'etl']",2,"power bi, etl"
data analyst,Data Analyst Intern,MTAB Technology Center P Ltd,"Injambakkam, Chennai",,,"This is a remote position. Attention: It's mandatory to Click Here and Apply Are you eager to kickstart your career in data analysis? Apply for the Abhyaz Internships at MTC! We are seeking analytical and dynamic individuals who are passionate about working with data and making informed decisions. If you have a keen eye for detail and enjoy working with complex datasets, then this internship is perfect for you. Core Functional Responsibilities: Understand the business scenario Work with heads o…",IT Jobs,2026-07-24T22:45:30Z,https://www.adzuna.in/details/5814174605?utm_medium=api&utm_source=3a1fdfd4,"this is a remote position. attention: it's mandatory to click here and apply are you eager to kickstart your career in data analysis? apply for the abhyaz internships at mtc! we are seeking analytical and dynamic individuals who are passionate about working with data and making informed decisions. if you have a keen eye for detail and enjoy working with complex datasets, then this internship is perfect for you. core functional responsibilities: understand the business scenario work with heads o…",[],0,
data analyst,Data Analyst (OAC),Sopra Steria,"Noida, Ghaziabad",,,"Job Description 1.Proficient in Oracle Analytics Cloud (OAC) and other Data Visualization Tools like Power BI , Tableau 2.Skilled in modeling , maintaining semantic models in OAC and Optional (data model in Power BI) 3.Skilled in creating Workbooks/Data visualizations and BI Publisher reports. 4.Data Warehousing Concepts : Strong understanding of data warehousing architecture, design principles, and best practices. 5.Good knowledge of securing report objects and data in BI Applications. 6.Profi…",IT Jobs,2026-07-01T00:11:19Z,https://www.adzuna.in/details/5782333934?utm_medium=api&utm_source=3a1fdfd4,"job description 1.proficient in oracle analytics cloud (oac) and other data visualization tools like power bi , tableau 2.skilled in modeling , maintaining semantic models in oac and optional (data model in power bi) 3.skilled in creating workbooks/data visualizations and bi publisher reports. 4.data warehousing concepts : strong understanding of data warehousing architecture, design principles, and best practices. 5.good knowledge of securing report objects and data in bi applications. 6.profi…","['power bi', 'tableau', 'data visualization']",3,"power bi, tableau, data visualization"
data analyst,Senior Data Analyst,Aliqan Services,"Bangalore, Karnataka",,,"Job description Data analyst, data brick, Azure, Python, Spark, Pyspark, Data factory Role: Data Analyst Industry Type: IT Services & Consulting Department: Data Science & Analytics Employment Type: Full Time, Permanent Role Category: Business Intelligence & Analytics Education UG: B.Tech/B.E. in Any Specialization Skills: Spark, Pyspark, Data Factory, Azure, Data Analyst, Python Experience: 9.00-14.00 Years",IT Jobs,2026-07-10T07:19:30Z,https://www.adzuna.in/details/5794938975?utm_medium=api&utm_source=3a1fdfd4,"job description data analyst, data brick, azure, python, spark, pyspark, data factory role: data analyst industry type: it services & consulting department: data science & analytics employment type: full time, permanent role category: business intelligence & analytics education ug: b.tech/b.e. in any specialization skills: spark, pyspark, data factory, azure, data analyst, python experience: 9.00-14.00 years","['python', 'azure', 'spark']",3,"python, azure, spark"
data analyst,Healthcare Data Analyst,SHM ENTERPRISES,India,,,We are looking for highly analytical candidates who are as skilled in healthcare administration as they are in business management Healthcare data analysts are quantitative specialists who understand the business needs of a hospital and how to use data to achieve those needs Their duties include organizing and managing large and varied data sets analyzing healthcare data to optimize business operations and communicating their findings through the use of data visualization and detailed reports T…,IT Jobs,2026-05-21T06:04:54Z,https://www.adzuna.in/details/5735690226?utm_medium=api&utm_source=3a1fdfd4,we are looking for highly analytical candidates who are as skilled in healthcare administration as they are in business management healthcare data analysts are quantitative specialists who understand the business needs of a hospital and how to use data to achieve those needs their duties include organizing and managing large and varied data sets analyzing healthcare data to optimize business operations and communicating their findings through the use of data visualization and detailed reports t…,['data visualization'],1,data visualization
data analyst,Data Analyst Trainee,Lead India,"Bangalore, Karnataka",,,"Job Description: Data Analyst Lead India is looking for dynamic data analysts who has passion for data and a relentless focus on execution and delivery. The candidate is expected to come up with insightful data presentation to make informed decisions. As a data analyst your roles and responsibilities will be as follows: Experience: 0-1 years Technical Skills: Strong Work experience on Azure (App Insights, Stream analytics, Data Factory, Data warehouse, Azure Storage accounts, Blobs) Strong anal…",IT Jobs,2026-06-13T02:35:26Z,https://www.adzuna.in/details/5761791107?utm_medium=api&utm_source=3a1fdfd4,"job description: data analyst lead india is looking for dynamic data analysts who has passion for data and a relentless focus on execution and delivery. the candidate is expected to come up with insightful data presentation to make informed decisions. as a data analyst your roles and responsibilities will be as follows: experience: 0-1 years technical skills: strong work experience on azure (app insights, stream analytics, data factory, data warehouse, azure storage accounts, blobs) strong anal…",['azure'],1,azure
data analyst,Data Analyst Intern,Optimspace,"Pune, Maharashtra",,,"Job Title: Data Analyst Intern Company: Optimspace.in Location: Remote Duration: 3 months Opportunity: Full-time based on performance, with a Certificate of Internship Optimspace.in Optimspace.in offers practical experience for students and graduates in data analysis to enhance career prospects and provide hands-on learning opportunities in a real-world environment. Responsibilities Collect, clean, and analyze datasets. Develop reports and data visualizations. Identify trends and patterns in da…",IT Jobs,2025-11-20T00:58:19Z,https://www.adzuna.in/details/5503837644?utm_medium=api&utm_source=3a1fdfd4,"job title: data analyst intern company: optimspace.in location: remote duration: 3 months opportunity: full-time based on performance, with a certificate of internship optimspace.in optimspace.in offers practical experience for students and graduates in data analysis to enhance career prospects and provide hands-on learning opportunities in a real-world environment. responsibilities collect, clean, and analyze datasets. develop reports and data visualizations. identify trends and patterns in da…",['data visualization'],1,data visualization
data analyst,Sr.Data Analyst,HCL Technologies Limited,"Hyderabad, Telangana",,,"HCLTech is hiring for Sr.Data analyst Please Note: Immediate joiners only Location: Hitechcity, Hyderabad Mode: Work from office Shifts: Night Shifts Cab Facility: Yes (chargeable) Over 4 yrs of customer service experience, including managing multiple phone lines and handling ticket-related communications in a Command Center environment. Strong computer proficiency, including Data Entry and advanced use of MS Office Suite (Word, Excel, Outlook). Expertise in data visualization and analytics, wi…",IT Jobs,2026-07-16T07:24:00Z,https://www.adzuna.in/details/5802074702?utm_medium=api&utm_source=3a1fdfd4,"hcltech is hiring for sr.data analyst please note: immediate joiners only location: hitechcity, hyderabad mode: work from office shifts: night shifts cab facility: yes (chargeable) over 4 yrs of customer service experience, including managing multiple phone lines and handling ticket-related communications in a command center environment. strong computer proficiency, including data entry and advanced use of ms office suite (word, excel, outlook). expertise in data visualization and analytics, wi…","['excel', 'communication', 'data visualization']",3,"excel, communication, data visualization"
data analyst,Hiring- Data Analyst,intouchcx,"Hyderabad, Telangana",,,"About the Job Join us in transforming the perception of customer service! We are seeking a dedicated Data Analyst to analyze and report on operational data, enhancing program performance visibility. This role is vital in contributing to various projects and performing ad-hoc analyses, providing timely insights that support strategic decision-making. If you are passionate about data and eager to make a significant impact, we invite you to apply! As Data Analyst, You Will Collect and organize lar…",IT Jobs,2026-06-13T08:46:37Z,https://www.adzuna.in/details/5761949081?utm_medium=api&utm_source=3a1fdfd4,"about the job join us in transforming the perception of customer service! we are seeking a dedicated data analyst to analyze and report on operational data, enhancing program performance visibility. this role is vital in contributing to various projects and performing ad-hoc analyses, providing timely insights that support strategic decision-making. if you are passionate about data and eager to make a significant impact, we invite you to apply! as data analyst, you will collect and organize lar…",[],0,
data analyst,Sr. Data Analyst,Multi Recruit,"Bangalore, Karnataka",600000.0,1500000.0,"Managing and designing the reporting environment, including data sources, security, and metadata. Preparing reports for executive leadership that effectively communicate trends, patterns, and predictions using relevant data Establish KPIs to measure the effectiveness of business decisions. Work with management to prioritize business and information needs. Provide data solutions, tools, and capabilities to enable self-service frameworks for data consumers Provide expertise and translate the busi…",IT Jobs,2022-01-30T04:34:29Z,https://www.adzuna.in/details/2853928162?utm_medium=api&utm_source=3a1fdfd4,"managing and designing the reporting environment, including data sources, security, and metadata. preparing reports for executive leadership that effectively communicate trends, patterns, and predictions using relevant data establish kpis to measure the effectiveness of business decisions. work with management to prioritize business and information needs. provide data solutions, tools, and capabilities to enable self-service frameworks for data consumers provide expertise and translate the busi…",[],0,
data analyst,Sr Data Analyst,Jobizo,India,700000.0,1000000.0,"About the Role: We are looking for a skilled and detail-oriented Data Analyst to join our team. The ideal candidate will be responsible for collecting, analyzing, and interpreting large datasets to support data-driven decision-making across the organization. Proficiency in MongoDB and SQL is essential for this role. Key Responsibilities: Collect, process, and clean structured and unstructured data from various sources. Analyze data using SQL queries and MongoDB aggregations to extract insights.…",IT Jobs,2025-06-19T05:22:26Z,https://www.adzuna.in/details/5257287584?utm_medium=api&utm_source=3a1fdfd4,"about the role: we are looking for a skilled and detail-oriented data analyst to join our team. the ideal candidate will be responsible for collecting, analyzing, and interpreting large datasets to support data-driven decision-making across the organization. proficiency in mongodb and sql is essential for this role. key responsibilities: collect, process, and clean structured and unstructured data from various sources. analyze data using sql queries and mongodb aggregations to extract insights.…",['sql'],1,sql
data analyst,Senior Data Analyst,Capco,India,,,"Job Title: Data Analyst (Python Pyspark) About Us “Capco, a Wipro company, is a global technology and management consulting firm. Awarded with Consultancy of the year in the British Bank Award and has been ranked Top 100 Best Companies for Women in India 2022 by Avtar & Seramount . With our presence across 32 cities across globe, we support 100 clients across banking, financial and Energy sectors. We are recognized for our deep transformation execution and delivery. WHY JOIN CAPCO? You will wor…",IT Jobs,2026-03-07T01:43:34Z,https://www.adzuna.in/details/5656642761?utm_medium=api&utm_source=3a1fdfd4,"job title: data analyst (python pyspark) about us “capco, a wipro company, is a global technology and management consulting firm. awarded with consultancy of the year in the british bank award and has been ranked top 100 best companies for women in india 2022 by avtar & seramount . with our presence across 32 cities across globe, we support 100 clients across banking, financial and energy sectors. we are recognized for our deep transformation execution and delivery. why join capco? you will wor…","['python', 'spark']",2,"python, spark"
data analyst,Senior Data Analyst,Capco,"Bangalore, Karnataka",,,"Job Title: Data Analyst (Python Pyspark) About Us 'Capco, a Wipro company, is a global technology and management consulting firm Awarded with Consultancy of the year in the British Bank Award and has been ranked Top 100 Best Companies for Women in India 2022 by Avtar & Seramount With our presence across 32 cities across globe, we support 100 clients across banking, financial and Energy sectors We are recognized for our deep transformation execution and delivery WHY JOIN CAPCO You will work on e…",IT Jobs,2026-06-09T06:50:37Z,https://www.adzuna.in/details/5756753940?utm_medium=api&utm_source=3a1fdfd4,"job title: data analyst (python pyspark) about us 'capco, a wipro company, is a global technology and management consulting firm awarded with consultancy of the year in the british bank award and has been ranked top 100 best companies for women in india 2022 by avtar & seramount with our presence across 32 cities across globe, we support 100 clients across banking, financial and energy sectors we are recognized for our deep transformation execution and delivery why join capco you will work on e…","['python', 'spark']",2,"python, spark"
data analyst,Senior Data Analyst,r3 Consultant,"Pune, Maharashtra",,,"Description R3 Consultant is looking for a Senior Data Analyst to join our team in Pune. This full-time, on-site position offers an exciting opportunity to delve into data analytics within the staffing and recruiting industry, where your insights will drive strategic decision-making. As a Senior Data Analyst, you will play a pivotal role in analyzing complex datasets to identify trends, patterns, and insights that will enhance our recruitment strategies and improve client outcomes. You will col…",IT Jobs,2025-12-16T02:52:13Z,https://www.adzuna.in/details/5543508791?utm_medium=api&utm_source=3a1fdfd4,"description r3 consultant is looking for a senior data analyst to join our team in pune. this full-time, on-site position offers an exciting opportunity to delve into data analytics within the staffing and recruiting industry, where your insights will drive strategic decision-making. as a senior data analyst, you will play a pivotal role in analyzing complex datasets to identify trends, patterns, and insights that will enhance our recruitment strategies and improve client outcomes. you will col…",[],0,
data analyst,Senior Data Analyst,NeoGenCode Technologies Pvt Ltd,"Bangalore, Karnataka",1000000.0,1800000.0,"Position : Senior Data Analyst Experience Required : 5 to 8 Years Location : Hyderabad or Bangalore (Work Mode: Hybrid – 3 Days WFO) Shift Timing : 11:00 AM – 8:00 PM IST Notice Period : Immediate Joiners Only Job Summary : We are seeking a highly analytical and experienced Senior Data Analyst to lead complex data-driven initiatives that influence key business decisions. The ideal candidate will have a strong foundation in data analytics, cloud platforms, and BI tools, along with the ability to…",IT Jobs,2025-06-18T05:21:07Z,https://www.adzuna.in/details/5255506978?utm_medium=api&utm_source=3a1fdfd4,"position : senior data analyst experience required : 5 to 8 years location : hyderabad or bangalore (work mode: hybrid – 3 days wfo) shift timing : 11:00 am – 8:00 pm ist notice period : immediate joiners only job summary : we are seeking a highly analytical and experienced senior data analyst to lead complex data-driven initiatives that influence key business decisions. the ideal candidate will have a strong foundation in data analytics, cloud platforms, and bi tools, along with the ability to…",[],0,
data analyst,Junior Data Analyst,Jobgenix,"Bangalore, Karnataka",,,"Just Now Junior Data Analyst Cognizant bangalore Ai Recommended 0% Match Score About The Job Cognizant is hiring for the role of Junior Data Analyst ! Role Responsibilities Obtain consumer / provider information by listening to telephone calls/ text & messages Determine eligibility by comparing consumer / provider information to requirements Based on the pre-recorded calls, Identify Scam/Phishing and customers sensitive information Meet the required target and quality metrics Work effectively w…",IT Jobs,2026-07-20T16:01:25Z,https://www.adzuna.in/details/5808003787?utm_medium=api&utm_source=3a1fdfd4,"just now junior data analyst cognizant bangalore ai recommended 0% match score about the job cognizant is hiring for the role of junior data analyst ! role responsibilities obtain consumer / provider information by listening to telephone calls/ text & messages determine eligibility by comparing consumer / provider information to requirements based on the pre-recorded calls, identify scam/phishing and customers sensitive information meet the required target and quality metrics work effectively w…",[],0,
data analyst,GCP Data Analyst,Virtusa,India,,,Data Analyst HYD/CHN/PUNE/BLR Mohan • Support data readiness & analytics • Act as SME for reporting & insights • Collaborate with business users • Ensure data accuracy post-migration • Support analytics modernization • Enable data-driven decisions • Maintain reporting continuity • Source data analysis • Data quality & profiling • Reporting requirement assessment • Data transformation needs • Security & access review • Data volume analysis • Migration readiness reporting,IT Jobs,2026-06-18T03:29:19Z,https://www.adzuna.in/details/5767239642?utm_medium=api&utm_source=3a1fdfd4,data analyst hyd/chn/pune/blr mohan • support data readiness & analytics • act as sme for reporting & insights • collaborate with business users • ensure data accuracy post-migration • support analytics modernization • enable data-driven decisions • maintain reporting continuity • source data analysis • data quality & profiling • reporting requirement assessment • data transformation needs • security & access review • data volume analysis • migration readiness reporting,[],0,
data analyst,"Data Analyst, Senior",Infor,"Pune, Maharashtra",,,"At Infor, we embrace Principle Based Management (PBM), a philosophy that empowers employees to leverage their unique strengths and interests to make the greatest contribution. We believe in individualizing roles and responsibilities to match our team members aptitudes and passions. We are looking for an analytical and enthusiastic Senior Data Analyst with a focus on delivering data-driven insights and reporting excellence. This person will play a key role in ensuring the accuracy, performance, …",IT Jobs,2026-05-28T06:53:10Z,https://www.adzuna.in/details/5742844481?utm_medium=api&utm_source=3a1fdfd4,"at infor, we embrace principle based management (pbm), a philosophy that empowers employees to leverage their unique strengths and interests to make the greatest contribution. we believe in individualizing roles and responsibilities to match our team members aptitudes and passions. we are looking for an analytical and enthusiastic senior data analyst with a focus on delivering data-driven insights and reporting excellence. this person will play a key role in ensuring the accuracy, performance, …",['excel'],1,excel
data analyst,Senior Data Analyst,NNE,India,,,"Senior Data Analyst at Novo Nordisk Engineering Make your ability count at NNE We are experts in end-to-end pharma engineering, and our success is built on our relationships, both with our colleagues and our customers. If you want to work on projects shaping the future of sustainable and intelligent pharma facilities, NNE is the place to be. Why you should join us! Imagine using your Data Analyst Specialization to help build the world's largest pharmaceutical facilities – all happening in Denma…",Engineering Jobs,2026-07-25T03:21:38Z,https://www.adzuna.in/details/5814451181?utm_medium=api&utm_source=3a1fdfd4,"senior data analyst at novo nordisk engineering make your ability count at nne we are experts in end-to-end pharma engineering, and our success is built on our relationships, both with our colleagues and our customers. if you want to work on projects shaping the future of sustainable and intelligent pharma facilities, nne is the place to be. why you should join us! imagine using your data analyst specialization to help build the world's largest pharmaceutical facilities – all happening in denma…",[],0,
data analyst,Advanced Data Analyst,Honeywell,India,,,"Description Job Title: Advanced Data Analyst Role Purpose: The Advanced Data Analyst is responsible for delivering high-quality analytics solutions that enable data-driven decision-making across the organization. This role combines technical expertise, business understanding, and stakeholder collaboration to design, develop, and support dashboards, reports, and data models. The role acts as a trusted analytics partner, ensuring solutions are aligned with business objectives, governed by strong …",IT Jobs,2026-07-02T02:48:46Z,https://www.adzuna.in/details/5784342169?utm_medium=api&utm_source=3a1fdfd4,"description job title: advanced data analyst role purpose: the advanced data analyst is responsible for delivering high-quality analytics solutions that enable data-driven decision-making across the organization. this role combines technical expertise, business understanding, and stakeholder collaboration to design, develop, and support dashboards, reports, and data models. the role acts as a trusted analytics partner, ensuring solutions are aligned with business objectives, governed by strong …",[],0,
data analyst,MIS & Data Analyst,ACE Money Transfer,India,,,"Who we are ACE Money Transfer is a UK-based multinational company headquartered in Manchester, United Kingdom. We provide secure online remittance services to customers in 29 countries across the UK, Europe, Canada, and Australia, enabling cross-border money transfers to 100 countries worldwide. About the Role We are looking for an MIS & Data Analyst to join our growing fintech team specializing in international remittances and cross-border payments. The MIS & Data Analyst will play a key role …",IT Jobs,2026-07-09T03:30:19Z,https://www.adzuna.in/details/5793307853?utm_medium=api&utm_source=3a1fdfd4,"who we are ace money transfer is a uk-based multinational company headquartered in manchester, united kingdom. we provide secure online remittance services to customers in 29 countries across the uk, europe, canada, and australia, enabling cross-border money transfers to 100 countries worldwide. about the role we are looking for an mis & data analyst to join our growing fintech team specializing in international remittances and cross-border payments. the mis & data analyst will play a key role …",[],0,
data analyst,Lead Data Analyst,Ipsos,"Bangalore, Karnataka",,,"Description Analytics Team Lead Location: Bangalore Division: Ipsos Healthcare Ipsos is one of the world's largest research companies and currently the only one primarily managed by researchers, ranking as a 1 full-service research organization for four consecutive years. With over 75 different data-driven solutions, and presence in 90 markets, Ipsos brings together research, implementation, methodological, and subject-matter experts from around the world, combining thematic and technical exper…",IT Jobs,2024-07-31T03:21:15Z,https://www.adzuna.in/details/4801651938?utm_medium=api&utm_source=3a1fdfd4,"description analytics team lead location: bangalore division: ipsos healthcare ipsos is one of the world's largest research companies and currently the only one primarily managed by researchers, ranking as a 1 full-service research organization for four consecutive years. with over 75 different data-driven solutions, and presence in 90 markets, ipsos brings together research, implementation, methodological, and subject-matter experts from around the world, combining thematic and technical exper…",[],0,
data analyst,Intern - Data Analyst,GE HealthCare,"Bangalore, Karnataka",,,"Job Description Summary As a data analyst intern, you will be an integral part of an organisation’s data team, responsible for analysing and interpreting various datasets to derive meaningful insights and support data-driven decision-making. The role provides a valuable opportunity to gain hands-on experience in data analysis, visualisation, and reporting, contributing to the success of the team. Job Description Role & Responsibilities: Build and optimize data models for analytics and reporting…",IT Jobs,2026-07-14T21:14:56Z,https://www.adzuna.in/details/5800078807?utm_medium=api&utm_source=3a1fdfd4,"job description summary as a data analyst intern, you will be an integral part of an organisation’s data team, responsible for analysing and interpreting various datasets to derive meaningful insights and support data-driven decision-making. the role provides a valuable opportunity to gain hands-on experience in data analysis, visualisation, and reporting, contributing to the success of the team. job description role & responsibilities: build and optimize data models for analytics and reporting…",[],0,
data analyst,Senior Data Analyst,PVH,India,,,"Design Your Future at PVH Senior Data Analyst POSITION TITLE: Senior Data Analyst (Business Analytics) – PVH Supply Data & Analytics DEPT. /DIVISION: Corporate Supply Data & Analytics POSITION REPORTS TO: Senior Manager, Data & Analytics LOCATION: Bangalore, India POSITION SUMMARY: The Supply Chain Data & Analytics (SDA) team sits within the corporate Supply Chain function at PVH and is passionate about powering a world-class, data-driven Supply Chain by delivering exceptional data & analytics,…",IT Jobs,2024-08-19T03:31:25Z,https://www.adzuna.in/details/4830811997?utm_medium=api&utm_source=3a1fdfd4,"design your future at pvh senior data analyst position title: senior data analyst (business analytics) – pvh supply data & analytics dept. /division: corporate supply data & analytics position reports to: senior manager, data & analytics location: bangalore, india position summary: the supply chain data & analytics (sda) team sits within the corporate supply chain function at pvh and is passionate about powering a world-class, data-driven supply chain by delivering exceptional data & analytics,…",[],0,
data analyst,Data Analyst (SQL),Merito,"Mumbai, Maharashtra",600000.0,800000.0,"About us :- Merito is a curated talent platform where we identify, assess, and connect candidates for matching job opportunities. We are working with the mission to change the way hiring is done. The company is founded by a team of alumni from IIM Ahmedabad, McKinsey with more than 2 decades of experience in recruitment, training, and coaching. About our Client :- Our client is an InsureTech platform backed by a major retail giant that offers contextual insurance in a blink. We are a team of co…",IT Jobs,2023-10-22T13:49:04Z,https://www.adzuna.in/details/4386563730?utm_medium=api&utm_source=3a1fdfd4,"about us :- merito is a curated talent platform where we identify, assess, and connect candidates for matching job opportunities. we are working with the mission to change the way hiring is done. the company is founded by a team of alumni from iim ahmedabad, mckinsey with more than 2 decades of experience in recruitment, training, and coaching. about our client :- our client is an insuretech platform backed by a major retail giant that offers contextual insurance in a blink. we are a team of co…",[],0,
data analyst,Advanced Data Analyst,Honeywell,"Bangalore, Karnataka",,,"Job Title: Advanced Data Analyst Role Purpose: The Advanced Data Analyst is responsible for delivering high-quality analytics solutions that enable data-driven decision-making across the organization. This role combines technical expertise, business understanding, and stakeholder collaboration to design, develop, and support dashboards, reports, and data models. The role acts as a trusted analytics partner, ensuring solutions are aligned with business objectives, governed by strong data quality…",IT Jobs,2026-07-02T10:31:44Z,https://www.adzuna.in/details/5784971932?utm_medium=api&utm_source=3a1fdfd4,"job title: advanced data analyst role purpose: the advanced data analyst is responsible for delivering high-quality analytics solutions that enable data-driven decision-making across the organization. this role combines technical expertise, business understanding, and stakeholder collaboration to design, develop, and support dashboards, reports, and data models. the role acts as a trusted analytics partner, ensuring solutions are aligned with business objectives, governed by strong data quality…",[],0,
data analyst,Data Analyst (MDM),Arrow,India,,,"Position: Data Analyst (MDM) Job Description: The Data Analyst is responsible for supporting and delivering value to the business through Data & Analytics initiatives. This position will work closely with subject matter experts, data stewards, and analytics teams to understand challenges and opportunities in core business data. It will support accuracy and consistency of data through analysis and maintenance activities. What You’ll Be Doing Work with key stakeholders to document and understand …",IT Jobs,2026-07-17T03:19:40Z,https://www.adzuna.in/details/5803805785?utm_medium=api&utm_source=3a1fdfd4,"position: data analyst (mdm) job description: the data analyst is responsible for supporting and delivering value to the business through data & analytics initiatives. this position will work closely with subject matter experts, data stewards, and analytics teams to understand challenges and opportunities in core business data. it will support accuracy and consistency of data through analysis and maintenance activities. what you’ll be doing work with key stakeholders to document and understand …",[],0,
data analyst,Lead Data Analyst,EXL,"Pune, Maharashtra",,,"Description Must-Have: 7 years of professional experience as a Lead Data Analyst with good decision-making, analytical and problem-solving skills. SQL, Pyspark, Python with ESG / Banking Domain experience. Hands-on experience in HQL or SQL (Spark SQL) for Data exploration. Documentation - Data Mapping, Subsystem Design, Technical Design, Business Requirements. Exposure to Logical to Physical Mapping, Data Processing Flow to measure the consistency, etc. Understanding of ER Diagram and Data Mode…",IT Jobs,2026-07-25T03:20:59Z,https://www.adzuna.in/details/5814447342?utm_medium=api&utm_source=3a1fdfd4,"description must-have: 7 years of professional experience as a lead data analyst with good decision-making, analytical and problem-solving skills. sql, pyspark, python with esg / banking domain experience. hands-on experience in hql or sql (spark sql) for data exploration. documentation - data mapping, subsystem design, technical design, business requirements. exposure to logical to physical mapping, data processing flow to measure the consistency, etc. understanding of er diagram and data mode…","['python', 'sql', 'spark']",3,"python, sql, spark"
data analyst,Advanced Data Analyst,NNE,India,,,"Advanced Data Analyst at Novo Nordisk Engineering Make your ability count at NNE We are experts in end-to-end pharma engineering, and our success is built on our relationships, both with our colleagues and our customers. If you want to work on projects shaping the future of sustainable and intelligent pharma facilities, NNE is the place to be. Why you should join us! Imagine using your Data Analyst Specialization to help build the world's largest pharmaceutical facilities – all happening in Den…",Engineering Jobs,2026-07-25T03:23:15Z,https://www.adzuna.in/details/5814460307?utm_medium=api&utm_source=3a1fdfd4,"advanced data analyst at novo nordisk engineering make your ability count at nne we are experts in end-to-end pharma engineering, and our success is built on our relationships, both with our colleagues and our customers. if you want to work on projects shaping the future of sustainable and intelligent pharma facilities, nne is the place to be. why you should join us! imagine using your data analyst specialization to help build the world's largest pharmaceutical facilities – all happening in den…",[],0,
data analyst,Principal Data Analyst,Albertsons Companies India,"Bangalore, Karnataka",,,"About Albertsons Companies Inc. (ACI): As a leading food and drug retailer in the United States, Albertsons Companies, Inc. operates over 2,200 stores across 35 states and the District of Columbia. Our well-known banners across the United States, including Albertsons, Safeway, Vons, Jewel-Osco and others, serve more than 36 million U.S customers each week. We build and shape technology solutions that solve customers problems every day, making things easier for them when they shop with us online…",IT Jobs,2026-05-05T10:08:47Z,https://www.adzuna.in/details/5719113831?utm_medium=api&utm_source=3a1fdfd4,"about albertsons companies inc. (aci): as a leading food and drug retailer in the united states, albertsons companies, inc. operates over 2,200 stores across 35 states and the district of columbia. our well-known banners across the united states, including albertsons, safeway, vons, jewel-osco and others, serve more than 36 million u.s customers each week. we build and shape technology solutions that solve customers problems every day, making things easier for them when they shop with us online…",[],0,
data analyst,Senior Data Analyst,EXL,"Bangalore, Karnataka",,,"Description Title : Senior Data Analyst Location : Bangalore Write and optimize complex SQL queries for data extraction, transformation, and analysis Design and develop interactive dashboards and reports using Power BI / Tableau Perform data analysis to identify trends, patterns, and actionable insights Work with stakeholders to gather requirements and translate them into analytical solutions Ensure data accuracy, consistency, and performance optimization Automate reporting processes and improv…",IT Jobs,2026-06-11T02:35:35Z,https://www.adzuna.in/details/5759043518?utm_medium=api&utm_source=3a1fdfd4,"description title : senior data analyst location : bangalore write and optimize complex sql queries for data extraction, transformation, and analysis design and develop interactive dashboards and reports using power bi / tableau perform data analysis to identify trends, patterns, and actionable insights work with stakeholders to gather requirements and translate them into analytical solutions ensure data accuracy, consistency, and performance optimization automate reporting processes and improv…","['sql', 'power bi', 'tableau']",3,"sql, power bi, tableau"
data analyst,Lead Data Analyst,Infogain Corporation,India,,,As a Data Analyst at our organization your role will involve supporting datadriven decisionmaking by leveraging your highly analytical and detailoriented skills You will be expected to demonstrate strong technical expertise a structured approach to problemsolving and effective collaboration with crossfunctional teams Key Responsibilities Strong analytical ability and intellectual curiosity Effective interpersonal and collaboration skills across diverse stakeholder groups Proven capability to si…,IT Jobs,2026-05-19T06:03:15Z,https://www.adzuna.in/details/5733567806?utm_medium=api&utm_source=3a1fdfd4,as a data analyst at our organization your role will involve supporting datadriven decisionmaking by leveraging your highly analytical and detailoriented skills you will be expected to demonstrate strong technical expertise a structured approach to problemsolving and effective collaboration with crossfunctional teams key responsibilities strong analytical ability and intellectual curiosity effective interpersonal and collaboration skills across diverse stakeholder groups proven capability to si…,[],0,
data analyst,Senior Data Analyst,BP,India,,,"Entity: Technology Job Family Group: IT&S Group Job Description: Senior Data Analyst - (Individual Contributor, Grade H) As a Senior Data Analyst at BP Business Solutions India Private Limited, you will play a pivotal role in redefining complex data into actionable insights, driving strategic business decisions, and contributing to the development of robust data solutions. You will lead data analysis efforts, collaborate with various teams, and champion data-driven approaches across the organiz…","Energy, Oil & Gas Jobs",2026-07-24T03:34:35Z,https://www.adzuna.in/details/5812904801?utm_medium=api&utm_source=3a1fdfd4,"entity: technology job family group: it&s group job description: senior data analyst - (individual contributor, grade h) as a senior data analyst at bp business solutions india private limited, you will play a pivotal role in redefining complex data into actionable insights, driving strategic business decisions, and contributing to the development of robust data solutions. you will lead data analysis efforts, collaborate with various teams, and champion data-driven approaches across the organiz…",[],0,
data analyst,Sr. Data Analyst,OnActive,India,2000000.0,2500000.0,"Senior Data Analyst Experience: 8 Years Work Mode: Remote Full Time Responsibilities: • Analyze large datasets to uncover trends, patterns, and insights to support business goals. • Design, develop, and manage interactive dashboards and reports using Power BI. • Utilize DAX and SQL for advanced data querying and data modeling. • Create and manage complex SQL queries for data extraction, transformation, and loading processes. • Collaborate with cross-functional teams to understand data requireme…",IT Jobs,2024-11-06T12:42:06Z,https://www.adzuna.in/details/4928060322?utm_medium=api&utm_source=3a1fdfd4,"senior data analyst experience: 8 years work mode: remote full time responsibilities: • analyze large datasets to uncover trends, patterns, and insights to support business goals. • design, develop, and manage interactive dashboards and reports using power bi. • utilize dax and sql for advanced data querying and data modeling. • create and manage complex sql queries for data extraction, transformation, and loading processes. • collaborate with cross-functional teams to understand data requireme…","['sql', 'power bi']",2,"sql, power bi"
data analyst,Data Analyst_Hyderabad,Arise Global Services,"Hyderabad, Telangana",,,"Job Summary: We are seeking a hands-on Data Analyst to deliver actionable insights by combining big data, marketing analytics, and database technology. The ideal candidate is passionate about data, skilled in data transformation and profiling, and can effectively communicate findings to cross-functional teams. Roles & Responsibilities: Data Analysis & Insights: Analyze datasets and identify patterns to generate actionable insights. Build narratives around data findings and explain results in si…",IT Jobs,2026-07-02T07:18:30Z,https://www.adzuna.in/details/5784728684?utm_medium=api&utm_source=3a1fdfd4,"job summary: we are seeking a hands-on data analyst to deliver actionable insights by combining big data, marketing analytics, and database technology. the ideal candidate is passionate about data, skilled in data transformation and profiling, and can effectively communicate findings to cross-functional teams. roles & responsibilities: data analysis & insights: analyze datasets and identify patterns to generate actionable insights. build narratives around data findings and explain results in si…",['big data'],1,big data
data analyst,Data Analyst - Surat,Mspire Ventures,"Vadodara, Gujarat",,,"Job Description: Job Title: Data Analyst Location: Surat Salary: upto 25k CTC Key Responsibilities:  Collect, validate, and follow up on data related to client-side and operations activities.  Review and verify client invoices to ensure accuracy and completeness.  Prepare and maintain riders’ payout and summary reports on a regular basis.  Present accurate data insights and reports to management as required.  Collaborate with cross-functional teams to ensure data accuracy and timely submis…",IT Jobs,2026-05-13T02:19:05Z,https://www.adzuna.in/details/5727281348?utm_medium=api&utm_source=3a1fdfd4,"job description: job title: data analyst location: surat salary: upto 25k ctc key responsibilities:  collect, validate, and follow up on data related to client-side and operations activities.  review and verify client invoices to ensure accuracy and completeness.  prepare and maintain riders’ payout and summary reports on a regular basis.  present accurate data insights and reports to management as required.  collaborate with cross-functional teams to ensure data accuracy and timely submis…",[],0,
data analyst,Staff data analyst,A3R0-GTCI,India,,,"The opportunity As a Staff Data Analyst, you will support multiple business and engineering teams by delivering advanced data analyses, reporting, and data visualization solutions. You will work closely with stakeholders to understand business questions, translate requirements into analytical approaches, and communicate insights in a clear and structured way. The role combines hands‑on analysis with the opportunity to contribute to reusable tools, dashboards, and data preparation processes that…",IT Jobs,2026-06-15T02:28:11Z,https://www.adzuna.in/details/5763806936?utm_medium=api&utm_source=3a1fdfd4,"the opportunity as a staff data analyst, you will support multiple business and engineering teams by delivering advanced data analyses, reporting, and data visualization solutions. you will work closely with stakeholders to understand business questions, translate requirements into analytical approaches, and communicate insights in a clear and structured way. the role combines hands‑on analysis with the opportunity to contribute to reusable tools, dashboards, and data preparation processes that…",['data visualization'],1,data visualization
machine learning engineer,Machine Learning Engineer,Weekday AI,India,,,"This role is for one of the Weekday's clients Min Experience: 5 years Location: Bengaluru JobType: full-time We are looking for a Machine Learning Engineer to build and operate the production infrastructure that transforms machine learning research into scalable, reliable, and low-latency AI services. You will partner closely with Applied Science, Product, and Platform Engineering teams to operationalize machine learning models, LLM-powered applications, and agentic workflows that power real-wo…",IT Jobs,2026-07-14T12:35:55Z,https://www.adzuna.in/details/5799592154?utm_medium=api&utm_source=3a1fdfd4,"this role is for one of the weekday's clients min experience: 5 years location: bengaluru jobtype: full-time we are looking for a machine learning engineer to build and operate the production infrastructure that transforms machine learning research into scalable, reliable, and low-latency ai services. you will partner closely with applied science, product, and platform engineering teams to operationalize machine learning models, llm-powered applications, and agentic workflows that power real-wo…","['machine learning', 'scala']",2,"machine learning, scala"
machine learning engineer,Machine Learning Engineer,Proof of Skill,"Bhashyam Circle, Bangalore",2800000.0,2800000.0,"Machine Learning Engineer - Kubo Care Location: Bengaluru, India — Hybrid/Onsite Experience: 3–4 years LinkedIn: Kubo Care About Us Kubo Care builds AI-powered, radar-based ambient health monitoring for senior living. Our platform detects falls and tracks vitals without cameras or wearables, helping caregivers monitor residents while preserving privacy and dignity. We are live across homes and senior living facilities in India and the US, working with real-world radar, IoT, health, and operatio…",IT Jobs,2026-07-17T00:35:52Z,https://www.adzuna.in/details/5803530450?utm_medium=api&utm_source=3a1fdfd4,"machine learning engineer - kubo care location: bengaluru, india — hybrid/onsite experience: 3–4 years linkedin: kubo care about us kubo care builds ai-powered, radar-based ambient health monitoring for senior living. our platform detects falls and tracks vitals without cameras or wearables, helping caregivers monitor residents while preserving privacy and dignity. we are live across homes and senior living facilities in india and the us, working with real-world radar, iot, health, and operatio…",['machine learning'],1,machine learning
machine learning engineer,Machine Learning Engineer,Bask Health,India,,,"Bask Health is at the forefront of the health-tech industry, providing personalized healthcare experiences through advanced, user-friendly technology. Our platform serves as a launchpad for entrepreneurs, doctors, physicians, and influencers in the DTC telehealth sector. Engineering at Bask Health is AI-first and builder-led. Work starts in an LLM to clarify intent and constraints, moves into tools like Claude and Cursor to explore and build, is tested with real patients and care teams, and the…",IT Jobs,2025-09-26T18:53:30Z,https://www.adzuna.in/details/5415364109?utm_medium=api&utm_source=3a1fdfd4,"bask health is at the forefront of the health-tech industry, providing personalized healthcare experiences through advanced, user-friendly technology. our platform serves as a launchpad for entrepreneurs, doctors, physicians, and influencers in the dtc telehealth sector. engineering at bask health is ai-first and builder-led. work starts in an llm to clarify intent and constraints, moves into tools like claude and cursor to explore and build, is tested with real patients and care teams, and the…",[],0,
machine learning engineer,Machine Learning Engineer,Branch International,India,,,"Branch Overview Branch is a leading AI-powered lending fintech with 50M downloads across India and Africa. We use alternative data and machine learning to expand financial access for millions of people traditionally excluded from the formal financial system. Founded by the former CEO of Kiva.org and backed by leading investors including Andreessen Horowitz, Visa, and the IFC, Branch combines mission-driven impact with world-class technology and scale. In India, Branch operates as a regulated di…",IT Jobs,2026-06-01T18:19:50Z,https://www.adzuna.in/details/5747582818?utm_medium=api&utm_source=3a1fdfd4,"branch overview branch is a leading ai-powered lending fintech with 50m downloads across india and africa. we use alternative data and machine learning to expand financial access for millions of people traditionally excluded from the formal financial system. founded by the former ceo of kiva.org and backed by leading investors including andreessen horowitz, visa, and the ifc, branch combines mission-driven impact with world-class technology and scale. in india, branch operates as a regulated di…",['machine learning'],1,machine learning
machine learning engineer,Machine Learning Engineer,Marj Technologies,"Noida, Ghaziabad",700000.0,1000000.0,"Job Description We are looking for a highly capable machine learning engineer to optimize our deep learning systems. You will be evaluating existing deep learning (DL) processes, do hyperparameter tuning, performing statistical analysis (logging and evaluating model’s performance) to resolve data set problems, and enhancing the accuracy of our AI software's predictive automation capabilities. You will be working with technologies like AWS Sagemaker, TensorFlow JS, TensorFlow/ Keras/TensorBoard …",IT Jobs,2022-05-28T06:10:44Z,https://www.adzuna.in/details/3175702626?utm_medium=api&utm_source=3a1fdfd4,"job description we are looking for a highly capable machine learning engineer to optimize our deep learning systems. you will be evaluating existing deep learning (dl) processes, do hyperparameter tuning, performing statistical analysis (logging and evaluating model’s performance) to resolve data set problems, and enhancing the accuracy of our ai software's predictive automation capabilities. you will be working with technologies like aws sagemaker, tensorflow js, tensorflow/ keras/tensorboard …","['machine learning', 'deep learning', 'tensorflow', 'aws']",4,"machine learning, deep learning, tensorflow, aws"
machine learning engineer,Machine Learning Engineer,Amgen,"Hyderabad, Telangana",,,"ABOUT THE ROLE You will play a key role in a regulatory submission content automation initiative which will modernize and digitize the regulatory submission process, positioning Amgen as a leader in regulatory innovation. The initiative leverages state-of-the-art technologies, including Generative AI, Structured Content Management, and integrated data to automate the creation, review, and approval of regulatory content. Role Description: We are seeking a highly skilled Machine Learning Engineer…",IT Jobs,2026-05-04T09:48:20Z,https://www.adzuna.in/details/5718401844?utm_medium=api&utm_source=3a1fdfd4,"about the role you will play a key role in a regulatory submission content automation initiative which will modernize and digitize the regulatory submission process, positioning amgen as a leader in regulatory innovation. the initiative leverages state-of-the-art technologies, including generative ai, structured content management, and integrated data to automate the creation, review, and approval of regulatory content. role description: we are seeking a highly skilled machine learning engineer…","['machine learning', 'git']",2,"machine learning, git"
machine learning engineer,Machine Learning Engineer,Qrata,"Bangalore, Karnataka",1700000.0,4000000.0,"Role: Machine Learning Engineer As a machine learning engineer on the team, you will • Help science and product teams innovate in developing and improving end-to-end solutions to machine learning-based security/privacy control • Partner with scientists to brainstorm and create new ways to collect/curate data • Design and build infrastructure critical to solving problems in privacy-preserving machine learning • Help team self-organize and follow machine learning best practice. Basic Qualificatio…",IT Jobs,2024-01-07T15:07:52Z,https://www.adzuna.in/details/4514376236?utm_medium=api&utm_source=3a1fdfd4,"role: machine learning engineer as a machine learning engineer on the team, you will • help science and product teams innovate in developing and improving end-to-end solutions to machine learning-based security/privacy control • partner with scientists to brainstorm and create new ways to collect/curate data • design and build infrastructure critical to solving problems in privacy-preserving machine learning • help team self-organize and follow machine learning best practice. basic qualificatio…",['machine learning'],1,machine learning
machine learning engineer,Machine Learning Engineer,Innover Systems,"Pune, Maharashtra",400000.0,1000000.0,"Position: Machine Learning Engineer Job Type: Full Time, Permanent Location : Baner, Pune We are looking for a visionary Machine Learning Engineer to bridge the gap between cutting-edge research and real-world applications. In this role, you won’t just be training models; you will be architecting the visual intelligence that powers our next generation of products. You will join a high-impact team dedicated to solving complex spatial and visual problems at scale. What You’ll Do Architect & Innov…",IT Jobs,2025-12-23T09:49:00Z,https://www.adzuna.in/details/5552722462?utm_medium=api&utm_source=3a1fdfd4,"position: machine learning engineer job type: full time, permanent location : baner, pune we are looking for a visionary machine learning engineer to bridge the gap between cutting-edge research and real-world applications. in this role, you won’t just be training models; you will be architecting the visual intelligence that powers our next generation of products. you will join a high-impact team dedicated to solving complex spatial and visual problems at scale. what you’ll do architect & innov…",['machine learning'],1,machine learning
machine learning engineer,Machine Learning Engineer,Thena,"Bangalore, Karnataka",1500000.0,2400000.0,"We at Thena are looking for a Machine Learning Engineer with 2-4 years of industry experience to join our team. The ideal candidate will be passionate about developing and deploying ML models that drive business value and have a strong background in ML Ops. Responsibilities: Develop, fine-tune, and deploy ML models for B2B customer communication and collaboration use cases. Collaborate with cross-functional teams to define requirements, design models, and deploy them in production. Optimize mod…",IT Jobs,2023-03-19T10:07:05Z,https://www.adzuna.in/details/3987216053?utm_medium=api&utm_source=3a1fdfd4,"we at thena are looking for a machine learning engineer with 2-4 years of industry experience to join our team. the ideal candidate will be passionate about developing and deploying ml models that drive business value and have a strong background in ml ops. responsibilities: develop, fine-tune, and deploy ml models for b2b customer communication and collaboration use cases. collaborate with cross-functional teams to define requirements, design models, and deploy them in production. optimize mod…","['machine learning', 'communication']",2,"machine learning, communication"
machine learning engineer,Machine Learning Engineer,LMES Academy,"Chennai, Tamil Nadu",700000.0,1500000.0,"Company Name : LMES Academy Private Limited Website : https://lmes.in/ Linkedin : https://www.linkedin.com/company/lmes-academy/mycompany/ Role : Machine Learning Engineer Experience: 2 Year to 4 Years Location: Urapakkam, Chennai, Tamil Nadu. Job Overview: We are looking for a Machine Learning Engineer to join our team and help us advance our AI capabilities. Requirements • Model Training and Fine-Tuning: Utilize and refine large language models using techniques such as distillation and superv…",IT Jobs,2024-05-26T10:06:36Z,https://www.adzuna.in/details/4708090721?utm_medium=api&utm_source=3a1fdfd4,"company name : lmes academy private limited website : https://lmes.in/ linkedin : https://www.linkedin.com/company/lmes-academy/mycompany/ role : machine learning engineer experience: 2 year to 4 years location: urapakkam, chennai, tamil nadu. job overview: we are looking for a machine learning engineer to join our team and help us advance our ai capabilities. requirements • model training and fine-tuning: utilize and refine large language models using techniques such as distillation and superv…",['machine learning'],1,machine learning
machine learning engineer,Machine Learning Engineer,Potentiam,"Bangalore, Karnataka",2500000.0,3500000.0,"● Proven experience in training, evaluating and deploying machine learning models ● Solid understanding of data science and machine learning concepts ● Experience with some machine learning / data engineering machine learning tech in Python (such as numpy, pytorch, pandas/polars, airflow, etc) ● Experience developing data products using large language model, prompt engineering, model evaluation. ● Experience with web services and programming (such as Python, docker, databases etc.) ● Understand…",IT Jobs,2025-08-22T07:51:31Z,https://www.adzuna.in/details/5363133330?utm_medium=api&utm_source=3a1fdfd4,"● proven experience in training, evaluating and deploying machine learning models ● solid understanding of data science and machine learning concepts ● experience with some machine learning / data engineering machine learning tech in python (such as numpy, pytorch, pandas/polars, airflow, etc) ● experience developing data products using large language model, prompt engineering, model evaluation. ● experience with web services and programming (such as python, docker, databases etc.) ● understand…","['python', 'machine learning', 'pandas', 'numpy', 'pytorch', 'airflow', 'docker']",7,"python, machine learning, pandas, numpy, pytorch, airflow, docker"
machine learning engineer,Machine Learning Engineer,Alignerr,"Mumbai, Maharashtra",,,"Machine Learning Engineer — AI Data Trainer About The Role What if your technical expertise could directly shape how the world's most advanced AI systems reason, plan, and solve problems? We're looking for Machine Learning Engineers to help train cutting-edge AI models by demonstrating how expert minds think through complex technical challenges — step by step. This isn't prompt engineering or basic annotation. You'll be creating the gold-standard reasoning traces that teach AI models how to str…",IT Jobs,2026-07-06T19:28:56Z,https://www.adzuna.in/details/5789965047?utm_medium=api&utm_source=3a1fdfd4,"machine learning engineer — ai data trainer about the role what if your technical expertise could directly shape how the world's most advanced ai systems reason, plan, and solve problems? we're looking for machine learning engineers to help train cutting-edge ai models by demonstrating how expert minds think through complex technical challenges — step by step. this isn't prompt engineering or basic annotation. you'll be creating the gold-standard reasoning traces that teach ai models how to str…",['machine learning'],1,machine learning
machine learning engineer,Machine learning engineer,Sadup Softech,India,400000.0,1500000.0,"Job Description: We are seeking a talented Machine Learning Engineer with expertise in software engineering to join our team. As a Machine Learning Engineer, your primary responsibility will be to develop machine learning (ML) solutions that focus on technology process improvements. Specifically, you will be working on projects involving ML & Generative AI solutions for Technology & Data Management Efficiencies such as optimal cloud computing, knowledge bots, Software Code Assistants, Automatic…",IT Jobs,2024-05-03T15:49:39Z,https://www.adzuna.in/details/4676936483?utm_medium=api&utm_source=3a1fdfd4,"job description: we are seeking a talented machine learning engineer with expertise in software engineering to join our team. as a machine learning engineer, your primary responsibility will be to develop machine learning (ml) solutions that focus on technology process improvements. specifically, you will be working on projects involving ml & generative ai solutions for technology & data management efficiencies such as optimal cloud computing, knowledge bots, software code assistants, automatic…",['machine learning'],1,machine learning
machine learning engineer,Machine Learning Engineer,People First Consultants,"Bangalore, Karnataka",1000000.0,3500000.0,"Greetings We are looking for a Machine Learning engineer for on of our premium client. Experience: 2-9 years Location: Gurgaon/Bangalore Tech Stack: Python, PySpark, the Python Scientific Stack; MLFlow, Grafana, Prometheus for machine learning pipeline management and monitoring; SQL, Airflow, Databricks, our own open-source data pipelining framework called Kedro, Dask/RAPIDS; Django, GraphQL and ReactJS for horizontal product development; container technologies such as Docker and Kubernetes, Ci…",IT Jobs,2023-03-01T01:41:44Z,https://www.adzuna.in/details/3949356918?utm_medium=api&utm_source=3a1fdfd4,"greetings we are looking for a machine learning engineer for on of our premium client. experience: 2-9 years location: gurgaon/bangalore tech stack: python, pyspark, the python scientific stack; mlflow, grafana, prometheus for machine learning pipeline management and monitoring; sql, airflow, databricks, our own open-source data pipelining framework called kedro, dask/rapids; django, graphql and reactjs for horizontal product development; container technologies such as docker and kubernetes, ci…","['python', 'sql', 'machine learning', 'spark', 'airflow', 'docker']",6,"python, sql, machine learning, spark, airflow, docker"
machine learning engineer,Machine Learning Engineer,ParallelDots,India,,,About The Role: We are currently looking to hire Machine Learning Engineer for our organisation. The Required Skillset: Excellent at Python programming and some experience with PyTorch Some work experience in training Image Classification and Object Detection algorithms is necessary Diligence and Attention to detail. Some experience with NLP is good but not necessary Any experience with Web Development and model serving with Torchserve is an added bonus Some experience around OCR will be helpfu…,IT Jobs,2026-05-08T02:11:35Z,https://www.adzuna.in/details/5722062899?utm_medium=api&utm_source=3a1fdfd4,about the role: we are currently looking to hire machine learning engineer for our organisation. the required skillset: excellent at python programming and some experience with pytorch some work experience in training image classification and object detection algorithms is necessary diligence and attention to detail. some experience with nlp is good but not necessary any experience with web development and model serving with torchserve is an added bonus some experience around ocr will be helpfu…,"['python', 'excel', 'machine learning', 'pytorch', 'nlp']",5,"python, excel, machine learning, pytorch, nlp"
machine learning engineer,Machine Learning Engineer,Sun King,India,,,"Job location: Remote in India About the role: We are looking for a seasoned Machine Learning Engineer with deep expertise in deep learning to design and build production-grade models in the speech/audio and computer vision domains. The Machine Learning Engineer will own the end-to-end model development lifecycle - from dataset curation and architecture design through training, optimization, and deployment, and will work closely with software and product teams to ship low-latency, scalable AI fe…",IT Jobs,2026-06-17T02:48:22Z,https://www.adzuna.in/details/5766000536?utm_medium=api&utm_source=3a1fdfd4,"job location: remote in india about the role: we are looking for a seasoned machine learning engineer with deep expertise in deep learning to design and build production-grade models in the speech/audio and computer vision domains. the machine learning engineer will own the end-to-end model development lifecycle - from dataset curation and architecture design through training, optimization, and deployment, and will work closely with software and product teams to ship low-latency, scalable ai fe…","['machine learning', 'deep learning', 'scala']",3,"machine learning, deep learning, scala"
machine learning engineer,Machine Learning Engineer,Morningstar,"Mumbai, Maharashtra",,,"Job Overview As a Machine Learning Engineer, AI & ML — Data Collection , you will contribute to building and scaling the company’s Unified AI/ML Data Collection Platform, enabling standardized, reliable, and scalable machine learning capabilities across the organization. This role will focus on developing and supporting AI/ML and LLM-driven data systems that power data pipelines, model lifecycle management, evaluation frameworks, and production deployment. This position requires hands-on experi…",IT Jobs,2026-06-29T02:47:09Z,https://www.adzuna.in/details/5780537027?utm_medium=api&utm_source=3a1fdfd4,"job overview as a machine learning engineer, ai & ml — data collection , you will contribute to building and scaling the company’s unified ai/ml data collection platform, enabling standardized, reliable, and scalable machine learning capabilities across the organization. this role will focus on developing and supporting ai/ml and llm-driven data systems that power data pipelines, model lifecycle management, evaluation frameworks, and production deployment. this position requires hands-on experi…","['machine learning', 'scala']",2,"machine learning, scala"
machine learning engineer,Machine Learning Engineer,Tradeindia.com - Infocom Network,"Delhi, India",400000.0,1000000.0,"Tradeindia is looking for Machine Learning Engineers to join its engineering team. The ideal candidate will have industry experience working on a recommendation engine, a range of classification and optimization problems e.g.: Collaborative filtering/recommendation User journey prediction Search ranking Text/ sentiment classification or spam detection Predictive analytics The position will involve taking Algorithm and Programming skills and applying them to some of the most exciting and massive…",IT Jobs,2019-05-17T21:02:38Z,https://www.adzuna.in/details/1155088318?utm_medium=api&utm_source=3a1fdfd4,"tradeindia is looking for machine learning engineers to join its engineering team. the ideal candidate will have industry experience working on a recommendation engine, a range of classification and optimization problems e.g.: collaborative filtering/recommendation user journey prediction search ranking text/ sentiment classification or spam detection predictive analytics the position will involve taking algorithm and programming skills and applying them to some of the most exciting and massive…",['machine learning'],1,machine learning
machine learning engineer,Machine Learning Engineer,Weekday,"Bangalore, Karnataka",280000.0,8500000.0,"This role is for one of our clients Industry: Software Development Seniority level: Mid-Senior level Min Experience: 5 years Location: Bengaluru JobType: full-time ₹28,00,000 - ₹85,00,000 a year We are looking for a Machine Learning Engineer to build and operate the production infrastructure that transforms machine learning research into scalable, reliable, and low-latency AI services. You will partner closely with Applied Science, Product, and Platform Engineering teams to operationalize machi…",IT Jobs,2026-07-16T03:15:57Z,https://www.adzuna.in/details/5801707033?utm_medium=api&utm_source=3a1fdfd4,"this role is for one of our clients industry: software development seniority level: mid-senior level min experience: 5 years location: bengaluru jobtype: full-time ₹28,00,000 - ₹85,00,000 a year we are looking for a machine learning engineer to build and operate the production infrastructure that transforms machine learning research into scalable, reliable, and low-latency ai services. you will partner closely with applied science, product, and platform engineering teams to operationalize machi…","['machine learning', 'scala']",2,"machine learning, scala"
machine learning engineer,Machine Learning Engineer,UnFound,"Mumbai, Maharashtra",500000.0,500000.0,"Does the current state of media frustrate you? Do you want to change the way we consume news? Are you a kickass machine learning practitioner and aspiring entrepreneur, who has opinions on world affairs as well? If so, continue reading! We at UnFound are developing a product which simplifies complex and cluttered news into simple themes, removes bias by showing all (& often unheard of) perspectives, and produce crisp summaries- all with minimal human intervention! We are looking for passionate …",IT Jobs,2019-06-05T21:12:11Z,https://www.adzuna.in/details/1171507734?utm_medium=api&utm_source=3a1fdfd4,"does the current state of media frustrate you? do you want to change the way we consume news? are you a kickass machine learning practitioner and aspiring entrepreneur, who has opinions on world affairs as well? if so, continue reading! we at unfound are developing a product which simplifies complex and cluttered news into simple themes, removes bias by showing all (& often unheard of) perspectives, and produce crisp summaries- all with minimal human intervention! we are looking for passionate …",['machine learning'],1,machine learning
machine learning engineer,Machine Learning Engineer,Phenom People,"Hyderabad, Telangana",1000000.0,1800000.0,"JOB TITLE - Product Development Engineer - Machine Learning ● Work Location: Hyderabad ● Full-time Company Description Phenom People is the leader in Talent Experience Marketing (TXM for short) . We’re an early-stage startup on a mission to fundamentally transform how companies acquire talent. As a category creator, our goals are two-fold: to educate talent acquisition and HR leaders on the benefits of TXM and to help solve their recruiting pain points. Job Responsibilities: Design and implemen…",Engineering Jobs,2023-02-02T08:54:57Z,https://www.adzuna.in/details/3894826256?utm_medium=api&utm_source=3a1fdfd4,"job title - product development engineer - machine learning ● work location: hyderabad ● full-time company description phenom people is the leader in talent experience marketing (txm for short) . we’re an early-stage startup on a mission to fundamentally transform how companies acquire talent. as a category creator, our goals are two-fold: to educate talent acquisition and hr leaders on the benefits of txm and to help solve their recruiting pain points. job responsibilities: design and implemen…",['machine learning'],1,machine learning
machine learning engineer,Machine Learning Engineer,AIMonk Labs Pvt Ltd,India,900000.0,1200000.0,"Job Description A job where you increase the depth of your expertise in computer vision. A job where you learn and implement the SOTA papers. A job where you write vectorized code that runs in seconds, not in minutes. A job where models learn to see and understand the world around them. A job where models run real-time because you optimize every byte. A job where you keep the career promises that you made to yourself. A job where you keep the learning promises that you made to yourself. If this…",IT Jobs,2024-09-27T11:53:19Z,https://www.adzuna.in/details/4878673281?utm_medium=api&utm_source=3a1fdfd4,"job description a job where you increase the depth of your expertise in computer vision. a job where you learn and implement the sota papers. a job where you write vectorized code that runs in seconds, not in minutes. a job where models learn to see and understand the world around them. a job where models run real-time because you optimize every byte. a job where you keep the career promises that you made to yourself. a job where you keep the learning promises that you made to yourself. if this…",[],0,
machine learning engineer,Machine Learning Engineer,Adyen,"Bangalore, Karnataka",,,"This is Adyen Adyen provides payments, data, and financial products in a single solution for customers like Meta, Uber, H&M, and Microsoft - making us the financial technology platform of choice. At Adyen, everything we do is engineered for ambition. For our teams, we create an environment with opportunities for our people to succeed, backed by the culture and support to ensure they are enabled to truly own their careers. We are motivated individuals who tackle unique technical challenges at sc…",IT Jobs,2026-07-16T03:13:12Z,https://www.adzuna.in/details/5801691007?utm_medium=api&utm_source=3a1fdfd4,"this is adyen adyen provides payments, data, and financial products in a single solution for customers like meta, uber, h&m, and microsoft - making us the financial technology platform of choice. at adyen, everything we do is engineered for ambition. for our teams, we create an environment with opportunities for our people to succeed, backed by the culture and support to ensure they are enabled to truly own their careers. we are motivated individuals who tackle unique technical challenges at sc…",[],0,
machine learning engineer,Machine Learning Engineer,Stellaspire,"Kolkata, West Bengal",,,"About the job ML Engineer (Studio Applications) Location: Remote (India) Level: Mid/Senior (5–10 years) About the role The ML Engineer (Studio Applications) focuses on deploying and maintaining machine learning models that support LoglineAI’s production workflows. The role is primarily applied and production-focused rather than research-oriented. The engineer will integrate third-party and open-source models for image and video generation, enhancement, and quality control into the platform. The…",Scientific & QA Jobs,2025-12-13T00:44:37Z,https://www.adzuna.in/details/5540047885?utm_medium=api&utm_source=3a1fdfd4,"about the job ml engineer (studio applications) location: remote (india) level: mid/senior (5–10 years) about the role the ml engineer (studio applications) focuses on deploying and maintaining machine learning models that support loglineai’s production workflows. the role is primarily applied and production-focused rather than research-oriented. the engineer will integrate third-party and open-source models for image and video generation, enhancement, and quality control into the platform. the…",['machine learning'],1,machine learning
machine learning engineer,Machine Learning Engineer,Capco,"Bangalore, Karnataka",,,"Joining Capco means joining an organisation that is committed to an inclusive working environment where youre encouraged to BeYourselfAtWork. We celebrate individuality and recognize that diversity and inclusion, in all forms, is critical to success. It's important to us that we recruit and develop as diverse a range of talent as we can. We believe that everyone brings something different to the table – so we'd love to know what makes you different. We are/have: Experts in banking and payments,…",IT Jobs,2026-06-09T06:50:50Z,https://www.adzuna.in/details/5756754110?utm_medium=api&utm_source=3a1fdfd4,"joining capco means joining an organisation that is committed to an inclusive working environment where youre encouraged to beyourselfatwork. we celebrate individuality and recognize that diversity and inclusion, in all forms, is critical to success. it's important to us that we recruit and develop as diverse a range of talent as we can. we believe that everyone brings something different to the table – so we'd love to know what makes you different. we are/have: experts in banking and payments,…",[],0,
machine learning engineer,Machine Learning Engineer,Barclays,India,,,"Job Description Purpose of the role To build and maintain the systems that collect, store, process, and analyse data, such as data pipelines, data warehouses and data lakes to ensure that all data is accurate, accessible, and secure. Accountabilities Build and maintenance of data architectures pipelines that enable the transfer and processing of durable, complete and consistent data. Design and implementation of data warehoused and data lakes that manage the appropriate data volumes and velocit…",IT Jobs,2026-04-19T02:00:20Z,https://www.adzuna.in/details/5703906666?utm_medium=api&utm_source=3a1fdfd4,"job description purpose of the role to build and maintain the systems that collect, store, process, and analyse data, such as data pipelines, data warehouses and data lakes to ensure that all data is accurate, accessible, and secure. accountabilities build and maintenance of data architectures pipelines that enable the transfer and processing of durable, complete and consistent data. design and implementation of data warehoused and data lakes that manage the appropriate data volumes and velocit…",[],0,
machine learning engineer,Machine Learning Engineering,Quantiphi,India,,,"While technology is the heart of our business, a global and diverse culture is the heart of our success. We love our people and we take pride in catering them to a culture built on transparency, diversity, integrity, learning and growth. If working in an environment that encourages you to innovate and excel, not just in professional but personal life, interests you- you would enjoy your career with Quantiphi! Role : Machine Learning Engineer Experience Level : 3 to 12 years Roles & Responsibili…",IT Jobs,2026-07-10T03:50:12Z,https://www.adzuna.in/details/5794773347?utm_medium=api&utm_source=3a1fdfd4,"while technology is the heart of our business, a global and diverse culture is the heart of our success. we love our people and we take pride in catering them to a culture built on transparency, diversity, integrity, learning and growth. if working in an environment that encourages you to innovate and excel, not just in professional but personal life, interests you- you would enjoy your career with quantiphi! role : machine learning engineer experience level : 3 to 12 years roles & responsibili…","['excel', 'machine learning']",2,"excel, machine learning"
machine learning engineer,Machine Learning Engineer,Norstella,India,,,"Machine Learning Engineer Company: Norstella Location: Remote, India Date Posted: Jul 22, 2026 Employment Type: Full Time Job ID: R-2036 Description About Norstella At Norstella, our mission is simple: to help our clients bring life-saving therapies to market quicker-and help patients in need. Founded in 2022, but with history going back to 1939, Norstella unites best-in-class brands to help clients navigate the complexities at each step of the drug development life cycle -and get the right tre…",IT Jobs,2026-07-11T10:42:02Z,https://www.adzuna.in/details/5796582780?utm_medium=api&utm_source=3a1fdfd4,"machine learning engineer company: norstella location: remote, india date posted: jul 22, 2026 employment type: full time job id: r-2036 description about norstella at norstella, our mission is simple: to help our clients bring life-saving therapies to market quicker-and help patients in need. founded in 2022, but with history going back to 1939, norstella unites best-in-class brands to help clients navigate the complexities at each step of the drug development life cycle -and get the right tre…",['machine learning'],1,machine learning
machine learning engineer,Machine Learning Engineer,Spector.ai,"Bangalore, Karnataka",,,"Role Description We are seeking an experienced machine learning engineer to join our seasoned founding team to drive the development and innovation of our ML platform. Ideal candidates bring extensive experience in building the next generation of machine learning models and its training and serving infrastructure for the Spector. This role requires a hands-on engineer who is passionate about our mission, thrives in a startup environment, and is committed to pushing the boundaries of what ML and…",IT Jobs,2026-02-19T01:58:03Z,https://www.adzuna.in/details/5635046286?utm_medium=api&utm_source=3a1fdfd4,"role description we are seeking an experienced machine learning engineer to join our seasoned founding team to drive the development and innovation of our ml platform. ideal candidates bring extensive experience in building the next generation of machine learning models and its training and serving infrastructure for the spector. this role requires a hands-on engineer who is passionate about our mission, thrives in a startup environment, and is committed to pushing the boundaries of what ml and…",['machine learning'],1,machine learning
machine learning engineer,Machine Learning Engineer,"DATASEE.AI, INC.","Chennai, Tamil Nadu",700000.0,1400000.0,"Do you want to help build real technology for a meaningful purpose? Do you want to contribute to making the world more sustainable, advanced and accomplished extraordinary precision in Analytics? What is your role? As a Computer Vision & Machine Learning Engineer at Datasee.AI, you’ll be core to the development of our robotic harvesting system’s visual intelligence. You’ll bring deep computer vision, machine learning, and software expertise while also thriving in a fast-paced, flexible, and ene…",IT Jobs,2022-04-12T05:27:44Z,https://www.adzuna.in/details/3044590237?utm_medium=api&utm_source=3a1fdfd4,"do you want to help build real technology for a meaningful purpose? do you want to contribute to making the world more sustainable, advanced and accomplished extraordinary precision in analytics? what is your role? as a computer vision & machine learning engineer at datasee.ai, you’ll be core to the development of our robotic harvesting system’s visual intelligence. you’ll bring deep computer vision, machine learning, and software expertise while also thriving in a fast-paced, flexible, and ene…",['machine learning'],1,machine learning
machine learning engineer,Machine Learning Engineer,InFoCusp,"Pune, Maharashtra",1000000.0,3000000.0,"Machine Learning Engineer Location: Ahmedabad / Pune Team: Technology Company Profile InFoCusp is a company working in the broad field of Computer Science, Software Engineering, and Artificial Intelligence (AI). It is headquartered in Ahmedabad, India, having a branch office in Pune. We have worked on / are working on AI projects / algorithms-heavy projects with applications ranging in finance, healthcare, e-commerce, legal, HR/recruiting, pharmaceutical, leisure sports and computer gaming doma…",IT Jobs,2022-07-20T06:36:18Z,https://www.adzuna.in/details/3332673255?utm_medium=api&utm_source=3a1fdfd4,"machine learning engineer location: ahmedabad / pune team: technology company profile infocusp is a company working in the broad field of computer science, software engineering, and artificial intelligence (ai). it is headquartered in ahmedabad, india, having a branch office in pune. we have worked on / are working on ai projects / algorithms-heavy projects with applications ranging in finance, healthcare, e-commerce, legal, hr/recruiting, pharmaceutical, leisure sports and computer gaming doma…",['machine learning'],1,machine learning
machine learning engineer,Machine Learning Engineer,NewVison,India,1500000.0,2200000.0,"Job Summary We are looking for a talented and motivated Machine Learning Engineer with 3–6 years of hands-on experience in developing, deploying, and maintaining Machine Learning and Deep Learning solutions. The ideal candidate should have strong knowledge of ML algorithms, model development, data preprocessing, model evaluation, and production deployment. Experience with MLflow , SQL , and modern ML development practices is essential. Key Responsibilities * Design, develop, train, and deploy M…",IT Jobs,2026-07-05T03:38:44Z,https://www.adzuna.in/details/5788472875?utm_medium=api&utm_source=3a1fdfd4,"job summary we are looking for a talented and motivated machine learning engineer with 3–6 years of hands-on experience in developing, deploying, and maintaining machine learning and deep learning solutions. the ideal candidate should have strong knowledge of ml algorithms, model development, data preprocessing, model evaluation, and production deployment. experience with mlflow , sql , and modern ml development practices is essential. key responsibilities * design, develop, train, and deploy m…","['sql', 'machine learning', 'deep learning']",3,"sql, machine learning, deep learning"
machine learning engineer,Machine Learning Engineer,A P Moller Maersk,"Bangalore, Karnataka",,,"Job description Machine Learning Engineer Maersk, the worlds largest shipping company, is transforming into an industrial digital giant that enables global trade with its land, sea and port assets. We are the digital and software development organization that builds products in the areas of predictive science, optimization and IoT. This position offers the opportunity to build your engineering career in a data and analytics intensive environment, delivering work that has direct and significant …",IT Jobs,2026-06-11T06:51:19Z,https://www.adzuna.in/details/5759284130?utm_medium=api&utm_source=3a1fdfd4,"job description machine learning engineer maersk, the worlds largest shipping company, is transforming into an industrial digital giant that enables global trade with its land, sea and port assets. we are the digital and software development organization that builds products in the areas of predictive science, optimization and iot. this position offers the opportunity to build your engineering career in a data and analytics intensive environment, delivering work that has direct and significant …","['machine learning', 'git']",2,"machine learning, git"
machine learning engineer,Machine Learning Engineer,PLS Lawyers Pvt Ltd,India,600000.0,1200000.0,"Duties About Us: We are a UK-based conveyancing firm dedicated to transforming property transactions through cutting-edge artificial intelligence. We are seeking a talented Machine Learning Engineer with 1–2 years of experience to join our growing AI team. This role offers a unique opportunity to work on scalable ML systems and Generative AI applications in a dynamic and impactful environment. Responsibilities: Design, Build, and Deploy Scalable ML Models You will be responsible for end-to-end …",Scientific & QA Jobs,2025-07-09T07:34:22Z,https://www.adzuna.in/details/5292951715?utm_medium=api&utm_source=3a1fdfd4,"duties about us: we are a uk-based conveyancing firm dedicated to transforming property transactions through cutting-edge artificial intelligence. we are seeking a talented machine learning engineer with 1–2 years of experience to join our growing ai team. this role offers a unique opportunity to work on scalable ml systems and generative ai applications in a dynamic and impactful environment. responsibilities: design, build, and deploy scalable ml models you will be responsible for end-to-end …","['machine learning', 'scala']",2,"machine learning, scala"
machine learning engineer,Machine Learning Engineer,Vector Labs Tech,India,1000000.0,1500000.0,"Model Development and Deployment: Design, develop, and implement machine learning models for various applications (e.g., classification, regression, natural language processing, computer vision). Deploy and maintain machine learning models in production environments. Optimize model performance and efficiency through feature engineering, hyperparameter tuning, and model selection. Build and maintain scalable machine learning pipelines. Data Engineering and Management: Work with large datasets, i…",Engineering Jobs,2025-03-29T06:24:28Z,https://www.adzuna.in/details/5117034498?utm_medium=api&utm_source=3a1fdfd4,"model development and deployment: design, develop, and implement machine learning models for various applications (e.g., classification, regression, natural language processing, computer vision). deploy and maintain machine learning models in production environments. optimize model performance and efficiency through feature engineering, hyperparameter tuning, and model selection. build and maintain scalable machine learning pipelines. data engineering and management: work with large datasets, i…","['machine learning', 'scala']",2,"machine learning, scala"
machine learning engineer,Machine Learning Engineer,Momentum Group Limited,"Navi Mumbai, Maharashtra",,,"Introduction The founding of Metropolitan dates to as early as 1898 and Momentum traces its roots to being established in 1966. Momentum Group was formed from the merger of Metropolitan and Momentum, two sizeable and diverse insurance-based financial services companies in South Africa and was listed on the Johannesburg Stock Exchange on 1 December 2010. In order to grow its international footprint and diversify its revenue streams, Momentum Group actively pursues financially viable opportunitie…",IT Jobs,2026-07-17T03:15:54Z,https://www.adzuna.in/details/5803782486?utm_medium=api&utm_source=3a1fdfd4,"introduction the founding of metropolitan dates to as early as 1898 and momentum traces its roots to being established in 1966. momentum group was formed from the merger of metropolitan and momentum, two sizeable and diverse insurance-based financial services companies in south africa and was listed on the johannesburg stock exchange on 1 december 2010. in order to grow its international footprint and diversify its revenue streams, momentum group actively pursues financially viable opportunitie…",[],0,
machine learning engineer,Machine Learning Engineer,Artifex HR,"Bangalore, Karnataka",0.0,800000.0,"Job Description : Sr. Machine Learning Engineer will support our various business vertical teams with insights gained from analyzing company data. The ideal candidate is adept at using large data sets to find opportunities for product and process optimization and using models to test the effectiveness of different courses of action. They must have strong experience using a variety of data mining/data analysis methods, using a variety of data tools, building and implementing models, using/creati…",IT Jobs,2021-10-16T06:33:17Z,https://www.adzuna.in/details/2549478979?utm_medium=api&utm_source=3a1fdfd4,"job description : sr. machine learning engineer will support our various business vertical teams with insights gained from analyzing company data. the ideal candidate is adept at using large data sets to find opportunities for product and process optimization and using models to test the effectiveness of different courses of action. they must have strong experience using a variety of data mining/data analysis methods, using a variety of data tools, building and implementing models, using/creati…",['machine learning'],1,machine learning
machine learning engineer,Machine Learning Engineer,Hilti,India,,,"Location Location India Region Maharashtra City Pune Career Area IT, Software & Digital Experience Level Experienced Professionals Job ID WD-0041241 Description and requirements Hilti is investing massively into growing its software and service business and digitizing its customers’ processes. Our Business Unit Fastening & Protection Solutions (BU FPS) develops cutting edge end-to-end solutions for structural connections, MEP supports and fire protection. We see tremendous opportunities in leve…",IT Jobs,2026-07-22T03:24:22Z,https://www.adzuna.in/details/5809893257?utm_medium=api&utm_source=3a1fdfd4,"location location india region maharashtra city pune career area it, software & digital experience level experienced professionals job id wd-0041241 description and requirements hilti is investing massively into growing its software and service business and digitizing its customers’ processes. our business unit fastening & protection solutions (bu fps) develops cutting edge end-to-end solutions for structural connections, mep supports and fire protection. we see tremendous opportunities in leve…",['git'],1,git
machine learning engineer,Machine Learning Engineer,Roku,"Bangalore, Karnataka",,,"Teamwork makes the stream work. Roku is changing how the world watches TV Roku is the 1 TV streaming platform in the U.S., Canada, and Mexico, and we've set our sights on powering every television in the world. Roku pioneered streaming to the TV. Our mission is to be the TV streaming platform that connects the entire TV ecosystem. We connect consumers to the content they love, enable content publishers to build and monetize large audiences, and provide advertisers unique capabilities to engage …",IT Jobs,2026-05-31T02:14:11Z,https://www.adzuna.in/details/5745813239?utm_medium=api&utm_source=3a1fdfd4,"teamwork makes the stream work. roku is changing how the world watches tv roku is the 1 tv streaming platform in the u.s., canada, and mexico, and we've set our sights on powering every television in the world. roku pioneered streaming to the tv. our mission is to be the tv streaming platform that connects the entire tv ecosystem. we connect consumers to the content they love, enable content publishers to build and monetize large audiences, and provide advertisers unique capabilities to engage …",[],0,
machine learning engineer,Machine learning Engineer,NeoGenCode Technologies Pvt Ltd,India,1000000.0,1400000.0,"Strong expertise in Databricks, Agentbricks, AI, Machine Learning, Generative AI, and LLM-based systems to lead end-to-end delivery of complex AI initiatives. Strong Python programming skills with experience in FastAPI, PySpark, and SQL. Hands-on experience with MLflow for experiment tracking, model versioning, and deployment.Strong knowledge of Generative AI and LLMs: prompt engineering, fine-tuning, and model integration. Experience working on Databricks (Delta Lake, ML runtime) and AWS Cloud…",IT Jobs,2026-02-12T11:40:59Z,https://www.adzuna.in/details/5625766940?utm_medium=api&utm_source=3a1fdfd4,"strong expertise in databricks, agentbricks, ai, machine learning, generative ai, and llm-based systems to lead end-to-end delivery of complex ai initiatives. strong python programming skills with experience in fastapi, pyspark, and sql. hands-on experience with mlflow for experiment tracking, model versioning, and deployment.strong knowledge of generative ai and llms: prompt engineering, fine-tuning, and model integration. experience working on databricks (delta lake, ml runtime) and aws cloud…","['python', 'sql', 'machine learning', 'aws', 'spark']",5,"python, sql, machine learning, aws, spark"
machine learning engineer,Machine Learning Engineer,DeepAffects,"Mumbai, Maharashtra",1500000.0,2400000.0,"What will you do?  Solve problems in speech and NLP domain using advanced Deep learning and Machine Learning techniques. Few examples of the problems are -  Limited resource Speaker Diarization on mono-channel recordings in noisy environment.  Speech Enhancement to improve accuracy of downstream speech analytics tasks.  Automated Speech Recognition for accent heavy audio with a noisy background.  Speech analytic tasks, which include: emotions, empathy, keyword extraction.  Text analytic tasks, …",IT Jobs,2020-01-07T09:38:58Z,https://www.adzuna.in/details/1398819281?utm_medium=api&utm_source=3a1fdfd4,"what will you do? solve problems in speech and nlp domain using advanced deep learning and machine learning techniques. few examples of the problems are - limited resource speaker diarization on mono-channel recordings in noisy environment. speech enhancement to improve accuracy of downstream speech analytics tasks. automated speech recognition for accent heavy audio with a noisy background. speech analytic tasks, which include: emotions, empathy, keyword extraction. text analytic tasks, …","['machine learning', 'deep learning', 'nlp']",3,"machine learning, deep learning, nlp"
machine learning engineer,Machine Learning Engineer,Latent Bridge Pvt Ltd,India,500000.0,1500000.0,"JOB SKILLS & QUALIFICATIONS WHAT YOU'LL DO Design model serving solutions and develop machine learning-based applications. services, and APIs so as to productionise machine learning models. Set and maintain engineering standards while to grow and go far. Partner with the Data Scientists (those who actually build, train and evaluate ML models) to provide an end-to-end solution for machine learning-based projects. Foster the technological evolution of services and improve their end-to-end quality…",IT Jobs,2022-01-22T04:51:38Z,https://www.adzuna.in/details/2833106061?utm_medium=api&utm_source=3a1fdfd4,"job skills & qualifications what you'll do design model serving solutions and develop machine learning-based applications. services, and apis so as to productionise machine learning models. set and maintain engineering standards while to grow and go far. partner with the data scientists (those who actually build, train and evaluate ml models) to provide an end-to-end solution for machine learning-based projects. foster the technological evolution of services and improve their end-to-end quality…",['machine learning'],1,machine learning
machine learning engineer,Machine Learning Engineer,Graphene Services Pte Ltd,"Bangalore, Karnataka",,,"ML Engineer WE ARE GRAPHENE Graphene is an award-winning AI company, developing customized insights and data solutions for corporate clients. With a focus on healthcare, consumer goods and financial services, our proprietary AI platform is disrupting market research with an approach that allows us to get into the mind of customers to a degree unprecedented in traditional market research. Graphene was founded by corporate leaders from Microsoft and P&G and works closely with the Singapore Govern…",IT Jobs,2021-10-13T05:52:48Z,https://www.adzuna.in/details/2539490299?utm_medium=api&utm_source=3a1fdfd4,"ml engineer we are graphene graphene is an award-winning ai company, developing customized insights and data solutions for corporate clients. with a focus on healthcare, consumer goods and financial services, our proprietary ai platform is disrupting market research with an approach that allows us to get into the mind of customers to a degree unprecedented in traditional market research. graphene was founded by corporate leaders from microsoft and p&g and works closely with the singapore govern…",[],0,
machine learning engineer,Machine Learning Engineer,SmartJoules,"Delhi, India",800000.0,1200000.0,"Responsibilities : Exploring and visualizing data to gain an understanding of it, then identifying differences in data distribution that could affect performance when deploying the model in the real world. Verifying data quality, and/or ensuring it via data cleaning. Able to adapt and work fast in producing the output which upgrades the decision making of stakeholders using ML. To design and develop Machine Learning systems and schemes. To perform statistical analysis and fine-tune models using…",IT Jobs,2020-11-26T02:54:16Z,https://www.adzuna.in/details/1844548865?utm_medium=api&utm_source=3a1fdfd4,"responsibilities : exploring and visualizing data to gain an understanding of it, then identifying differences in data distribution that could affect performance when deploying the model in the real world. verifying data quality, and/or ensuring it via data cleaning. able to adapt and work fast in producing the output which upgrades the decision making of stakeholders using ml. to design and develop machine learning systems and schemes. to perform statistical analysis and fine-tune models using…",['machine learning'],1,machine learning
machine learning engineer,Machine Learning Engineer,Zycus,"Bangalore, Karnataka",500000.0,1500000.0,"We are looking for applicants with a strong background in Analytics and Data mining (Web, Social and Big data), Machine Learning and Pattern Recognition, Natural Language Processing and Computational Linguistics, Statistical Modelling and Inferencing, Information Retrieval, Large Scale Distributed Systems and Cloud Computing, Econometrics and Quantitative Marketing, Applied Game Theory and Mechanism Design, Operations Research and Optimization, Human Computer Interaction and Information Visuali…",IT Jobs,2021-03-10T04:39:25Z,https://www.adzuna.in/details/2042125548?utm_medium=api&utm_source=3a1fdfd4,"we are looking for applicants with a strong background in analytics and data mining (web, social and big data), machine learning and pattern recognition, natural language processing and computational linguistics, statistical modelling and inferencing, information retrieval, large scale distributed systems and cloud computing, econometrics and quantitative marketing, applied game theory and mechanism design, operations research and optimization, human computer interaction and information visuali…","['machine learning', 'big data']",2,"machine learning, big data"
machine learning engineer,Machine Learning Engineer,Marktine,"Bangalore, Karnataka",0.0,1500000.0,"What you will do? - Understand the business drivers and analytical use-cases. - Translate use cases to data models, descriptive, analytical, predictive, and engineering outcomes. - Explore new technologies and learn new techniques to solve business problems creatively - Think big and drive the strategy for better data quality for the customers. - Become the voice of business within engineering and of engineering within the business with customers. - Collaborate with many teams - engineering and…",IT Jobs,2021-05-11T13:01:52Z,https://www.adzuna.in/details/2177266537?utm_medium=api&utm_source=3a1fdfd4,"what you will do? - understand the business drivers and analytical use-cases. - translate use cases to data models, descriptive, analytical, predictive, and engineering outcomes. - explore new technologies and learn new techniques to solve business problems creatively - think big and drive the strategy for better data quality for the customers. - become the voice of business within engineering and of engineering within the business with customers. - collaborate with many teams - engineering and…",[],0,
machine learning engineer,Machine Learning engineer,Carmozo,"Bangalore, Karnataka",300000.0,500000.0,"Carmozo.com is a market place service company that addresses car care needs. We connect car owners to mechanics/workshops . We are operational in Bangalore and Hyderabad. Requirements 1) Experience with Image processing frameworks , pattern matching algorithms, 2) Experience with machine learning toolkits Skills: Image processing, Machine Learning (ML) and Python",IT Jobs,2019-06-05T21:12:22Z,https://www.adzuna.in/details/1171508972?utm_medium=api&utm_source=3a1fdfd4,"carmozo.com is a market place service company that addresses car care needs. we connect car owners to mechanics/workshops . we are operational in bangalore and hyderabad. requirements 1) experience with image processing frameworks , pattern matching algorithms, 2) experience with machine learning toolkits skills: image processing, machine learning (ml) and python","['python', 'machine learning']",2,"python, machine learning"
machine learning engineer,Machine Learning Engineer,Topcoder,"Noida, Ghaziabad",,,"Primary Tech Stack: Python, TensorFlow / PyTorch, Scikit-learn, Feature Engineering, Hyperparameter Tuning, ML Pipeline Development, Model Ops / MLOps Secondary Tech Stack: Data Engineering, Pandas / NumPy, Cloud ML Services (Azure ML / AWS SageMaker / GCP AI Platform) Requirements: 3–5 years of experience tuning and deploying ML models Strong Python skills with experience in ML frameworks (TensorFlow / PyTorch) Hands-on experience creating end-to-end ML pipelines Demonstrable experience buildi…",IT Jobs,2026-03-12T01:51:57Z,https://www.adzuna.in/details/5662018463?utm_medium=api&utm_source=3a1fdfd4,"primary tech stack: python, tensorflow / pytorch, scikit-learn, feature engineering, hyperparameter tuning, ml pipeline development, model ops / mlops secondary tech stack: data engineering, pandas / numpy, cloud ml services (azure ml / aws sagemaker / gcp ai platform) requirements: 3–5 years of experience tuning and deploying ml models strong python skills with experience in ml frameworks (tensorflow / pytorch) hands-on experience creating end-to-end ml pipelines demonstrable experience buildi…","['python', 'pandas', 'numpy', 'scikit-learn', 'tensorflow', 'pytorch', 'aws', 'azure', 'gcp']",9,"python, pandas, numpy, scikit-learn, tensorflow, pytorch, aws, azure, gcp"
machine learning engineer,Machine Learning Engineer,Peenak Business solutions,"Mumbai, Maharashtra",1000000.0,1500000.0,"The Role: As an ML Engineer at TIFIN, you will be responsible for driving research and innovation in a result-oriented direction. Your role will involve staying updated on the latest research trends and exploring advancements in Natural Language Understanding (NLU) and their applications in conversational AI. You will also play a mentoring role and contribute to improving NLU capabilities using transfer learning from historical conversational data. Requirements: Experience with training and fin…",IT Jobs,2024-02-06T16:17:37Z,https://www.adzuna.in/details/4559411206?utm_medium=api&utm_source=3a1fdfd4,"the role: as an ml engineer at tifin, you will be responsible for driving research and innovation in a result-oriented direction. your role will involve staying updated on the latest research trends and exploring advancements in natural language understanding (nlu) and their applications in conversational ai. you will also play a mentoring role and contribute to improving nlu capabilities using transfer learning from historical conversational data. requirements: experience with training and fin…",[],0,
machine learning engineer,Machine Learning Engineer,Top Closers,"Bangalore, Karnataka",,,"At Navatech Labs , we are transforming high-risk industries, starting with the construction sector, by leveraging cutting-edge AI solutions . Our groundbreaking AI-driven product, nAI, is revolutionising health and safety management through intuitive, conversational interfaces, ensuring that the future of construction is safer, smarter, and more efficient. We are seeking a visionary AI Engineer with expertise in Generative AI , Natural Language Processing (NLP) , and Large Language Models (LLMs…",IT Jobs,2024-10-12T16:53:26Z,https://www.adzuna.in/details/4899762229?utm_medium=api&utm_source=3a1fdfd4,"at navatech labs , we are transforming high-risk industries, starting with the construction sector, by leveraging cutting-edge ai solutions . our groundbreaking ai-driven product, nai, is revolutionising health and safety management through intuitive, conversational interfaces, ensuring that the future of construction is safer, smarter, and more efficient. we are seeking a visionary ai engineer with expertise in generative ai , natural language processing (nlp) , and large language models (llms…",['nlp'],1,nlp
machine learning engineer,Machine Learning Engineer,Qrata,India,700000.0,2200000.0,"6 years of applied machine learning experience with a focus on natural language processing. Some of our current projects require knowledge of natural language generation. o 3 years of software engineering experience. o Advanced knowledge of Python, with 2 years in a production environment. o Experience with practical applications of deep learning. o Experience with agile, test-driven development, continuous integration, and automated testing. o Experience with productionizing machine learning m…",IT Jobs,2024-01-07T15:08:20Z,https://www.adzuna.in/details/4514376976?utm_medium=api&utm_source=3a1fdfd4,"6 years of applied machine learning experience with a focus on natural language processing. some of our current projects require knowledge of natural language generation. o 3 years of software engineering experience. o advanced knowledge of python, with 2 years in a production environment. o experience with practical applications of deep learning. o experience with agile, test-driven development, continuous integration, and automated testing. o experience with productionizing machine learning m…","['python', 'machine learning', 'deep learning']",3,"python, machine learning, deep learning"
machine learning engineer,Machine Learning Engineer,Edu Angels India Private Limited,"Mumbai, Maharashtra",3000000.0,4000000.0,"Responsibilities Work on execution and scheduling of all tasks related to assigned projects' deliverable dates Optimize and debug existing codes to make them scalable and improve performance Design, development, and delivery of tested code and machine learning models into production environments Work effectively in teams, managing and leading teams Provide effective, constructive feedback to the delivery leader Manage client expectations and work with an agile mindset with machine learning and …",IT Jobs,2024-03-07T15:29:34Z,https://www.adzuna.in/details/4596884479?utm_medium=api&utm_source=3a1fdfd4,"responsibilities work on execution and scheduling of all tasks related to assigned projects' deliverable dates optimize and debug existing codes to make them scalable and improve performance design, development, and delivery of tested code and machine learning models into production environments work effectively in teams, managing and leading teams provide effective, constructive feedback to the delivery leader manage client expectations and work with an agile mindset with machine learning and …","['machine learning', 'scala']",2,"machine learning, scala"
machine learning engineer,Machine Learning Engineer,AVE-Promagne Business Solutions LLP,"Chennai, Tamil Nadu",600000.0,2000000.0,Responsibilities: • Charting learning journeys with knowledge graphs. • Predicting memory decay based upon an advanced cognitive model. • Ensure content quality via study behavior anomaly detection. • Recommend tags using NLP for complex knowledge. • Auto-associate concept maps from loosely structured data. • Predict knowledge mastery. • Search query personalization. Requirements: • 6 years experience in AI/ML with end-to-end implementation. • Excellent communication and interpersonal skills. •…,IT Jobs,2023-12-23T15:03:21Z,https://www.adzuna.in/details/4493479601?utm_medium=api&utm_source=3a1fdfd4,responsibilities: • charting learning journeys with knowledge graphs. • predicting memory decay based upon an advanced cognitive model. • ensure content quality via study behavior anomaly detection. • recommend tags using nlp for complex knowledge. • auto-associate concept maps from loosely structured data. • predict knowledge mastery. • search query personalization. requirements: • 6 years experience in ai/ml with end-to-end implementation. • excellent communication and interpersonal skills. •…,"['excel', 'nlp', 'communication']",3,"excel, nlp, communication"
machine learning engineer,Machine Learning Engineer,Carsome,India,2000000.0,3000000.0,"Carsome is a growing startup that is utilising data to improve the experience of second hand car shoppers. This involves developing, deploying & maintaining machine learning models that are used to improve our customers' experience. We are looking for candidates who are aware of the machine learning project lifecycle and can help managing ML deployments. Responsibilities: - Write and maintain production level code in Python for deploying machine learning models - Create and maintain deployment …",IT Jobs,2022-04-09T05:16:41Z,https://www.adzuna.in/details/3038221909?utm_medium=api&utm_source=3a1fdfd4,"carsome is a growing startup that is utilising data to improve the experience of second hand car shoppers. this involves developing, deploying & maintaining machine learning models that are used to improve our customers' experience. we are looking for candidates who are aware of the machine learning project lifecycle and can help managing ml deployments. responsibilities: - write and maintain production level code in python for deploying machine learning models - create and maintain deployment …","['python', 'machine learning']",2,"python, machine learning"
machine learning engineer,Machine Learning Engineer,Quantiphi Inc.,"Mumbai, Maharashtra",400000.0,1500000.0,"1. The candidate should be passionate about machine learning and deep learning. 2. Should understand the importance and know-how of taking the machine-learning-based solution to the consumer. 3. Hands-on experience with statistical, machine-learning tools and techniques 4. Good exposure to Deep learning libraries like Tensorflow, PyTorch. 5. Experience in implementing Deep Learning techniques, Computer Vision and NLP. The candidate should be able to develop the solution from scratch with Github…",IT Jobs,2019-12-10T11:53:18Z,https://www.adzuna.in/details/1368669287?utm_medium=api&utm_source=3a1fdfd4,"1. the candidate should be passionate about machine learning and deep learning. 2. should understand the importance and know-how of taking the machine-learning-based solution to the consumer. 3. hands-on experience with statistical, machine-learning tools and techniques 4. good exposure to deep learning libraries like tensorflow, pytorch. 5. experience in implementing deep learning techniques, computer vision and nlp. the candidate should be able to develop the solution from scratch with github…","['machine learning', 'deep learning', 'tensorflow', 'pytorch', 'nlp', 'git']",6,"machine learning, deep learning, tensorflow, pytorch, nlp, git"
machine learning engineer,Machine Learning Engineer,FlexAbility,"Hyderabad, Telangana",1500000.0,3500000.0,"Required skill Around 6- 8.5 years of experience and around 4 years in AI / Machine learning space Extensive experience in designing large scale machine learning solution for the ML use case, large scale deployments and establishing continues automated improvement / retraining framework. Strong experience in Python and Java is required. Hands on experience on Scikit-learn, Pandas, NLTK Experience in Handling of Timeseries data and associated techniques like Prophet, LSTM Experience in Regressio…",IT Jobs,2021-01-28T04:00:35Z,https://www.adzuna.in/details/1958165136?utm_medium=api&utm_source=3a1fdfd4,"required skill around 6- 8.5 years of experience and around 4 years in ai / machine learning space extensive experience in designing large scale machine learning solution for the ml use case, large scale deployments and establishing continues automated improvement / retraining framework. strong experience in python and java is required. hands on experience on scikit-learn, pandas, nltk experience in handling of timeseries data and associated techniques like prophet, lstm experience in regressio…","['python', 'machine learning', 'pandas', 'scikit-learn', 'java']",5,"python, machine learning, pandas, scikit-learn, java"
machine learning engineer,Machine Learning Engineer,CES Information Technologies,"Hyderabad, Telangana",0.0,1500000.0,"o Critical thinking mind who likes to solve complex problems, loves programming, and cherishes to work in a fast-paced environment. o Strong Python development skills, with 7 yrs. experience with SQL. o A bachelor or master’s degree in Computer Science or related areas o 5 years of experience in data integration and pipeline development o Experience in Implementing Databricks Delta lake and data lake o Expertise designing and implementing data pipelines using modern data engineering approach an…",IT Jobs,2021-11-19T06:16:24Z,https://www.adzuna.in/details/2658062217?utm_medium=api&utm_source=3a1fdfd4,"o critical thinking mind who likes to solve complex problems, loves programming, and cherishes to work in a fast-paced environment. o strong python development skills, with 7 yrs. experience with sql. o a bachelor or master’s degree in computer science or related areas o 5 years of experience in data integration and pipeline development o experience in implementing databricks delta lake and data lake o expertise designing and implementing data pipelines using modern data engineering approach an…","['python', 'sql']",2,"python, sql"
machine learning engineer,Machine Learning Engineer,Hammoq,India,0.0,900000.0,"Roles and Responsibilities ● Working on an awesome AI product for the eCommerce domain. ● Build the next-generation information extraction, computer vision product powered by state-of-the-art AI and Deep Learning techniques. ● Work with an international top-notch engineering team with full commitment to Machine Learning development. Desired Candidate Profile ● Passionate about search &amp; AI technologies. Open to collaborating with colleagues &amp; external contributors. ● Good understanding o…",IT Jobs,2021-09-21T03:29:02Z,https://www.adzuna.in/details/2475263628?utm_medium=api&utm_source=3a1fdfd4,"roles and responsibilities ● working on an awesome ai product for the ecommerce domain. ● build the next-generation information extraction, computer vision product powered by state-of-the-art ai and deep learning techniques. ● work with an international top-notch engineering team with full commitment to machine learning development. desired candidate profile ● passionate about search &amp; ai technologies. open to collaborating with colleagues &amp; external contributors. ● good understanding o…","['machine learning', 'deep learning']",2,"machine learning, deep learning"
machine learning engineer,Machine Learning Engineer,Deemsoft,"Bangalore, Karnataka",600000.0,2000000.0,"BS/Masters in Computer Science with 4 years of experience. Excellent knowledge in algorithms and data structures and implementing them in Java. Experience in distributed systems architectures, including multithreading & concurrency issues. Experience working in Agile/Scrum environment is desired. Exceptional debugging, testing, and problem-solving skills. Self-starter, with quick learning curve. Strong written and verbal communication skills and an ability and interest to mentor other junior en…",IT Jobs,2019-05-17T21:02:39Z,https://www.adzuna.in/details/1155088444?utm_medium=api&utm_source=3a1fdfd4,"bs/masters in computer science with 4 years of experience. excellent knowledge in algorithms and data structures and implementing them in java. experience in distributed systems architectures, including multithreading & concurrency issues. experience working in agile/scrum environment is desired. exceptional debugging, testing, and problem-solving skills. self-starter, with quick learning curve. strong written and verbal communication skills and an ability and interest to mentor other junior en…","['excel', 'communication', 'java']",3,"excel, communication, java"
machine learning engineer,Machine Learning Engineer,SIlverPeople Consulting,"Mumbai, Maharashtra",0.0,2700000.0,"ML Engineer-Analyst/ Senior Analyst Job purpose: To design and develop machine learning and deep learning systems. Run machine learning tests andexperiments and implementing appropriate ML algorithms. Works cross-functionally with the Data Scientists, Software application developers and business groups for the development of innovative ML models. Use Agile experience to work collaboratively with other Managers/Owners in geographically distributed teams. Accountabilities: Work with Data Scientis…",IT Jobs,2021-08-14T21:16:57Z,https://www.adzuna.in/details/2383302553?utm_medium=api&utm_source=3a1fdfd4,"ml engineer-analyst/ senior analyst job purpose: to design and develop machine learning and deep learning systems. run machine learning tests andexperiments and implementing appropriate ml algorithms. works cross-functionally with the data scientists, software application developers and business groups for the development of innovative ml models. use agile experience to work collaboratively with other managers/owners in geographically distributed teams. accountabilities: work with data scientis…","['machine learning', 'deep learning']",2,"machine learning, deep learning"
machine learning engineer,Machine Learning Engineer,CloudMoyo,"Pune, Maharashtra",1000000.0,2000000.0,"Job Description: Roles & Responsibilities: · You will be involved in every part of the project lifecycle, right from identifying the business problem and proposing a solution, to data collection, cleaning, and preprocessing, to training and optimizing ML/DL models and deploying them to production. · You will often be required to design and execute proof-of-concept projects that can demonstrate business value and build confidence with CloudMoyo’s clients. · You will be involved in designing and …",IT Jobs,2019-08-13T11:54:48Z,https://www.adzuna.in/details/1233590624?utm_medium=api&utm_source=3a1fdfd4,"job description: roles & responsibilities: · you will be involved in every part of the project lifecycle, right from identifying the business problem and proposing a solution, to data collection, cleaning, and preprocessing, to training and optimizing ml/dl models and deploying them to production. · you will often be required to design and execute proof-of-concept projects that can demonstrate business value and build confidence with cloudmoyo’s clients. · you will be involved in designing and …",[],0,
machine learning engineer,Machine Learning Engineer,Aikon Labs Private Limited,"Pune, Maharashtra",100000.0,800000.0,"About us Aikon Labs Pvt Ltd is a start-up focused on Realizing Ideas. One such idea is iEngage.io , our Intelligent Engagement Platform. We leverage Augmented Intelligence, a combination of machine-driven insights & human understanding, to serve a timely response to every interaction from the people you care about. Get in touch If you are interested. Do you have a passion to be a part of an innovative startup? Here’s an opportunity for you - become an active member of our core platform developm…",IT Jobs,2020-02-25T04:04:06Z,https://www.adzuna.in/details/1463797734?utm_medium=api&utm_source=3a1fdfd4,"about us aikon labs pvt ltd is a start-up focused on realizing ideas. one such idea is iengage.io , our intelligent engagement platform. we leverage augmented intelligence, a combination of machine-driven insights & human understanding, to serve a timely response to every interaction from the people you care about. get in touch if you are interested. do you have a passion to be a part of an innovative startup? here’s an opportunity for you - become an active member of our core platform developm…",[],0,
machine learning engineer,Machine Learning Engineer,Fox,India,,,"OVERVIEW OF THE COMPANY Fox Corporation Under the FOX banner, we produce and distribute content through some of the world’s leading and most valued brands, including: FOX News Media, FOX Sports, FOX Entertainment, FOX Television Stations and Tubi Media Group. We empower a diverse range of creators to imagine and develop culturally significant content, while building an organization that thrives on creative ideas, operational expertise and strategic thinking. JOB DESCRIPTION OVERVIEW OF THE COMP…",IT Jobs,2026-02-14T01:26:28Z,https://www.adzuna.in/details/5628316573?utm_medium=api&utm_source=3a1fdfd4,"overview of the company fox corporation under the fox banner, we produce and distribute content through some of the world’s leading and most valued brands, including: fox news media, fox sports, fox entertainment, fox television stations and tubi media group. we empower a diverse range of creators to imagine and develop culturally significant content, while building an organization that thrives on creative ideas, operational expertise and strategic thinking. job description overview of the comp…",[],0,
machine learning engineer,Machine Learning Engineer,Ampera Technologies,"Bangalore, Karnataka",,,"Job Description: 1. Machine Learning Development & Deployment · Design and implement supervised and unsupervised models for predictive analytics, including churn prediction, demand forecasting, renewal risk scoring, and cross sell/upsell opportunity identification. · Translate business problems into ML frameworks and production solutions that improve efficiency, revenue, or customer experience. · Build, optimize, and maintain ML pipelines using tools such as MLflow, Airflow, or Kubeflow. 2. Cro…",IT Jobs,2026-03-20T11:24:21Z,https://www.adzuna.in/details/5672787204?utm_medium=api&utm_source=3a1fdfd4,"job description: 1. machine learning development & deployment · design and implement supervised and unsupervised models for predictive analytics, including churn prediction, demand forecasting, renewal risk scoring, and cross sell/upsell opportunity identification. · translate business problems into ml frameworks and production solutions that improve efficiency, revenue, or customer experience. · build, optimize, and maintain ml pipelines using tools such as mlflow, airflow, or kubeflow. 2. cro…","['machine learning', 'airflow']",2,"machine learning, airflow"
machine learning engineer,Machine Learning Engineer,Qualcomm,"Hyderabad, Telangana",,,"Job Description Position Requirements These positions are strictly for ML Edge AI inference SDK development on embedded systems not Applied AI, Data Science, or ML model training roles. Strong hands-on C++ experience is mandatory. Python alone is not acceptable, and C is not sufficient. Job location: Hyderabad only, with 5 days onsite in the office. These roles are not open for Bangalore, Pune, or remote. Candidates must be willing to relocate. Role Overview As a leading technology innovator, Q…",IT Jobs,2026-05-12T05:45:40Z,https://www.adzuna.in/details/5726293436?utm_medium=api&utm_source=3a1fdfd4,"job description position requirements these positions are strictly for ml edge ai inference sdk development on embedded systems not applied ai, data science, or ml model training roles. strong hands-on c++ experience is mandatory. python alone is not acceptable, and c is not sufficient. job location: hyderabad only, with 5 days onsite in the office. these roles are not open for bangalore, pune, or remote. candidates must be willing to relocate. role overview as a leading technology innovator, q…",['python'],1,python
machine learning engineer,Machine Learning Engineer,Solventum,India,,,"Thank you for your interest in joining Solventum. Solventum is a new healthcare company with a long legacy of solving big challenges that improve lives and help healthcare professionals perform at their best. At Solventum, people are at the heart of every innovation we pursue. Guided by empathy, insight, and clinical intelligence, we collaborate with the best minds in healthcare to address our customers’ toughest challenges. While we continue updating the Solventum Careers Page and applicant ma…",IT Jobs,2026-05-25T02:21:19Z,https://www.adzuna.in/details/5740031419?utm_medium=api&utm_source=3a1fdfd4,"thank you for your interest in joining solventum. solventum is a new healthcare company with a long legacy of solving big challenges that improve lives and help healthcare professionals perform at their best. at solventum, people are at the heart of every innovation we pursue. guided by empathy, insight, and clinical intelligence, we collaborate with the best minds in healthcare to address our customers’ toughest challenges. while we continue updating the solventum careers page and applicant ma…",[],0,
machine learning engineer,Machine Learning Engineer,TAC Security,"Pune, Maharashtra",,,"Key Responsibilities: Perform requirements analysis, identifying deficiencies, ambiguities, and outstanding questions. Distinguish clearly between business requirements, design, and implementation constructs. Follow established software patterns, development processes, and best practices. Write concise and effective unit tests ensuring appropriate code coverage. Identify, document, and communicate steps to reproduce and workaround bugs. Detect gaps and deficiencies in requirements, design, deve…",IT Jobs,2026-06-03T06:55:26Z,https://www.adzuna.in/details/5749927919?utm_medium=api&utm_source=3a1fdfd4,"key responsibilities: perform requirements analysis, identifying deficiencies, ambiguities, and outstanding questions. distinguish clearly between business requirements, design, and implementation constructs. follow established software patterns, development processes, and best practices. write concise and effective unit tests ensuring appropriate code coverage. identify, document, and communicate steps to reproduce and workaround bugs. detect gaps and deficiencies in requirements, design, deve…",[],0,
machine learning engineer,Machine Learning Engineer,Augury,"Bangalore, Karnataka",,,"Our mission is to transform how people and machines work together to push the boundaries of human productivity. A leader in Industrial AI, Augury helps the world’s manufacturers leverage real-time production insights to drive new levels of efficiency. Combining predictive and prescriptive AI technology with industry expertise, production teams can proactively address alerts, minimize downtime, reduce asset costs, and maximize yield and capacity. Our customers achieve payback in six months or le…",IT Jobs,2026-06-05T02:34:42Z,https://www.adzuna.in/details/5752337687?utm_medium=api&utm_source=3a1fdfd4,"our mission is to transform how people and machines work together to push the boundaries of human productivity. a leader in industrial ai, augury helps the world’s manufacturers leverage real-time production insights to drive new levels of efficiency. combining predictive and prescriptive ai technology with industry expertise, production teams can proactively address alerts, minimize downtime, reduce asset costs, and maximize yield and capacity. our customers achieve payback in six months or le…",[],0,
machine learning engineer,Machine Learning Engineer,Delta IoT Solutions Pvt Ltd,"Maharashtra, India",,,Position Specific Duties Develop and implement Machine Learning and adjacent AI features. Collaborate with cross-functional teams. Optimize model performance. Support deployment activities. Required Skills Python Programming Core Machine Learning Fundamentals PyTorch Framework Computer Vision Basics Data Handling and Data Processing Fundamentals Role Summary: We are looking for a professional with 5 years of experience in Machine Learning development. The candidate should possess strong Python …,IT Jobs,2026-06-30T14:52:23Z,https://www.adzuna.in/details/5781956105?utm_medium=api&utm_source=3a1fdfd4,position specific duties develop and implement machine learning and adjacent ai features. collaborate with cross-functional teams. optimize model performance. support deployment activities. required skills python programming core machine learning fundamentals pytorch framework computer vision basics data handling and data processing fundamentals role summary: we are looking for a professional with 5 years of experience in machine learning development. the candidate should possess strong python …,"['python', 'machine learning', 'pytorch']",3,"python, machine learning, pytorch"
machine learning engineer,Machine Learning Engineer,CodeStellars,"Bangalore, Karnataka",,,"Let's Build Something Amazing Ready to turn your vision into reality? We'd love to hear about your project and discuss how we can help you achieve your goals. Email Us Get in touch via email hello@codestellars.in Call Us Speak with our team 91 887 262 956 Visit Us Our office location Bangalore, India Innovation Hub Start Your Project Tell us about your vision, and we'll get back to you within 24 hours with a personalized proposal. Full Name * Email Address * Company Phone Number Service Interes…",IT Jobs,2026-07-14T15:10:18Z,https://www.adzuna.in/details/5799811376?utm_medium=api&utm_source=3a1fdfd4,"let's build something amazing ready to turn your vision into reality? we'd love to hear about your project and discuss how we can help you achieve your goals. email us get in touch via email hello@codestellars.in call us speak with our team 91 887 262 956 visit us our office location bangalore, india innovation hub start your project tell us about your vision, and we'll get back to you within 24 hours with a personalized proposal. full name * email address * company phone number service interes…",[],0,
machine learning engineer,Machine Learning Engineer,Ubifly Technologies Pvt Ltd,"Kanchipuram, Tamil Nadu",,,"About The ePlane Company The ePlane Company is at the forefront of India's urban air mobility revolution. Incubated at IIT Madras, we are a deep-tech startup dedicated to designing and building the world's most compact electric flying taxi. Our mission is to make door-to-door flying a reality, drastically reducing commute times and decongesting our cities for a cleaner, greener future. We're a passionate team of engineers, designers, and visionaries working on cutting-edge technology, and we're…",Engineering Jobs,2026-07-15T18:33:32Z,https://www.adzuna.in/details/5801213218?utm_medium=api&utm_source=3a1fdfd4,"about the eplane company the eplane company is at the forefront of india's urban air mobility revolution. incubated at iit madras, we are a deep-tech startup dedicated to designing and building the world's most compact electric flying taxi. our mission is to make door-to-door flying a reality, drastically reducing commute times and decongesting our cities for a cleaner, greener future. we're a passionate team of engineers, designers, and visionaries working on cutting-edge technology, and we're…",[],0,
machine learning engineer,Senior Machine Learning Engineer,Weekday AI,India,,,"This role is for one of the Weekday's clients Salary range: Rs 4000000 - Rs 7000000 (ie INR 40-70 LPA) Experience: 5 yrs Location: Noida, Uttar Pradesh, India Job Type: Full-Time We are looking for an experienced Machine Learning Engineer with strong expertise in Large Language Models (LLMs) to build, fine-tune, and optimize AI models for domain-specific applications. This role is ideal for professionals who enjoy working on cutting-edge generative AI technologies, adapting foundation models fo…",IT Jobs,2026-07-16T22:18:12Z,https://www.adzuna.in/details/5803358893?utm_medium=api&utm_source=3a1fdfd4,"this role is for one of the weekday's clients salary range: rs 4000000 - rs 7000000 (ie inr 40-70 lpa) experience: 5 yrs location: noida, uttar pradesh, india job type: full-time we are looking for an experienced machine learning engineer with strong expertise in large language models (llms) to build, fine-tune, and optimize ai models for domain-specific applications. this role is ideal for professionals who enjoy working on cutting-edge generative ai technologies, adapting foundation models fo…",['machine learning'],1,machine learning
machine learning engineer,Senior Machine learning Engineer,Bosch Group,"Bangalore, Karnataka",,,"Job Description As a Senior Machine learning Engineer in the Perception team, you will play a pivotal role in building and maintaining the backbone of our L2 ADAS stack. This senior role calls for an experienced engineer who can think critically, execute independently, and deliver results on scalable deep learning infrastructure, optimize massive data ingestion pipelines, and ensure maximum efficiency across our compute clusters. You will be responsible for the entire DL infrastructure lifecycl…",IT Jobs,2026-07-25T01:05:41Z,https://www.adzuna.in/details/5814246564?utm_medium=api&utm_source=3a1fdfd4,"job description as a senior machine learning engineer in the perception team, you will play a pivotal role in building and maintaining the backbone of our l2 adas stack. this senior role calls for an experienced engineer who can think critically, execute independently, and deliver results on scalable deep learning infrastructure, optimize massive data ingestion pipelines, and ensure maximum efficiency across our compute clusters. you will be responsible for the entire dl infrastructure lifecycl…","['machine learning', 'deep learning', 'scala']",3,"machine learning, deep learning, scala"
machine learning engineer,Advanced Machine Learning Engineer,Syddhi Software,"Visakhapatnam, Andhra Pradesh",,,"Job Description Advanced Machine Learning Engineer Location: Visakhapatnam Work Mode: Work From Office (WFO) /Hybrid Experience: 0 -3 Years (link removed)> Job Summary: We are hiring an Advanced Machine Learning Engineer to build scalable ML systems and production-ready pipelines. The role involves transforming unstructured logs into structured datasets, developing ML models, and deploying end-to-end solutions with monitoring. Key Responsibilities: Build end-to-end ML pipelines (Data Ingestion,…",IT Jobs,2026-05-01T05:40:57Z,https://www.adzuna.in/details/5714939481?utm_medium=api&utm_source=3a1fdfd4,"job description advanced machine learning engineer location: visakhapatnam work mode: work from office (wfo) /hybrid experience: 0 -3 years (link removed)> job summary: we are hiring an advanced machine learning engineer to build scalable ml systems and production-ready pipelines. the role involves transforming unstructured logs into structured datasets, developing ml models, and deploying end-to-end solutions with monitoring. key responsibilities: build end-to-end ml pipelines (data ingestion,…","['machine learning', 'scala']",2,"machine learning, scala"
machine learning engineer,Senior Machine Learning Engineer,NeoGenCode Technologies Pvt Ltd,"Chennai, Tamil Nadu",1000000.0,2600000.0,"Job Title : Senior Machine Learning Engineer Experience : 8 Years Location : Chennai Notice Period : Immediate Joiners Only Work Mode : Hybrid Job Summary : We are seeking an experienced Machine Learning Engineer with a strong background in Python, ML algorithms, and data-driven development. The ideal candidate should have hands-on experience with popular ML frameworks and tools, solid understanding of clustering and classification techniques, and be comfortable working in Unix-based environmen…",IT Jobs,2025-06-11T05:12:49Z,https://www.adzuna.in/details/5243420232?utm_medium=api&utm_source=3a1fdfd4,"job title : senior machine learning engineer experience : 8 years location : chennai notice period : immediate joiners only work mode : hybrid job summary : we are seeking an experienced machine learning engineer with a strong background in python, ml algorithms, and data-driven development. the ideal candidate should have hands-on experience with popular ml frameworks and tools, solid understanding of clustering and classification techniques, and be comfortable working in unix-based environmen…","['python', 'machine learning']",2,"python, machine learning"
machine learning engineer,Lead Machine Learning Engineer,Haleon,"Bangalore, Karnataka",,,"Key Responsibilities: Team Leadership & Hiring: Lead recruitment efforts for Machine Learning Engineers (MLEs) within GCC IN. Support talent acquisition for other Data Technology functions. Build and retain a high-performing team of ML Engineers. Coaching & Development: Mentor and coach team members to foster technical excellence. Cultivate a high-impact, collaborative engineering culture. ML Standards & Best Practices: Contribute to the definition and implementation of ML standards within Hale…",IT Jobs,2026-06-12T06:54:38Z,https://www.adzuna.in/details/5760752627?utm_medium=api&utm_source=3a1fdfd4,"key responsibilities: team leadership & hiring: lead recruitment efforts for machine learning engineers (mles) within gcc in. support talent acquisition for other data technology functions. build and retain a high-performing team of ml engineers. coaching & development: mentor and coach team members to foster technical excellence. cultivate a high-impact, collaborative engineering culture. ml standards & best practices: contribute to the definition and implementation of ml standards within hale…","['excel', 'machine learning']",2,"excel, machine learning"
machine learning engineer,Senior Machine Learning Engineer,SKS Enterpprises,"Mumbai, Maharashtra",,,"Job Description: Senior Machine Learning Engineer Location: Bangalore and Mumbai Role Overview : We are seeking a highly skilled Senior Machine Learning Engineer to join our team in Bangalore or Mumbai. As a key member of our technology team, you will play a pivotal role in developing and deploying advanced machine-learning models to drive innovation and enhance our products/services. Responsibilities: Lead end-to-end development and deployment of machine learning models, from data collection a…",IT Jobs,2025-07-31T16:59:44Z,https://www.adzuna.in/details/5329695975?utm_medium=api&utm_source=3a1fdfd4,"job description: senior machine learning engineer location: bangalore and mumbai role overview : we are seeking a highly skilled senior machine learning engineer to join our team in bangalore or mumbai. as a key member of our technology team, you will play a pivotal role in developing and deploying advanced machine-learning models to drive innovation and enhance our products/services. responsibilities: lead end-to-end development and deployment of machine learning models, from data collection a…",['machine learning'],1,machine learning
machine learning engineer,Machine Learning Engineer (WFH),Uplers,"Hyderabad, Telangana",,,"Must have skills required : Data Engineering, MLFlow, Supervised Learning, Time-Series Forecasting, Docker, Machine Learning, Python, SQL Good to have skills : async workflows, MLOps, Ray Tune, NLP B2B SaaS platform (One of Uplers' Clients) is Looking for: Machine Learning Engineer (Remote) who is passionate about their work, eager to learn and grow, and who is committed to delivering exceptional results. If you are a team player, with a positive attitude and a desire to make a difference, then…",IT Jobs,2026-05-29T06:50:02Z,https://www.adzuna.in/details/5744088839?utm_medium=api&utm_source=3a1fdfd4,"must have skills required : data engineering, mlflow, supervised learning, time-series forecasting, docker, machine learning, python, sql good to have skills : async workflows, mlops, ray tune, nlp b2b saas platform (one of uplers' clients) is looking for: machine learning engineer (remote) who is passionate about their work, eager to learn and grow, and who is committed to delivering exceptional results. if you are a team player, with a positive attitude and a desire to make a difference, then…","['python', 'sql', 'machine learning', 'nlp', 'docker']",5,"python, sql, machine learning, nlp, docker"
machine learning engineer,Senior Machine Learning Engineer,Quantiphi,India,,,"While technology is the heart of our business, a global and diverse culture is the heart of our success. We love our people and we take pride in catering them to a culture built on transparency, diversity, integrity, learning and growth. If working in an environment that encourages you to innovate and excel, not just in professional but personal life, interests you- you would enjoy your career with Quantiphi! Role: Senior Machine Learning Engineer Experience Level: 4 Years Work location: Bangal…",IT Jobs,2026-06-27T02:42:22Z,https://www.adzuna.in/details/5778233981?utm_medium=api&utm_source=3a1fdfd4,"while technology is the heart of our business, a global and diverse culture is the heart of our success. we love our people and we take pride in catering them to a culture built on transparency, diversity, integrity, learning and growth. if working in an environment that encourages you to innovate and excel, not just in professional but personal life, interests you- you would enjoy your career with quantiphi! role: senior machine learning engineer experience level: 4 years work location: bangal…","['excel', 'machine learning']",2,"excel, machine learning"
machine learning engineer,Sr Machine Learning Engineer,Amgen,"Hyderabad, Telangana",,,"ABOUT THE ROLE We are seeking a Senior Machine Learning Engineer, Forecasting to join the Forecasting team within the AI & Data organization. This role will design, build, deploy, and maintain scalable machine learning systems that power forecasting capabilities and uncertainty-aware decision support across the company. This senior member of the team will work cross-functionally to translate advanced forecasting methods into reliable, production-grade solutions that support critical business pr…",IT Jobs,2026-07-06T10:38:50Z,https://www.adzuna.in/details/5789591344?utm_medium=api&utm_source=3a1fdfd4,"about the role we are seeking a senior machine learning engineer, forecasting to join the forecasting team within the ai & data organization. this role will design, build, deploy, and maintain scalable machine learning systems that power forecasting capabilities and uncertainty-aware decision support across the company. this senior member of the team will work cross-functionally to translate advanced forecasting methods into reliable, production-grade solutions that support critical business pr…","['machine learning', 'scala']",2,"machine learning, scala"
machine learning engineer,Sr Machine Learning Engineer,TrumetricAI,"Bangalore, Karnataka",1500000.0,3000000.0,"Senior Machine Learning Engineer About the Role We are looking for a Senior Machine Learning Engineer who can take business problems , design appropriate machine learning solutions, and make them work reliably in production environments . This role is ideal for someone who not only understands machine learning models, but also knows when and how ML should be applied , what trade-offs to make, and how to take ownership from problem understanding to production deployment . Beyond technical skills…",IT Jobs,2025-12-27T11:02:33Z,https://www.adzuna.in/details/5557106595?utm_medium=api&utm_source=3a1fdfd4,"senior machine learning engineer about the role we are looking for a senior machine learning engineer who can take business problems , design appropriate machine learning solutions, and make them work reliably in production environments . this role is ideal for someone who not only understands machine learning models, but also knows when and how ml should be applied , what trade-offs to make, and how to take ownership from problem understanding to production deployment . beyond technical skills…",['machine learning'],1,machine learning
machine learning engineer,Senior Machine Learning Engineer,Mastercard,"Pune, Maharashtra",,,"Job Description Our Purpose Title and Summary Senior Machine Learning Engineer Overview: We are the global technology company behind the worlds fastest payments processing network. We are a vehicle for commerce, a connection to financial systems for the previously excluded, a technology innovation lab, and the home of Priceless. We ensure every employee has the opportunity to be a part of something bigger and to change lives. We believe as our company grows, so should you. We believe in connect…",IT Jobs,2026-04-09T05:28:58Z,https://www.adzuna.in/details/5693904656?utm_medium=api&utm_source=3a1fdfd4,"job description our purpose title and summary senior machine learning engineer overview: we are the global technology company behind the worlds fastest payments processing network. we are a vehicle for commerce, a connection to financial systems for the previously excluded, a technology innovation lab, and the home of priceless. we ensure every employee has the opportunity to be a part of something bigger and to change lives. we believe as our company grows, so should you. we believe in connect…",['machine learning'],1,machine learning
machine learning engineer,Senior Machine Learning Engineer,Kraft Heinz Company,"Ahmedabad, Gujarat",,,"Job Description Senior Machine Learning Engineer Role Overview We are seeking a Senior Machine Learning Engineer to design, build, and deploy scalable machine learning solutions that drive business impact across a variety of use cases. You will work closely with data scientists, data engineers, and business stakeholders to translate complex problems into robust machine learning systems deployed in production. The ideal candidate combines strong machine learning expertise, software engineering b…",IT Jobs,2026-07-01T14:59:41Z,https://www.adzuna.in/details/5783382270?utm_medium=api&utm_source=3a1fdfd4,"job description senior machine learning engineer role overview we are seeking a senior machine learning engineer to design, build, and deploy scalable machine learning solutions that drive business impact across a variety of use cases. you will work closely with data scientists, data engineers, and business stakeholders to translate complex problems into robust machine learning systems deployed in production. the ideal candidate combines strong machine learning expertise, software engineering b…","['machine learning', 'scala']",2,"machine learning, scala"
machine learning engineer,Lead Machine Learning Engineer,Cohere Health,"Hyderabad, Telangana",,,"Opportunity Overview: As a Lead Machine Learning Engineer, you’ll join our growing team of world-class machine learning engineers and clinical experts to deploy machine learning models that help automate burdensome administrative clinical practices. Our ML team’s work is focused on designing, deploying, and monitoring production models which extract or predict relevant clinical findings from structured and unstructured data sources. What you’ll do: Design, develop and deploy advanced machine le…",IT Jobs,2026-06-13T02:28:46Z,https://www.adzuna.in/details/5761753128?utm_medium=api&utm_source=3a1fdfd4,"opportunity overview: as a lead machine learning engineer, you’ll join our growing team of world-class machine learning engineers and clinical experts to deploy machine learning models that help automate burdensome administrative clinical practices. our ml team’s work is focused on designing, deploying, and monitoring production models which extract or predict relevant clinical findings from structured and unstructured data sources. what you’ll do: design, develop and deploy advanced machine le…",['machine learning'],1,machine learning
machine learning engineer,Principal Machine Learning Engineer,Amgen,"Hyderabad, Telangana",,,"Career Category Engineering Job Description Principal Machine Learning Engineer Role Name: Principal Machine Learning Engineer Department Name: AI & Data Science Role GCF: 6A ABOUT AMGEN Amgen harnesses the best of biology and technology to fight the world’s toughest diseases, and make people’s lives easier, fuller and longer. We discover, develop, manufacture and deliver innovative medicines to help millions of patients. Amgen helped establish the biotechnology industry more than 40 years ago …",IT Jobs,2026-04-30T02:17:04Z,https://www.adzuna.in/details/5713888569?utm_medium=api&utm_source=3a1fdfd4,"career category engineering job description principal machine learning engineer role name: principal machine learning engineer department name: ai & data science role gcf: 6a about amgen amgen harnesses the best of biology and technology to fight the world’s toughest diseases, and make people’s lives easier, fuller and longer. we discover, develop, manufacture and deliver innovative medicines to help millions of patients. amgen helped establish the biotechnology industry more than 40 years ago …",['machine learning'],1,machine learning
machine learning engineer,Sr. Machine Learning Engineer,MM Staffing & Career Consultants,India,,,"Job Description: We are looking for an experienced Sr. Machine Learning Engineer to lead the development of cutting-edge Generative AI applications and scalable AI platforms. This is a high-impact technical leadership role for professionals passionate about LLMs, NLP, deep learning, and production-grade AI systems.  Location: Open  Experience: 5 Years ️ Tech Stack: Python, SQL, PyTorch, TensorFlow, LangChain, AWS, NLP, RAG, Vector Databases, Kafka, Spark, Hadoop  Key Responsibilities: • Archite…",IT Jobs,2026-05-24T02:09:33Z,https://www.adzuna.in/details/5739066231?utm_medium=api&utm_source=3a1fdfd4,"job description: we are looking for an experienced sr. machine learning engineer to lead the development of cutting-edge generative ai applications and scalable ai platforms. this is a high-impact technical leadership role for professionals passionate about llms, nlp, deep learning, and production-grade ai systems. location: open experience: 5 years ️ tech stack: python, sql, pytorch, tensorflow, langchain, aws, nlp, rag, vector databases, kafka, spark, hadoop key responsibilities: • archite…","['python', 'sql', 'machine learning', 'deep learning', 'tensorflow', 'pytorch', 'aws', 'spark', 'hadoop', 'nlp', 'scala']",11,"python, sql, machine learning, deep learning, tensorflow, pytorch, aws, spark, hadoop, nlp, scala"
machine learning engineer,Senior Machine Learning Engineer,eBay,"Bangalore, Karnataka",,,"At eBay, we're more than a global ecommerce leader — we’re changing the way the world shops and sells. Our platform empowers millions of buyers and sellers in more than 190 markets around the world. We’re committed to pushing boundaries and leaving our mark as we reinvent the future of ecommerce for enthusiasts. Our customers are our compass, authenticity thrives, bold ideas are welcome, and everyone can bring their unique selves to work — every day. We're in this together, sustaining the futur…",IT Jobs,2026-07-11T03:20:45Z,https://www.adzuna.in/details/5796171855?utm_medium=api&utm_source=3a1fdfd4,"at ebay, we're more than a global ecommerce leader — we’re changing the way the world shops and sells. our platform empowers millions of buyers and sellers in more than 190 markets around the world. we’re committed to pushing boundaries and leaving our mark as we reinvent the future of ecommerce for enthusiasts. our customers are our compass, authenticity thrives, bold ideas are welcome, and everyone can bring their unique selves to work — every day. we're in this together, sustaining the futur…",[],0,
machine learning engineer,Senior Machine Learning Engineer,AthenasOwl,"Mumbai, Maharashtra",1000000.0,2000000.0,"Company Profile and Job Description About us: AthenasOwl (AO) is our “AI for Media” solution that helps content creators and broadcasters to create and curate smarter content. We launched the product in 2017 as an AI-powered suite meant for the media and entertainment industry. Clients use AthenaOwl's context adapted technology for redesigning content, taking better targeting decisions, automating hours of post-production work and monetizing massive content libraries. For more details visit: ww…",IT Jobs,2020-03-04T08:29:54Z,https://www.adzuna.in/details/1474079177?utm_medium=api&utm_source=3a1fdfd4,"company profile and job description about us: athenasowl (ao) is our “ai for media” solution that helps content creators and broadcasters to create and curate smarter content. we launched the product in 2017 as an ai-powered suite meant for the media and entertainment industry. clients use athenaowl's context adapted technology for redesigning content, taking better targeting decisions, automating hours of post-production work and monetizing massive content libraries. for more details visit: ww…",[],0,
machine learning engineer,Senior Machine Learning Engineer,Barracuda Networks,"Bangalore, Karnataka",,,"Envision yourself at Barracuda: We are looking for a talented Senior Machine Learning Engineer to join our growing team and help us develop cutting-edge Machine Learning detection solutions for our email protection products. As part of the Efficacy engineering team, you will be responsible for designing and implementing innovative machine learning algorithms that can analyze vast amounts of data and detect threats in real-time. You will be part of a team that is responsible for detecting email …",IT Jobs,2026-05-17T02:20:21Z,https://www.adzuna.in/details/5731787559?utm_medium=api&utm_source=3a1fdfd4,"envision yourself at barracuda: we are looking for a talented senior machine learning engineer to join our growing team and help us develop cutting-edge machine learning detection solutions for our email protection products. as part of the efficacy engineering team, you will be responsible for designing and implementing innovative machine learning algorithms that can analyze vast amounts of data and detect threats in real-time. you will be part of a team that is responsible for detecting email …",['machine learning'],1,machine learning
machine learning engineer,Senior Machine Learning Engineer,Morningstar,"Mumbai, Maharashtra",,,"PitchBook s Senior Machine Learning Engineer is responsible for using machine learning, statistical modeling, and natural language processing (NLP) to collect a high-volume of data for the PitchBook Platform and surface insights for the capital markets. This role will also serve as a resource and mentor for junior members of the team. A strong motivation to succeed is critical and everyone has the opportunity to shape the long-term direction of our team. Team Overview PitchBook s Data Science a…",IT Jobs,2026-06-09T06:51:54Z,https://www.adzuna.in/details/5756755766?utm_medium=api&utm_source=3a1fdfd4,"pitchbook s senior machine learning engineer is responsible for using machine learning, statistical modeling, and natural language processing (nlp) to collect a high-volume of data for the pitchbook platform and surface insights for the capital markets. this role will also serve as a resource and mentor for junior members of the team. a strong motivation to succeed is critical and everyone has the opportunity to shape the long-term direction of our team. team overview pitchbook s data science a…","['machine learning', 'nlp']",2,"machine learning, nlp"
machine learning engineer,Applied Machine Learning Engineer,Gipfel & Schnell Consultings Pvt Ltd,India,0.0,2000000.0,"Hi , We have an Excellent job Opportunity for "" Applied Machine Learning Engineer"" with one of thr Product based organization for Remote Working Mode or for Mumbai Location. Job Responsibilities: Apply your knowledge of ML and statistics to conceptualise, experiment, develop & deploy machine learning & deep learning systems. Understanding the business objectives & defining the right target metrics to track performance & progress. Defining & building datasets with the appropriate representation …",IT Jobs,2022-09-02T06:59:38Z,https://www.adzuna.in/details/3452174066?utm_medium=api&utm_source=3a1fdfd4,"hi , we have an excellent job opportunity for "" applied machine learning engineer"" with one of thr product based organization for remote working mode or for mumbai location. job responsibilities: apply your knowledge of ml and statistics to conceptualise, experiment, develop & deploy machine learning & deep learning systems. understanding the business objectives & defining the right target metrics to track performance & progress. defining & building datasets with the appropriate representation …","['excel', 'machine learning', 'deep learning', 'statistics']",4,"excel, machine learning, deep learning, statistics"
machine learning engineer,Staff Machine Learning Engineer,Uber,"Hyderabad, Telangana",,,"What You'll do: Apply leading Models to solve business problems Use models from GPT to LLama to solve wide range of business problems from sales tech, employee productivity, coding and automation Build RAG frameworks Build Langchain modules Model Development and Implementation: Design, develop, and deploy machine learning models to solve complex problems and improve user experiences, operational efficiency, or system performance. Utilize a variety of data sources, types, and structures to extra…",IT Jobs,2026-07-19T07:23:48Z,https://www.adzuna.in/details/5806704469?utm_medium=api&utm_source=3a1fdfd4,"what you'll do: apply leading models to solve business problems use models from gpt to llama to solve wide range of business problems from sales tech, employee productivity, coding and automation build rag frameworks build langchain modules model development and implementation: design, develop, and deploy machine learning models to solve complex problems and improve user experiences, operational efficiency, or system performance. utilize a variety of data sources, types, and structures to extra…",['machine learning'],1,machine learning
machine learning engineer,Machine Learning Engineer - I,Phenom,"Bangalore, Karnataka",,,"Job description Job Summary: As a Machine learning engineer who will develop self-running AI software to automate predictive models for recommended searches for our AI Engine. Who will design machine learning systems, apply algorithms to generate accurate predictions, and resolve data set problems. What you'll do Partner with data scientist working on discovery, prototypes and pilot. Focus on experiment tracking. Partner with data scientist & ML engineers to design, develop, and deploy deep & m…",IT Jobs,2026-07-19T07:22:19Z,https://www.adzuna.in/details/5806702793?utm_medium=api&utm_source=3a1fdfd4,"job description job summary: as a machine learning engineer who will develop self-running ai software to automate predictive models for recommended searches for our ai engine. who will design machine learning systems, apply algorithms to generate accurate predictions, and resolve data set problems. what you'll do partner with data scientist working on discovery, prototypes and pilot. focus on experiment tracking. partner with data scientist & ml engineers to design, develop, and deploy deep & m…",['machine learning'],1,machine learning
machine learning engineer,Senior Machine Learning Engineer,A3R0-GTCI,India,,,"Staff Data Scientist/Machine Learning Engineer Are you interested in an exciting opportunity to drive success with data? The Data Driven Engineering team at Goodyear in the Innovation Centers in Colmar-Berg, Luxembourg and Akron, Ohio, United States and in the Goodyear Technical Center in Hyderabad, India does just that. The team is focused on developing tools, applications and insights in support of the virtual tire development mission that seeks to develop a virtual framework for tire design …",Engineering Jobs,2026-07-04T02:39:52Z,https://www.adzuna.in/details/5787251016?utm_medium=api&utm_source=3a1fdfd4,"staff data scientist/machine learning engineer are you interested in an exciting opportunity to drive success with data? the data driven engineering team at goodyear in the innovation centers in colmar-berg, luxembourg and akron, ohio, united states and in the goodyear technical center in hyderabad, india does just that. the team is focused on developing tools, applications and insights in support of the virtual tire development mission that seeks to develop a virtual framework for tire design …",['machine learning'],1,machine learning
machine learning engineer,Senior Machine Learning Engineer,Spector.ai,"Bangalore, Karnataka",,,"Role Description We are seeking an experienced machine learning engineer to join our seasoned founding team to drive the development and innovation of our ML platform. Ideal candidates bring extensive experience in building the next generation of machine learning models and its training and serving infrastructure for the Spector. This role requires a hands-on tech lead who is passionate about our mission, thrives in a startup environment, and is committed to pushing the boundaries of what ML an…",IT Jobs,2026-02-19T01:44:26Z,https://www.adzuna.in/details/5634984343?utm_medium=api&utm_source=3a1fdfd4,"role description we are seeking an experienced machine learning engineer to join our seasoned founding team to drive the development and innovation of our ml platform. ideal candidates bring extensive experience in building the next generation of machine learning models and its training and serving infrastructure for the spector. this role requires a hands-on tech lead who is passionate about our mission, thrives in a startup environment, and is committed to pushing the boundaries of what ml an…",['machine learning'],1,machine learning
machine learning engineer,Senior Machine Learning Engineer,PubMatic,India,,,"About the Role We are hiring a results-oriented Senior Machine Learning Engineer to join our growing team in Pune on a hybrid schedule. Reporting to the Director of Machine Learning, you will partner with Product and Engineering teams to both solve problems and identify new opportunities for the business. The ideal candidate will apply quantitative analysis, modeling, and data mining to help drive informed product decisions for PubMatic  get things done. What You'll Do Perform deep dive analysi…",Engineering Jobs,2026-04-12T02:02:36Z,https://www.adzuna.in/details/5696882332?utm_medium=api&utm_source=3a1fdfd4,"about the role we are hiring a results-oriented senior machine learning engineer to join our growing team in pune on a hybrid schedule. reporting to the director of machine learning, you will partner with product and engineering teams to both solve problems and identify new opportunities for the business. the ideal candidate will apply quantitative analysis, modeling, and data mining to help drive informed product decisions for pubmatic get things done. what you'll do perform deep dive analysi…",['machine learning'],1,machine learning
machine learning engineer,AWS Machine Learning Engineer,Highrise Solutions LLP,"Pune, Maharashtra",,,"Job Description: BASIC PURPOSE: The primary responsibilities of the AWS Machine Learning Engineer are to design, develop and deploy Machine learning models using AI/ML technologies within the AWS framework. This role will collaborate closely with the product and software development teams to operationalize these ML solutions for automating key business processes across the enterprise for both talent-facing and internal applications. ESSENTIAL FUNCTIONS: Leverage AWS ML platform services and fra…",IT Jobs,2026-05-13T02:16:54Z,https://www.adzuna.in/details/5727271341?utm_medium=api&utm_source=3a1fdfd4,"job description: basic purpose: the primary responsibilities of the aws machine learning engineer are to design, develop and deploy machine learning models using ai/ml technologies within the aws framework. this role will collaborate closely with the product and software development teams to operationalize these ml solutions for automating key business processes across the enterprise for both talent-facing and internal applications. essential functions: leverage aws ml platform services and fra…","['machine learning', 'aws']",2,"machine learning, aws"
machine learning engineer,Senior Machine Learning Engineer,Real,India,,,"Real (Nasdaq: REAX) is a publicly traded, fast-growing global real estate brokerage powered by technology and driven by people. Since our founding in 2014, we’ve been reimagining the residential real estate experience. With operations across the U.S., Canada, India, and the District of Columbia, we’re leading the industry with our cutting-edge platform that empowers agents, simplifies the buying and selling journey, and unlocks greater financial opportunities. At Real, we believe in pairing Tec…",IT Jobs,2026-05-07T02:09:29Z,https://www.adzuna.in/details/5720822139?utm_medium=api&utm_source=3a1fdfd4,"real (nasdaq: reax) is a publicly traded, fast-growing global real estate brokerage powered by technology and driven by people. since our founding in 2014, we’ve been reimagining the residential real estate experience. with operations across the u.s., canada, india, and the district of columbia, we’re leading the industry with our cutting-edge platform that empowers agents, simplifies the buying and selling journey, and unlocks greater financial opportunities. at real, we believe in pairing tec…",[],0,
machine learning engineer,Senior Machine Learning Engineer,Jiostar India,India,,,"Job Title: Senior Machine Learning Engineer Department, Level: Subs/Pay, X22 Location: Bangalore Work Type: Full time JOB SUMMARY: As a Sr. ML Engineer, you will play a pivotal role in building end to end ML lifecycle with scale. Our recommendation engine creates personalized home page experiences for millions globally, adapting to user interests in real-time. Leveraging ML algorithms and A/B testing, we continuously refine our recommendations. If you're passionate about tackling complex techni…",Engineering Jobs,2026-07-24T03:30:14Z,https://www.adzuna.in/details/5812881745?utm_medium=api&utm_source=3a1fdfd4,"job title: senior machine learning engineer department, level: subs/pay, x22 location: bangalore work type: full time job summary: as a sr. ml engineer, you will play a pivotal role in building end to end ml lifecycle with scale. our recommendation engine creates personalized home page experiences for millions globally, adapting to user interests in real-time. leveraging ml algorithms and a/b testing, we continuously refine our recommendations. if you're passionate about tackling complex techni…","['machine learning', 'a/b testing']",2,"machine learning, a/b testing"
machine learning engineer,Senior Machine Learning Engineer,Aftershoot,India,,,"At Aftershoot, we’re building a global community of photographers who spend less time behind their screens and more time behind the lens. Every feature we create, every update we ship, is designed to make post-processing easier, faster, and smarter for photographers around the world. From culling to editing to retouching. Our AI tools do all the heavy lifting, so photographers can focus on what they do best: capturing moments, telling stories, and creating magic. We’re a fast-growing, passionat…",IT Jobs,2026-05-14T02:14:08Z,https://www.adzuna.in/details/5728303953?utm_medium=api&utm_source=3a1fdfd4,"at aftershoot, we’re building a global community of photographers who spend less time behind their screens and more time behind the lens. every feature we create, every update we ship, is designed to make post-processing easier, faster, and smarter for photographers around the world. from culling to editing to retouching. our ai tools do all the heavy lifting, so photographers can focus on what they do best: capturing moments, telling stories, and creating magic. we’re a fast-growing, passionat…",[],0,
machine learning engineer,Sr. Machine Learning Engineer,Prodege India,India,,,"Job Description: Strategic Imperative: The Sr. Machine Learning Engineer will drive our AI initiatives by designing, building, and deploying advanced ML solutions that power business growth and innovation at scale. You’ll lead complex projects, mentor peers, and collaborate with global teams to deliver production-ready AI/ML systems that make a measurable business impact. Prodege: A cutting-edge marketing and consumer insights platform, Prodege has charted a course of innovation in the evolving…",IT Jobs,2026-06-04T02:22:20Z,https://www.adzuna.in/details/5751012349?utm_medium=api&utm_source=3a1fdfd4,"job description: strategic imperative: the sr. machine learning engineer will drive our ai initiatives by designing, building, and deploying advanced ml solutions that power business growth and innovation at scale. you’ll lead complex projects, mentor peers, and collaborate with global teams to deliver production-ready ai/ml systems that make a measurable business impact. prodege: a cutting-edge marketing and consumer insights platform, prodege has charted a course of innovation in the evolving…",['machine learning'],1,machine learning
machine learning engineer,Associate Machine Learning Engineer,Amgen,"Hyderabad, Telangana",,,"Career Category Manufacturing Job Description ABOUT THE ROLE Role Description: The Associate Machine Learning Engineer position offers a unique opportunity to join a fun, innovative engineering team within the AI & Data Science (AI&D) organization. You’ll work on next-generation capabilities and services in Applied AI & Automation using innovative COTS products, open-source software, frameworks, tools, and cloud computing services. The role also emphasizes demonstrating these capabilities to su…",IT Jobs,2026-06-09T02:28:32Z,https://www.adzuna.in/details/5756617851?utm_medium=api&utm_source=3a1fdfd4,"career category manufacturing job description about the role role description: the associate machine learning engineer position offers a unique opportunity to join a fun, innovative engineering team within the ai & data science (ai&d) organization. you’ll work on next-generation capabilities and services in applied ai & automation using innovative cots products, open-source software, frameworks, tools, and cloud computing services. the role also emphasizes demonstrating these capabilities to su…",['machine learning'],1,machine learning
machine learning engineer,Lead Machine Learning Engineer,Wipro Limited,"Bangalore, Karnataka",,,"Job Description body.unify div.unify-button-container .unify-apply-now: focus, body.unify div.unify-button-container .unify-apply-body.unify div.unify-button-container .unify-apply-now: focus, body.unify div.unify-button-container .unify-apply- Job Title: Lead Machine Learning Engineer City: Bengaluru State/Province: Karnataka Posting Start Date: 7/7/26 Wipro Limited (NYSE: WIT, BSE: 507685, NSE: WIPRO) is a leading technology services and consulting company focused on building innovative solut…",IT Jobs,2026-07-11T15:09:19Z,https://www.adzuna.in/details/5796793760?utm_medium=api&utm_source=3a1fdfd4,"job description body.unify div.unify-button-container .unify-apply-now: focus, body.unify div.unify-button-container .unify-apply-body.unify div.unify-button-container .unify-apply-now: focus, body.unify div.unify-button-container .unify-apply- job title: lead machine learning engineer city: bengaluru state/province: karnataka posting start date: 7/7/26 wipro limited (nyse: wit, bse: 507685, nse: wipro) is a leading technology services and consulting company focused on building innovative solut…",['machine learning'],1,machine learning
machine learning engineer,Machine Learning Engineer 4,Adobe,"Bangalore, Karnataka",,,"About the Role Adobe is seeking a Machine Learning Engineer to join the Adobe Genuine Engineering team. This group protects Adobe's ecosystem from fraud, abuse, and misuse using intelligent systems worldwide. In this position, you will build and develop machine learning models from scratch, including custom transformer-based frameworks, to identify fraudulent actions, stop account sharing, and protect the experience of hundreds of millions of users. You will manage the entire model lifecycle: r…",IT Jobs,2026-06-07T02:06:45Z,https://www.adzuna.in/details/5754686090?utm_medium=api&utm_source=3a1fdfd4,"about the role adobe is seeking a machine learning engineer to join the adobe genuine engineering team. this group protects adobe's ecosystem from fraud, abuse, and misuse using intelligent systems worldwide. in this position, you will build and develop machine learning models from scratch, including custom transformer-based frameworks, to identify fraudulent actions, stop account sharing, and protect the experience of hundreds of millions of users. you will manage the entire model lifecycle: r…",['machine learning'],1,machine learning
machine learning engineer,Senior Machine Learning Engineer,S&P Global,"Hyderabad, Telangana",,,"About the Role: Grade Level (for internal use): 03 Who We Are Kensho is S&P Global's hub for AI innovation and transformation . With expertise in Machine Learning and data discovery, we develop and deploy novel solutions for S&P Global and its customers worldwide. Our solutions help businesses harness the power of data and Artificial Intelligence to innovate and drive progress. Kensho's solutions and research focus on Generative AI, LLM Agents, speech recognition, entity linking, document extra…",IT Jobs,2025-12-13T11:38:10Z,https://www.adzuna.in/details/5540766755?utm_medium=api&utm_source=3a1fdfd4,"about the role: grade level (for internal use): 03 who we are kensho is s&p global's hub for ai innovation and transformation . with expertise in machine learning and data discovery, we develop and deploy novel solutions for s&p global and its customers worldwide. our solutions help businesses harness the power of data and artificial intelligence to innovate and drive progress. kensho's solutions and research focus on generative ai, llm agents, speech recognition, entity linking, document extra…",['machine learning'],1,machine learning
machine learning engineer,Senior Machine Learning Engineer,S&P Global,"Bangalore, Karnataka",,,"About the Role: Grade Level (for internal use): 03 Who We Are Kensho is S&P Global's hub for AI innovation and transformation . With expertise in Machine Learning and data discovery, we develop and deploy novel solutions for S&P Global and its customers worldwide. Our solutions help businesses harness the power of data and Artificial Intelligence to innovate and drive progress. Kensho's solutions and research focus on Generative AI, LLM Agents, speech recognition, entity linking, document extra…",IT Jobs,2026-03-07T08:25:44Z,https://www.adzuna.in/details/5657090766?utm_medium=api&utm_source=3a1fdfd4,"about the role: grade level (for internal use): 03 who we are kensho is s&p global's hub for ai innovation and transformation . with expertise in machine learning and data discovery, we develop and deploy novel solutions for s&p global and its customers worldwide. our solutions help businesses harness the power of data and artificial intelligence to innovate and drive progress. kensho's solutions and research focus on generative ai, llm agents, speech recognition, entity linking, document extra…",['machine learning'],1,machine learning
machine learning engineer,"Machine Learning Engineer, Specialist",The Vanguard Group,"Hyderabad, Telangana",,,"About Vanguard Founded in 1975, Vanguard is one of the world's leading investment management companies. The firm offers investments, advice, and retirement services to tens of millions of individual investors around the globe—directly, through workplace plans, and through financial intermediaries. Vanguard’s India Office Vanguard’s office in India is a significant milestone in our global expansion. We are committed to establishing an enduring technology center in Hyderabad, Telangana and are ex…",Engineering Jobs,2026-07-20T03:15:45Z,https://www.adzuna.in/details/5807485324?utm_medium=api&utm_source=3a1fdfd4,"about vanguard founded in 1975, vanguard is one of the world's leading investment management companies. the firm offers investments, advice, and retirement services to tens of millions of individual investors around the globe—directly, through workplace plans, and through financial intermediaries. vanguard’s india office vanguard’s office in india is a significant milestone in our global expansion. we are committed to establishing an enduring technology center in hyderabad, telangana and are ex…",[],0,
machine learning engineer,Staff Machine Learning Engineer,Zendesk,"Pune, Maharashtra",,,"Job Description Join us at Zendesk, where we're on a mission to power exceptional service for every person on the planet. We're accelerating that ambition by building products rooted in AI, automation, and intelligent customer experiences, because behind every interaction lies an opportunity to make a human connection. We’re looking for a Staff Machine Learning Engineer to shape the architecture and strategy of Zendesk’s GenAI platform. You’ll lead large, cross‑functional efforts that standardi…",Engineering Jobs,2026-03-14T01:44:12Z,https://www.adzuna.in/details/5664049711?utm_medium=api&utm_source=3a1fdfd4,"job description join us at zendesk, where we're on a mission to power exceptional service for every person on the planet. we're accelerating that ambition by building products rooted in ai, automation, and intelligent customer experiences, because behind every interaction lies an opportunity to make a human connection. we’re looking for a staff machine learning engineer to shape the architecture and strategy of zendesk’s genai platform. you’ll lead large, cross‑functional efforts that standardi…",['machine learning'],1,machine learning
machine learning engineer,Staff Machine Learning Engineer,project44,"Bangalore, Karnataka",,,"Why project44? At project44, we believe in better. We challenge the status quo because we know a better supply chain isn’t just possible—it’s essential. Better for our customers. Better for their business. Better for the world. With our Decision Intelligence Platform, Movement , we’re redefining how global supply chains operate. By transforming fragmented logistics data into real-time, AI-powered insights, we empower companies to connect instantly, see clearly, act decisively, and automate inte…",Engineering Jobs,2026-06-22T02:39:25Z,https://www.adzuna.in/details/5771984164?utm_medium=api&utm_source=3a1fdfd4,"why project44? at project44, we believe in better. we challenge the status quo because we know a better supply chain isn’t just possible—it’s essential. better for our customers. better for their business. better for the world. with our decision intelligence platform, movement , we’re redefining how global supply chains operate. by transforming fragmented logistics data into real-time, ai-powered insights, we empower companies to connect instantly, see clearly, act decisively, and automate inte…",[],0,
machine learning engineer,AI and Machine Learning Engineer,Hewlett Packard Enterprise,"Bangalore, Karnataka",,,"AI and Machine Learning Engineer This role has been designed as ‘Hybrid’ with an expectation that you will work on average 2 days per week from an HPE office. Who We Are: Hewlett Packard Enterprise is the global edge-to-cloud company advancing the way people live and work. We help companies connect, protect, analyze, and act on their data and applications wherever they live, from edge to cloud, so they can turn insights into outcomes at the speed required to thrive in today’s complex world. Our…",IT Jobs,2026-06-20T03:24:26Z,https://www.adzuna.in/details/5769817753?utm_medium=api&utm_source=3a1fdfd4,"ai and machine learning engineer this role has been designed as ‘hybrid’ with an expectation that you will work on average 2 days per week from an hpe office. who we are: hewlett packard enterprise is the global edge-to-cloud company advancing the way people live and work. we help companies connect, protect, analyze, and act on their data and applications wherever they live, from edge to cloud, so they can turn insights into outcomes at the speed required to thrive in today’s complex world. our…",['machine learning'],1,machine learning
machine learning engineer,Machine Learning Engineering Manager,S&P Global,India,,,"About the Role: Grade Level (for internal use): 03 Who We Are Kensho is S&P Global’s hub for AI innovation and transformation . With expertise in Machine Learning and data discovery, we develop and deploy novel solutions for S&P Global and its customers worldwide. Our solutions help businesses harness the power of data and Artificial Intelligence to innovate and drive progress. Kensho's solutions and research focus on Generative AI, LLM Agents, speech recognition, entity linking, document extra…",IT Jobs,2025-12-13T00:25:34Z,https://www.adzuna.in/details/5539890511?utm_medium=api&utm_source=3a1fdfd4,"about the role: grade level (for internal use): 03 who we are kensho is s&p global’s hub for ai innovation and transformation . with expertise in machine learning and data discovery, we develop and deploy novel solutions for s&p global and its customers worldwide. our solutions help businesses harness the power of data and artificial intelligence to innovate and drive progress. kensho's solutions and research focus on generative ai, llm agents, speech recognition, entity linking, document extra…",['machine learning'],1,machine learning
machine learning engineer,Machine Learning Engineering Manager,S&P Global,"Hyderabad, Telangana",,,"About the Role: Grade Level (for internal use): 03 Who We Are Kensho is S&P Global's hub for AI innovation and transformation . With expertise in Machine Learning and data discovery, we develop and deploy novel solutions for S&P Global and its customers worldwide. Our solutions help businesses harness the power of data and Artificial Intelligence to innovate and drive progress. Kensho's solutions and research focus on Generative AI, LLM Agents, speech recognition, entity linking, document extra…",IT Jobs,2025-12-13T11:38:10Z,https://www.adzuna.in/details/5540766758?utm_medium=api&utm_source=3a1fdfd4,"about the role: grade level (for internal use): 03 who we are kensho is s&p global's hub for ai innovation and transformation . with expertise in machine learning and data discovery, we develop and deploy novel solutions for s&p global and its customers worldwide. our solutions help businesses harness the power of data and artificial intelligence to innovate and drive progress. kensho's solutions and research focus on generative ai, llm agents, speech recognition, entity linking, document extra…",['machine learning'],1,machine learning
machine learning engineer,Machine Learning Engineering Manager,S&P Global,"Bangalore, Karnataka",,,"About the Role: Grade Level (for internal use): 03 Who We Are Kensho is S&P Global's hub for AI innovation and transformation . With expertise in Machine Learning and data discovery, we develop and deploy novel solutions for S&P Global and its customers worldwide. Our solutions help businesses harness the power of data and Artificial Intelligence to innovate and drive progress. Kensho's solutions and research focus on Generative AI, LLM Agents, speech recognition, entity linking, document extra…",IT Jobs,2026-03-07T08:25:44Z,https://www.adzuna.in/details/5657090777?utm_medium=api&utm_source=3a1fdfd4,"about the role: grade level (for internal use): 03 who we are kensho is s&p global's hub for ai innovation and transformation . with expertise in machine learning and data discovery, we develop and deploy novel solutions for s&p global and its customers worldwide. our solutions help businesses harness the power of data and artificial intelligence to innovate and drive progress. kensho's solutions and research focus on generative ai, llm agents, speech recognition, entity linking, document extra…",['machine learning'],1,machine learning
machine learning engineer,Senior Machine Learning Engineer,Wabtec Corporation,"Bangalore, Karnataka",,,"Job Description _Summary:_ The Senior ML Engineer, working as part of Wabtec's Digital Advanced Technologies (DAT) team will be responsible for architecting and deploying new advanced AI computer vision solutions throughout the freight and passenger transportation industry. DAT is a cross-disciplined entrepreneurial group that carries out applied research in AI/ML, designs and deploys cutting edge algorithms and new digital solutions throughout the Wabtec portfolio of businesses. The candidate …",Engineering Jobs,2026-06-05T10:34:30Z,https://www.adzuna.in/details/5752832919?utm_medium=api&utm_source=3a1fdfd4,"job description _summary:_ the senior ml engineer, working as part of wabtec's digital advanced technologies (dat) team will be responsible for architecting and deploying new advanced ai computer vision solutions throughout the freight and passenger transportation industry. dat is a cross-disciplined entrepreneurial group that carries out applied research in ai/ml, designs and deploys cutting edge algorithms and new digital solutions throughout the wabtec portfolio of businesses. the candidate …",['git'],1,git
machine learning engineer,Senior Machine Learning Engineer,Career One Stop,"Bangalore, Karnataka",1000000.0,1800000.0,"Requirements Experience 5 years of professional experience in implementing MLOps framework to scale up ML in production. Hands-on experience with Kubernetes, Kubeflow, MLflow, Sagemaker, and other ML model experiment management tools including training, inference, and evaluation. Experience in ML model serving (TorchServe, TensorFlow Serving, NVIDIA Triton inference server, etc.) Proficiency with ML model training frameworks (PyTorch, Pytorch Lightning, Tensorflow, etc.). Experience with GPU co…",IT Jobs,2023-11-02T14:51:22Z,https://www.adzuna.in/details/4408712992?utm_medium=api&utm_source=3a1fdfd4,"requirements experience 5 years of professional experience in implementing mlops framework to scale up ml in production. hands-on experience with kubernetes, kubeflow, mlflow, sagemaker, and other ml model experiment management tools including training, inference, and evaluation. experience in ml model serving (torchserve, tensorflow serving, nvidia triton inference server, etc.) proficiency with ml model training frameworks (pytorch, pytorch lightning, tensorflow, etc.). experience with gpu co…","['tensorflow', 'pytorch']",2,"tensorflow, pytorch"
machine learning engineer,Senior Machine Learning Engineer,HQ,India,800000.0,2700000.0,"Requirements: Must have 5 years of experience Strong proficiency in data engineering concepts and practices. Extensive experience in applying data science and machine learning techniques. Working knowledge of extracting information from unstructured data sources, particularly PDFs. Hands-on experience with Large Language Models (LLMs) such as GPT and Gemini. Knowledge of prompt engineering and fine-tuning techniques. Practical experience in building Retrieval-Augmented Generation (RAG) systems.…",IT Jobs,2024-09-19T11:47:46Z,https://www.adzuna.in/details/4868884802?utm_medium=api&utm_source=3a1fdfd4,"requirements: must have 5 years of experience strong proficiency in data engineering concepts and practices. extensive experience in applying data science and machine learning techniques. working knowledge of extracting information from unstructured data sources, particularly pdfs. hands-on experience with large language models (llms) such as gpt and gemini. knowledge of prompt engineering and fine-tuning techniques. practical experience in building retrieval-augmented generation (rag) systems.…",['machine learning'],1,machine learning
machine learning engineer,Sr. Machine Learning Engineer,Qrata,India,4500000.0,5500000.0,"Responsibilities: Help build model monitoring systems across model types like regression, classification with structured & unstructured datasets. Build high-performance multi-tenant deployment architecture that works across frameworks like PyTorch, sklearn, TensorFlow. Help realize the product vision: Production-ready machine learning models with monitoring within moments, not months. Help companies deploy their machine learning models at scale across a wide range of use-cases and sectors. Writ…",IT Jobs,2024-01-07T15:08:06Z,https://www.adzuna.in/details/4514376605?utm_medium=api&utm_source=3a1fdfd4,"responsibilities: help build model monitoring systems across model types like regression, classification with structured & unstructured datasets. build high-performance multi-tenant deployment architecture that works across frameworks like pytorch, sklearn, tensorflow. help realize the product vision: production-ready machine learning models with monitoring within moments, not months. help companies deploy their machine learning models at scale across a wide range of use-cases and sectors. writ…","['machine learning', 'tensorflow', 'pytorch']",3,"machine learning, tensorflow, pytorch"
machine learning engineer,Senior Machine Learning Engineer,Docsumo,India,1500000.0,3000000.0,"About Us : Docsumo is Document AI software that helps enterprises capture data and analyze customer documents. We convert documents such as invoices, ID cards, and bank statements into actionable data. We are work with clients such as PayU, Arbor and Hitachi and backed by Sequoia, Barclays, Techstars, and Better Capital. As a Senior Machine Learning you will be working directly with the CTO to develop end to end API products for the US market in the information extraction domain. Responsibiliti…",IT Jobs,2022-06-26T06:20:48Z,https://www.adzuna.in/details/3262154917?utm_medium=api&utm_source=3a1fdfd4,"about us : docsumo is document ai software that helps enterprises capture data and analyze customer documents. we convert documents such as invoices, id cards, and bank statements into actionable data. we are work with clients such as payu, arbor and hitachi and backed by sequoia, barclays, techstars, and better capital. as a senior machine learning you will be working directly with the cto to develop end to end api products for the us market in the information extraction domain. responsibiliti…",['machine learning'],1,machine learning
machine learning engineer,Senior Machine Learning Engineer,Toyota Connected,"Chennai, Tamil Nadu",2000000.0,3500000.0,"About Toyota Connected If you want to change the way the world works, transform the automotive industry and positively impact others on a global scale, then Toyota Connected is the right place for you Within our collaborative, fast-paced environment we focus on continual improvement and work in a highly iterative way to deliver exceptional value in the form of connected products and services that wow and delight our customers and the world around us. About the Team Toyota Connected India is hir…",IT Jobs,2021-07-09T22:10:58Z,https://www.adzuna.in/details/2308527096?utm_medium=api&utm_source=3a1fdfd4,"about toyota connected if you want to change the way the world works, transform the automotive industry and positively impact others on a global scale, then toyota connected is the right place for you within our collaborative, fast-paced environment we focus on continual improvement and work in a highly iterative way to deliver exceptional value in the form of connected products and services that wow and delight our customers and the world around us. about the team toyota connected india is hir…",[],0,
machine learning engineer,"Machine Learning Engineer, Dubbing",Sarvam,"Bangalore, Karnataka",,,"About Sarvam Sarvam is building the bedrock of Sovereign AI for India. The company is developing India’s full-stack sovereign AI platform, building across research, models, infrastructure and applications with a singular focus on making AI genuinely work for India. Sarvam works with leading enterprises and public institutions and is backed by Lightspeed, Peak XV, and Khosla Ventures. Sarvam partners with India’s leading brands, including Tata Capital, SBI Life, CRED, IDFC, and LIC. About the Ro…",IT Jobs,2026-06-04T02:24:28Z,https://www.adzuna.in/details/5751030404?utm_medium=api&utm_source=3a1fdfd4,"about sarvam sarvam is building the bedrock of sovereign ai for india. the company is developing india’s full-stack sovereign ai platform, building across research, models, infrastructure and applications with a singular focus on making ai genuinely work for india. sarvam works with leading enterprises and public institutions and is backed by lightspeed, peak xv, and khosla ventures. sarvam partners with india’s leading brands, including tata capital, sbi life, cred, idfc, and lic. about the ro…",[],0,
machine learning engineer,"Machine Learning Engineer, Vision",Sarvam,"Bangalore, Karnataka",,,"About Sarvam Sarvam is building the bedrock of Sovereign AI for India. The company is developing India's full-stack sovereign AI platform, building across research, models, infrastructure and applications with a singular focus on making AI genuinely work for India. Sarvam works with leading enterprises and public institutions and is backed by Lightspeed, Peak XV, and Khosla Ventures. Sarvam partners with India's leading brands, including Tata Capital, SBI Life, CRED, IDFC, and LIC. About the Ro…",IT Jobs,2026-06-04T02:33:48Z,https://www.adzuna.in/details/5751091114?utm_medium=api&utm_source=3a1fdfd4,"about sarvam sarvam is building the bedrock of sovereign ai for india. the company is developing india's full-stack sovereign ai platform, building across research, models, infrastructure and applications with a singular focus on making ai genuinely work for india. sarvam works with leading enterprises and public institutions and is backed by lightspeed, peak xv, and khosla ventures. sarvam partners with india's leading brands, including tata capital, sbi life, cred, idfc, and lic. about the ro…",[],0,
machine learning engineer,Machine Learning Engineer (MLops),Capco,"Bangalore, Karnataka",,,"domain specific data. Experience with RAG, Prompt Engineering concepts and fundamentals (Vector DBs). Experience with containerization and orchestration technologies (Kubernetes, Docker). In depth knowledge of machine learning, deep learning, and NLP. Manage prioritization and technology work for building NLP, ML & AI solutions experience in experimenting and developing with LLM. Strong understanding of NLP techniques and framework such as BERT,GPT or Transformer models. Create and manage best …",IT Jobs,2026-06-09T06:51:13Z,https://www.adzuna.in/details/5756755274?utm_medium=api&utm_source=3a1fdfd4,"domain specific data. experience with rag, prompt engineering concepts and fundamentals (vector dbs). experience with containerization and orchestration technologies (kubernetes, docker). in depth knowledge of machine learning, deep learning, and nlp. manage prioritization and technology work for building nlp, ml & ai solutions experience in experimenting and developing with llm. strong understanding of nlp techniques and framework such as bert,gpt or transformer models. create and manage best …","['machine learning', 'deep learning', 'nlp', 'docker']",4,"machine learning, deep learning, nlp, docker"
machine learning engineer,Senior Machine Learning Engineer,First Advantage,"Immedihalli, Bangalore",,,"At First Advantage (Nasdaq: FA), people are at the heart of everything we do. From our customers and partners to our greatest advantage — our team members. Operating with empathy and compassion, First Advantage fosters a global inclusive workforce devoted to the diverse voices that make up our talent and products. Our team members empower each other to be their authentic selves and treat all with respect, integrity, and fairness. Say hello to a rewarding career and come join a leading provider …",IT Jobs,2026-06-11T02:38:55Z,https://www.adzuna.in/details/5759061544?utm_medium=api&utm_source=3a1fdfd4,"at first advantage (nasdaq: fa), people are at the heart of everything we do. from our customers and partners to our greatest advantage — our team members. operating with empathy and compassion, first advantage fosters a global inclusive workforce devoted to the diverse voices that make up our talent and products. our team members empower each other to be their authentic selves and treat all with respect, integrity, and fairness. say hello to a rewarding career and come join a leading provider …",[],0,
machine learning engineer,Senior Machine Learning Engineer,Warner Bros. Discovery,"Bangalore, Karnataka",,,"Roles & Responsibilities The role will focus on building out machine learning solutions for WBDs content and Ad platform. Primary focus will be on unlocking machine learning opportunities in media supply chain, captioning services, ad conditioning, metadata extraction and building foundational machine learning training and inference pipelines at scale. You have a successful track record for ambitious projects across cross-functional teams. You are passionate and results oriented. You strive for…",IT Jobs,2026-06-24T07:22:25Z,https://www.adzuna.in/details/5774235279?utm_medium=api&utm_source=3a1fdfd4,"roles & responsibilities the role will focus on building out machine learning solutions for wbds content and ad platform. primary focus will be on unlocking machine learning opportunities in media supply chain, captioning services, ad conditioning, metadata extraction and building foundational machine learning training and inference pipelines at scale. you have a successful track record for ambitious projects across cross-functional teams. you are passionate and results oriented. you strive for…",['machine learning'],1,machine learning
machine learning engineer,Senior Machine Learning Engineer,GoTo,"Bangalore, Karnataka",,,"Where you'll work: Bangalore, KA, IN Engineering at GoTo We're trailblazers in remote work technology-building powerful, flexible solutions that empower everyone to live their best life, both at work and beyond. With us, you'll have the opportunity to chart new paths and help redefine how the world works. For us, AI isn't just a buzzword; it's a tool we use to deliver real, practical value to our customers and teams. We focus on solving meaningful problems, not just adding features for the sake…",Engineering Jobs,2026-01-14T08:55:09Z,https://www.adzuna.in/details/5583456146?utm_medium=api&utm_source=3a1fdfd4,"where you'll work: bangalore, ka, in engineering at goto we're trailblazers in remote work technology-building powerful, flexible solutions that empower everyone to live their best life, both at work and beyond. with us, you'll have the opportunity to chart new paths and help redefine how the world works. for us, ai isn't just a buzzword; it's a tool we use to deliver real, practical value to our customers and teams. we focus on solving meaningful problems, not just adding features for the sake…",[],0,
machine learning engineer,"Machine Learning Engineer, Evaluation",HackerRank,India,,,"HackerRank helps companies like NVIDIA, Amazon, and Microsoft hire and upskill the next generation of developers based on skills, not pedigree. Our platform is trusted by over 2,500 of the world’s most innovative companies to build strong engineering teams ready for what’s next. Software has entered an era where humans and AI build side by side. As this shift accelerates, the definition of strong technical talent is changing. We give companies better ways to identify and invest in next-generati…",IT Jobs,2026-07-07T15:01:40Z,https://www.adzuna.in/details/5790876664?utm_medium=api&utm_source=3a1fdfd4,"hackerrank helps companies like nvidia, amazon, and microsoft hire and upskill the next generation of developers based on skills, not pedigree. our platform is trusted by over 2,500 of the world’s most innovative companies to build strong engineering teams ready for what’s next. software has entered an era where humans and ai build side by side. as this shift accelerates, the definition of strong technical talent is changing. we give companies better ways to identify and invest in next-generati…",[],0,
machine learning engineer,Senior Machine Learning Engineer,Amgen,"Hyderabad, Telangana",,,"Career Category Clinical Job Description What you will do Let's do this. Let's change the world. Amgen’s AI & Data for Engineered Biologics team within Large Molecule Discovery is seeking a Software/ML Engineer to help bring predictive models and ML-enabled tools into production for biologics discovery. In this role, you will partner with ML scientists, software engineers, data engineers, and discovery teams to transform research prototypes into scalable, tested, and maintainable services. You …",IT Jobs,2026-07-08T03:28:46Z,https://www.adzuna.in/details/5791466620?utm_medium=api&utm_source=3a1fdfd4,"career category clinical job description what you will do let's do this. let's change the world. amgen’s ai & data for engineered biologics team within large molecule discovery is seeking a software/ml engineer to help bring predictive models and ml-enabled tools into production for biologics discovery. in this role, you will partner with ml scientists, software engineers, data engineers, and discovery teams to transform research prototypes into scalable, tested, and maintainable services. you …",['scala'],1,scala
machine learning engineer,Staff Machine Learning Engineer,Tekion,"Bangalore, Karnataka",,,"About Tekion: Positively disrupting an industry that has not seen any innovation in over 50 years, Tekion has challenged the paradigm with the first and fastest cloud-native automotive platform that includes the revolutionary Automotive Retail Cloud (ARC) for retailers, Automotive Enterprise Cloud (AEC) for manufacturers and other large automotive enterprises and Automotive Partner Cloud (APC) for technology and industry partners. Tekion connects the entire spectrum of the automotive retail eco…",Scientific & QA Jobs,2026-07-11T03:28:52Z,https://www.adzuna.in/details/5796200655?utm_medium=api&utm_source=3a1fdfd4,"about tekion: positively disrupting an industry that has not seen any innovation in over 50 years, tekion has challenged the paradigm with the first and fastest cloud-native automotive platform that includes the revolutionary automotive retail cloud (arc) for retailers, automotive enterprise cloud (aec) for manufacturers and other large automotive enterprises and automotive partner cloud (apc) for technology and industry partners. tekion connects the entire spectrum of the automotive retail eco…",[],0,
machine learning engineer,Senior Machine Learning Engineer,Tekion,"Bangalore, Karnataka",,,"About Tekion: Positively disrupting an industry that has not seen any innovation in over 50 years, Tekion has challenged the paradigm with the first and fastest cloud-native automotive platform that includes the revolutionary Automotive Retail Cloud (ARC) for retailers, Automotive Enterprise Cloud (AEC) for manufacturers and other large automotive enterprises and Automotive Partner Cloud (APC) for technology and industry partners. Tekion connects the entire spectrum of the automotive retail eco…",IT Jobs,2026-07-11T03:37:56Z,https://www.adzuna.in/details/5796207798?utm_medium=api&utm_source=3a1fdfd4,"about tekion: positively disrupting an industry that has not seen any innovation in over 50 years, tekion has challenged the paradigm with the first and fastest cloud-native automotive platform that includes the revolutionary automotive retail cloud (arc) for retailers, automotive enterprise cloud (aec) for manufacturers and other large automotive enterprises and automotive partner cloud (apc) for technology and industry partners. tekion connects the entire spectrum of the automotive retail eco…",[],0,
machine learning engineer,Machine Learning Engineer 2,Adobe,"Bangalore, Karnataka",,,"JOB LEVEL P20 EMPLOYEE ROLE Individual Contributor Job Description The development engineer will be part of a team working on the development of the illustrator product in our creative suite of products. They will be responsible for the development of new features and maintenance of existing features and will be responsible for all phases of development, from early specs and definition to release. They is expected to be hands-on problem solver and well conversant in analysing, architecting and …",IT Jobs,2026-07-20T03:15:00Z,https://www.adzuna.in/details/5807483874?utm_medium=api&utm_source=3a1fdfd4,"job level p20 employee role individual contributor job description the development engineer will be part of a team working on the development of the illustrator product in our creative suite of products. they will be responsible for the development of new features and maintenance of existing features and will be responsible for all phases of development, from early specs and definition to release. they is expected to be hands-on problem solver and well conversant in analysing, architecting and …",[],0,
machine learning engineer,Senior Machine Learning Engineer,GoTo Technologies,India,,,"Where you’ll work: Bangalore, KA, IN Engineering at GoTo We’re trailblazers in remote work technology—building powerful, flexible solutions that empower everyone to live their best life, both at work and beyond. With us, you’ll have the opportunity to chart new paths and help redefine how the world works. For us, AI isn’t just a buzzword; it’s a tool we use to deliver real, practical value to our customers and teams. We focus on solving meaningful problems, not just adding features for the sake…",Engineering Jobs,2026-03-09T01:52:20Z,https://www.adzuna.in/details/5658763097?utm_medium=api&utm_source=3a1fdfd4,"where you’ll work: bangalore, ka, in engineering at goto we’re trailblazers in remote work technology—building powerful, flexible solutions that empower everyone to live their best life, both at work and beyond. with us, you’ll have the opportunity to chart new paths and help redefine how the world works. for us, ai isn’t just a buzzword; it’s a tool we use to deliver real, practical value to our customers and teams. we focus on solving meaningful problems, not just adding features for the sake…",[],0,
machine learning engineer,Machine Learning Engineer 3,Adobe,"Noida, Ghaziabad",,,"Our Company Changing the world through digital experiences is what Adobe’s all about. We give everyone—from emerging artists to global brands—everything they need to design and deliver exceptional digital experiences. We’re passionate about empowering people to craft alluring and powerful images, videos, and apps, and transform how companies interact with customers across every screen. We’re on a mission to hire the very best and are committed to building exceptional employee experiences where …",IT Jobs,2026-03-06T01:56:20Z,https://www.adzuna.in/details/5655381774?utm_medium=api&utm_source=3a1fdfd4,"our company changing the world through digital experiences is what adobe’s all about. we give everyone—from emerging artists to global brands—everything they need to design and deliver exceptional digital experiences. we’re passionate about empowering people to craft alluring and powerful images, videos, and apps, and transform how companies interact with customers across every screen. we’re on a mission to hire the very best and are committed to building exceptional employee experiences where …",['git'],1,git
machine learning engineer,Senior Machine Learning Engineer,Adobe,"Bangalore, Karnataka",,,"Job Description Adobe Firefly Gen AI Models and services group is looking for a Firefly models & Services architect interested in working on generative AI models for image, vector, audio, video and multimodal to help us build the next generation of foundation models that power Adobe creative tools. We are looking for a passionate architect with deep machine learning expertise who can contribute to building, optimizing and deploying model pipelines to be used by Adobe’s innovative and Industry l…",IT Jobs,2026-04-25T02:11:24Z,https://www.adzuna.in/details/5709644176?utm_medium=api&utm_source=3a1fdfd4,"job description adobe firefly gen ai models and services group is looking for a firefly models & services architect interested in working on generative ai models for image, vector, audio, video and multimodal to help us build the next generation of foundation models that power adobe creative tools. we are looking for a passionate architect with deep machine learning expertise who can contribute to building, optimizing and deploying model pipelines to be used by adobe’s innovative and industry l…",['machine learning'],1,machine learning
machine learning engineer,Machine Learning Engineer Expert,SAP,"Bangalore, Karnataka",,,"We help the world run better At SAP, we keep it simple: you bring your best to us, and we'll bring out the best in you. We're builders touching over 20 industries and 80% of global commerce, and we need your unique talents to help shape what's next. The work is challenging - but it matters. You'll find a place where you can be yourself, prioritize your wellbeing, and truly belong. What's in it for you? Constant learning, skill growth, great benefits, and a team that wants you to grow and succee…",IT Jobs,2026-07-23T10:52:32Z,https://www.adzuna.in/details/5811917616?utm_medium=api&utm_source=3a1fdfd4,"we help the world run better at sap, we keep it simple: you bring your best to us, and we'll bring out the best in you. we're builders touching over 20 industries and 80% of global commerce, and we need your unique talents to help shape what's next. the work is challenging - but it matters. you'll find a place where you can be yourself, prioritize your wellbeing, and truly belong. what's in it for you? constant learning, skill growth, great benefits, and a team that wants you to grow and succee…",[],0,
machine learning engineer,Machine Learning Engineer - Localization,BMW TechWorks,"Bangalore, Karnataka",,,"Key Responsibilities: Develop, train, and optimize ML models for localization and tracking. Apply state-of-the-art ML techniques (e.g., transformers, probabilistic modeling) to localization challenges. Collaborate with localization experts and software engineers for production deployment. Conduct simulations to evaluate model performance and robustness. Research and implement new ML methods and best practices. Maintain documentation of ML models, experiments, and components. Analyze model failu…",IT Jobs,2026-07-12T03:11:54Z,https://www.adzuna.in/details/5797286836?utm_medium=api&utm_source=3a1fdfd4,"key responsibilities: develop, train, and optimize ml models for localization and tracking. apply state-of-the-art ml techniques (e.g., transformers, probabilistic modeling) to localization challenges. collaborate with localization experts and software engineers for production deployment. conduct simulations to evaluate model performance and robustness. research and implement new ml methods and best practices. maintain documentation of ml models, experiments, and components. analyze model failu…",[],0,
machine learning engineer,Google Cloud Presales: Solutions Engineer / Architect || PAN India,HCLTech,"Bangalore, Karnataka",,,"HCLTech is hiring Google Cloud: Solutions Engineer / Architect || PAN India Role Title: Google Cloud: Solutions Engineer / Architect Primary Skills: GCP, Presales, Data & AI Notice Period: Immediate/ 30days/60 days Location: Major Indian Metros (Bengaluru, Mumbai, Pune, Gurugram, or Hyderabad) Experience: 7 Years This role drives Solution Design & Engineering for accelerating adoption of Google Cloud at Enterprise level. You will lead opportunities for Fortune 2000 Clients on Cloud Migration, M…",Sales Jobs,2026-07-23T18:57:50Z,https://www.adzuna.in/land/ad/5812353634?se=_Pt9quuH8RGEopbyd0f8Hw&utm_medium=api&utm_source=3a1fdfd4&v=D5C3D4A6E8FFCAB1660C211FA2F1CC79C6C08B8E,"hcltech is hiring google cloud: solutions engineer / architect || pan india role title: google cloud: solutions engineer / architect primary skills: gcp, presales, data & ai notice period: immediate/ 30days/60 days location: major indian metros (bengaluru, mumbai, pune, gurugram, or hyderabad) experience: 7 years this role drives solution design & engineering for accelerating adoption of google cloud at enterprise level. you will lead opportunities for fortune 2000 clients on cloud migration, m…",['gcp'],1,gcp
machine learning engineer,Machine Learning Engineer / MLOps Expert,Vrinda International,"Richmond Town, Bangalore",1800000.0,2200000.0,"Hiring Alert | Machine Learning Engineer / MLOps Expert ? ? Location: Bangalore ? Role: AI / ML Engineer (MLOps) ? Experience: 8–12 Years ? CTC: Up to ₹23 LPA ? Role Level: Team Lead / Consultant ? Work Mode: Work From Office We are looking for an experienced Machine Learning Engineer / MLOps Expert with strong expertise in ML lifecycle management, cloud AI platforms, CI/CD automation, and production-grade AI deployments. Requirements • Strong hands-on experience in Machine Learning Operations …",IT Jobs,2026-07-17T20:36:33Z,https://www.adzuna.in/details/5804952086?utm_medium=api&utm_source=3a1fdfd4,"hiring alert | machine learning engineer / mlops expert ? ? location: bangalore ? role: ai / ml engineer (mlops) ? experience: 8–12 years ? ctc: up to ₹23 lpa ? role level: team lead / consultant ? work mode: work from office we are looking for an experienced machine learning engineer / mlops expert with strong expertise in ml lifecycle management, cloud ai platforms, ci/cd automation, and production-grade ai deployments. requirements • strong hands-on experience in machine learning operations …",['machine learning'],1,machine learning
machine learning engineer,Machine Learning Engineer - LLM & GenAI,DataKrew Pvt. Ltd.,"Pune, Maharashtra",,,"Job Description We are looking for an ML – LLM & GenAI to join our team. The ideal candidate has hands-on experience building production-grade LLM applications and will play a key role in developing AskOX, the conversational AI layer of the OXRED Platform that enables users to interact with fleet data using natural language. The role focuses on designing, building, and optimizing the LLM backend that powers this system. Key Responsibilities LLM and Backend Development Design, develop, and maint…",IT Jobs,2026-07-23T01:03:09Z,https://www.adzuna.in/details/5811132732?utm_medium=api&utm_source=3a1fdfd4,"job description we are looking for an ml – llm & genai to join our team. the ideal candidate has hands-on experience building production-grade llm applications and will play a key role in developing askox, the conversational ai layer of the oxred platform that enables users to interact with fleet data using natural language. the role focuses on designing, building, and optimizing the llm backend that powers this system. key responsibilities llm and backend development design, develop, and maint…",[],0,
machine learning engineer,Machine Learning Engineer / Data Scientist,ALIQAN Technologies,"Bangalore, Karnataka",,,"Job Title: Machine Learning Engineer / Data Scientist Role Summary We are seeking a strong Machine Learning Engineer  Data Scientist hybrid to design, build, and productionize ML-driven observability solutions on top of large-scale session data (RUM, logs, WebRTC, clickstreams). The role focuses on behavioral inference, anomaly detection, multimodal signal fusion, and scalable ML systems to reduce MTTR/MTTD and improve user experience insights. Required Skills Core ML & DS Strong foundation in:…",IT Jobs,2026-05-26T06:36:53Z,https://www.adzuna.in/details/5740849411?utm_medium=api&utm_source=3a1fdfd4,"job title: machine learning engineer / data scientist role summary we are seeking a strong machine learning engineer data scientist hybrid to design, build, and productionize ml-driven observability solutions on top of large-scale session data (rum, logs, webrtc, clickstreams). the role focuses on behavioral inference, anomaly detection, multimodal signal fusion, and scalable ml systems to reduce mttr/mttd and improve user experience insights. required skills core ml & ds strong foundation in:…","['machine learning', 'scala']",2,"machine learning, scala"
machine learning engineer,Principal Machine Learning Engineer - Forecasting,Amgen,"Hyderabad, Telangana",,,"Career Category Engineering Job Description ABOUT AMGEN Amgen harnesses the best of biology and technology to fight the world's toughest diseases, and make people's lives easier, fuller and longer. We discover, develop, manufacture and deliver innovative medicines to help millions of patients. Amgen helped establish the biotechnology industry more than 40 years ago and remains on the cutting-edge of innovation, using technology and human genetic data to push beyond what is known today. ABOUT TH…",IT Jobs,2026-06-27T02:36:51Z,https://www.adzuna.in/details/5778195801?utm_medium=api&utm_source=3a1fdfd4,"career category engineering job description about amgen amgen harnesses the best of biology and technology to fight the world's toughest diseases, and make people's lives easier, fuller and longer. we discover, develop, manufacture and deliver innovative medicines to help millions of patients. amgen helped establish the biotechnology industry more than 40 years ago and remains on the cutting-edge of innovation, using technology and human genetic data to push beyond what is known today. about th…",[],0,
machine learning engineer,Machine Learning Engineer Data Scientist,Portalwiz Technologies Pvt Ltd Pune,India,,,As a Machine Learning Engineer Data Scientist at Portalwiz Technologies you will play a crucial role in developing and deploying machine learning models for prediction classification and forecasting Your expertise in data analysis statistical modeling and machine learning will be essential in working on endtoend data science workflows to deliver actionable business insights Key Responsibilities Develop and deploy machine learning models for prediction classification and forecasting Perform Expl…,IT Jobs,2026-05-27T06:12:54Z,https://www.adzuna.in/details/5741742709?utm_medium=api&utm_source=3a1fdfd4,as a machine learning engineer data scientist at portalwiz technologies you will play a crucial role in developing and deploying machine learning models for prediction classification and forecasting your expertise in data analysis statistical modeling and machine learning will be essential in working on endtoend data science workflows to deliver actionable business insights key responsibilities develop and deploy machine learning models for prediction classification and forecasting perform expl…,['machine learning'],1,machine learning
machine learning engineer,Artificial Intelligence / Machine Learning Engineer,HP,India,,,"Artificial Intelligence / Machine Learning Engineer Description - Job Summary The Expert AI / Machine Learning Engineer is a recognized subject‑matter expert who applies advanced AI/ML expertise to solve complex problems across HP Monitoring Services (MDS, MCS, MPS). Working as part of a global team of delivery architects and cross‑functional engineers, the role designs and implements AI‑enabled telemetry, monitoring, and automation capabilities that transform data into predictive insights, pro…",IT Jobs,2026-06-04T02:10:10Z,https://www.adzuna.in/details/5750918891?utm_medium=api&utm_source=3a1fdfd4,"artificial intelligence / machine learning engineer description - job summary the expert ai / machine learning engineer is a recognized subject‑matter expert who applies advanced ai/ml expertise to solve complex problems across hp monitoring services (mds, mcs, mps). working as part of a global team of delivery architects and cross‑functional engineers, the role designs and implements ai‑enabled telemetry, monitoring, and automation capabilities that transform data into predictive insights, pro…",['machine learning'],1,machine learning
machine learning engineer,Machine Learning Engineer - IV (Fraud),Jumio,"Bangalore, Karnataka",,,"Role Purpose: The Machine Learning Engineer IV will play a critical role in advancing Jumio's Fraud team's mission to develop and enhance state-of-the-art solutions for fraud detection for ID verification purposes. This role is essential for ensuring the highest standards of security and user verification through the application of advanced machine learning and deep learning techniques, ultimately contributing to Jumio's leadership in the online identity verification, eKYC, and AML solutions ma…",IT Jobs,2026-07-06T03:11:29Z,https://www.adzuna.in/details/5789378065?utm_medium=api&utm_source=3a1fdfd4,"role purpose: the machine learning engineer iv will play a critical role in advancing jumio's fraud team's mission to develop and enhance state-of-the-art solutions for fraud detection for id verification purposes. this role is essential for ensuring the highest standards of security and user verification through the application of advanced machine learning and deep learning techniques, ultimately contributing to jumio's leadership in the online identity verification, ekyc, and aml solutions ma…","['machine learning', 'deep learning']",2,"machine learning, deep learning"
machine learning engineer,Associate Machine Learning Engineer-1,A3R0-GTCI,India,,,"To join our team, you will need: Education : M.Sc. in Data Science, Mathematics, Computer Science, or related technical field Languages : You are fluent in English. Experience : 3 years of experience in developing machine learning and advanced data analysis solutions on large data sets At least one experience in the industrial sector, involving IoT and sensor data Skills & Qualifications : Demonstrated knowledge in Applied Mathematics (statistics, linear algebra, optimization) Demonstrated expe…",IT Jobs,2026-05-01T02:27:41Z,https://www.adzuna.in/details/5714832178?utm_medium=api&utm_source=3a1fdfd4,"to join our team, you will need: education : m.sc. in data science, mathematics, computer science, or related technical field languages : you are fluent in english. experience : 3 years of experience in developing machine learning and advanced data analysis solutions on large data sets at least one experience in the industrial sector, involving iot and sensor data skills & qualifications : demonstrated knowledge in applied mathematics (statistics, linear algebra, optimization) demonstrated expe…","['machine learning', 'statistics']",2,"machine learning, statistics"
machine learning engineer,Senior Machine Learning Engineer - 1,Parspec,India,,,"About Parspec Founded in 2021, Parspec is revolutionizing material procurement for the $13 trillion USD construction industry by digitizing and organizing the industry's product data. Our proprietary AI technology maintains a current and comprehensive catalogue of millions of products, enabling our customers to identify products that best meet their needs - instantly. Trusted by top designers, builders, distributors and sales agents and backed by leading venture investors, Parspec is paving the…",Scientific & QA Jobs,2025-10-23T14:51:20Z,https://www.adzuna.in/details/5460508207?utm_medium=api&utm_source=3a1fdfd4,"about parspec founded in 2021, parspec is revolutionizing material procurement for the $13 trillion usd construction industry by digitizing and organizing the industry's product data. our proprietary ai technology maintains a current and comprehensive catalogue of millions of products, enabling our customers to identify products that best meet their needs - instantly. trusted by top designers, builders, distributors and sales agents and backed by leading venture investors, parspec is paving the…",['git'],1,git
machine learning engineer,Machine Learning Engineer / Data Scientist,Fusemachines,India,,,"About Fusemachines Founded in 2013, Fusemachines is a global provider of enterprise AI products and services, on a mission to democratize AI. Leveraging proprietary AI Studio and AI Engines, the company helps drive the clients’ AI Enterprise Transformation, regardless of where they are in their Digital AI journeys. With offices in North America, Asia, and Latin America, Fusemachines provides a suite of enterprise AI offerings and specialty services that allow organizations of any size to implem…",IT Jobs,2026-03-29T01:46:34Z,https://www.adzuna.in/details/5681508213?utm_medium=api&utm_source=3a1fdfd4,"about fusemachines founded in 2013, fusemachines is a global provider of enterprise ai products and services, on a mission to democratize ai. leveraging proprietary ai studio and ai engines, the company helps drive the clients’ ai enterprise transformation, regardless of where they are in their digital ai journeys. with offices in north america, asia, and latin america, fusemachines provides a suite of enterprise ai offerings and specialty services that allow organizations of any size to implem…",['git'],1,git
machine learning engineer,Machine Learning Engineer / Data Scientist,Fusemachines,"Pune, Maharashtra",,,"About Fusemachines Founded in 2013, Fusemachines is a global provider of enterprise AI products and services, on a mission to democratize AI. Leveraging proprietary AI Studio and AI Engines, the company helps drive the clients’ AI Enterprise Transformation, regardless of where they are in their Digital AI journeys. With offices in North America, Asia, and Latin America, Fusemachines provides a suite of enterprise AI offerings and specialty services that allow organizations of any size to implem…",IT Jobs,2026-05-22T19:31:07Z,https://www.adzuna.in/details/5737688796?utm_medium=api&utm_source=3a1fdfd4,"about fusemachines founded in 2013, fusemachines is a global provider of enterprise ai products and services, on a mission to democratize ai. leveraging proprietary ai studio and ai engines, the company helps drive the clients’ ai enterprise transformation, regardless of where they are in their digital ai journeys. with offices in north america, asia, and latin america, fusemachines provides a suite of enterprise ai offerings and specialty services that allow organizations of any size to implem…",['git'],1,git
machine learning engineer,Machine Learning Engineer - IV (Biometrics),Jumio,"Bangalore, Karnataka",,,"Role Purpose We’re looking for a Staff/Senior Machine Learning Engineer with deep expertise in computer vision and biometrics to lead the design and scaling of face recognition systems in production. You’ll build and train models, and own ML systems end-to-end on AWS. The final job level for this role will be determined following the interview process. What You’ll Do Lead the design and development of computer vision systems for biometrics (face attributes, detection, quality, and recognition) …",IT Jobs,2026-02-25T01:37:16Z,https://www.adzuna.in/details/5643980461?utm_medium=api&utm_source=3a1fdfd4,"role purpose we’re looking for a staff/senior machine learning engineer with deep expertise in computer vision and biometrics to lead the design and scaling of face recognition systems in production. you’ll build and train models, and own ml systems end-to-end on aws. the final job level for this role will be determined following the interview process. what you’ll do lead the design and development of computer vision systems for biometrics (face attributes, detection, quality, and recognition) …","['machine learning', 'aws']",2,"machine learning, aws"
machine learning engineer,Machine Learning Engineer - LLM & GenAI,Jobgether,India,,,"This position is listed on behalf of a partner company, who manages all applications and next steps. Our partner is looking for a Machine Learning Engineer - LLM & GenAI based in India. Join an innovative engineering team building advanced AI solutions that transform how businesses interact with complex operational data. In this role, you will design and develop production-grade Large Language Model (LLM) applications that enable users to access insights through natural language conversations. …",IT Jobs,2026-07-25T03:14:02Z,https://www.adzuna.in/details/5814398344?utm_medium=api&utm_source=3a1fdfd4,"this position is listed on behalf of a partner company, who manages all applications and next steps. our partner is looking for a machine learning engineer - llm & genai based in india. join an innovative engineering team building advanced ai solutions that transform how businesses interact with complex operational data. in this role, you will design and develop production-grade large language model (llm) applications that enable users to access insights through natural language conversations. …",['machine learning'],1,machine learning
machine learning engineer,Senior Machine Learning Engineer II,S&P Global,India,,,"About the Role: Grade Level (for internal use): 03 Who We Are- Kensho is S&P Global’s hub for AI innovation and transformation . With expertise in Machine Learning and data discovery, we develop and deploy novel solutions for S&P Global and its customers worldwide. Our solutions help businesses harness the power of data and Artificial Intelligence to innovate and drive progress. Kensho's solutions and research focus on Generative AI, LLM Agents, speech recognition, entity linking, document extr…",IT Jobs,2026-03-16T01:55:25Z,https://www.adzuna.in/details/5667945659?utm_medium=api&utm_source=3a1fdfd4,"about the role: grade level (for internal use): 03 who we are- kensho is s&p global’s hub for ai innovation and transformation . with expertise in machine learning and data discovery, we develop and deploy novel solutions for s&p global and its customers worldwide. our solutions help businesses harness the power of data and artificial intelligence to innovate and drive progress. kensho's solutions and research focus on generative ai, llm agents, speech recognition, entity linking, document extr…",['machine learning'],1,machine learning
machine learning engineer,"Staff, Machine Learning Engineer (L4)",Twilio,India,,,"Who we are At Twilio, we’re shaping the future of communications, all from the comfort of our homes. We deliver innovative solutions to hundreds of thousands of businesses and empower millions of developers worldwide to craft personalized customer experiences. Our dedication to remote-first work , and strong culture of connection and global inclusion means that no matter your location, you’re part of a vibrant team with diverse experiences making a global impact each day. As we continue to revo…",IT Jobs,2026-07-08T03:14:06Z,https://www.adzuna.in/details/5791402132?utm_medium=api&utm_source=3a1fdfd4,"who we are at twilio, we’re shaping the future of communications, all from the comfort of our homes. we deliver innovative solutions to hundreds of thousands of businesses and empower millions of developers worldwide to craft personalized customer experiences. our dedication to remote-first work , and strong culture of connection and global inclusion means that no matter your location, you’re part of a vibrant team with diverse experiences making a global impact each day. as we continue to revo…",['communication'],1,communication
machine learning engineer,Senior AI and Machine Learning Engineer,Hewlett Packard Enterprise,"Bangalore, Karnataka",,,"Senior AI and Machine Learning Engineer This role has been designed as ‘’Onsite’ with an expectation that you will primarily work from an HPE office. Who We Are: Hewlett Packard Enterprise is the global edge-to-cloud company advancing the way people live and work. We help companies connect, protect, analyze, and act on their data and applications wherever they live, from edge to cloud, so they can turn insights into outcomes at the speed required to thrive in today’s complex world. Our culture …",IT Jobs,2026-06-14T02:28:44Z,https://www.adzuna.in/details/5762874544?utm_medium=api&utm_source=3a1fdfd4,"senior ai and machine learning engineer this role has been designed as ‘’onsite’ with an expectation that you will primarily work from an hpe office. who we are: hewlett packard enterprise is the global edge-to-cloud company advancing the way people live and work. we help companies connect, protect, analyze, and act on their data and applications wherever they live, from edge to cloud, so they can turn insights into outcomes at the speed required to thrive in today’s complex world. our culture …",['machine learning'],1,machine learning
machine learning engineer,AI and Machine Learning Engineer III,Hewlett Packard Enterprise,"Bangalore, Karnataka",,,"AI and Machine Learning Engineer III This role has been designed as ‘Hybrid’ with an expectation that you will work on average 2 days per week from an HPE office. Who We Are: Hewlett Packard Enterprise is the global edge-to-cloud company advancing the way people live and work. We help companies connect, protect, analyze, and act on their data and applications wherever they live, from edge to cloud, so they can turn insights into outcomes at the speed required to thrive in today’s complex world.…",IT Jobs,2026-07-13T03:32:27Z,https://www.adzuna.in/details/5798282761?utm_medium=api&utm_source=3a1fdfd4,"ai and machine learning engineer iii this role has been designed as ‘hybrid’ with an expectation that you will work on average 2 days per week from an hpe office. who we are: hewlett packard enterprise is the global edge-to-cloud company advancing the way people live and work. we help companies connect, protect, analyze, and act on their data and applications wherever they live, from edge to cloud, so they can turn insights into outcomes at the speed required to thrive in today’s complex world.…",['machine learning'],1,machine learning
machine learning engineer,Senior Machine Learning Engineer (Library),Loopio,India,,,"Take your career to new heights with Loopio! ✨ We are seeking a highly skilled Senior Machine Learning Engineer with deep expertise in NLP, large language models, and model deployment. This role focuses on building and operationalizing the core ML components that power our next generation search, summarization, and answer generation capabilities. You will work closely with Applied Scientists, Product, and Engineering to bring advanced models from prototype to reliable, scalable production syste…",IT Jobs,2026-03-11T01:41:17Z,https://www.adzuna.in/details/5660859778?utm_medium=api&utm_source=3a1fdfd4,"take your career to new heights with loopio! ✨ we are seeking a highly skilled senior machine learning engineer with deep expertise in nlp, large language models, and model deployment. this role focuses on building and operationalizing the core ml components that power our next generation search, summarization, and answer generation capabilities. you will work closely with applied scientists, product, and engineering to bring advanced models from prototype to reliable, scalable production syste…","['machine learning', 'nlp', 'scala']",3,"machine learning, nlp, scala"
machine learning engineer,Senior Machine Learning Engineer (GenAI),Spector.ai,"Bangalore, Karnataka",,,"Role Description We are seeking a senior genAI engineer to join our seasoned founding team to drive the development and innovation of our GenAI platform. Ideal candidates bring extensive experience in building agentic workflows, knowledge graphs and multimodal extraction systems for enterprise use cases. This role requires a hands-on engineer who is passionate about our mission, thrives in a startup environment, and is committed to pushing the boundaries of what AI can achieve in industrial res…",IT Jobs,2026-02-19T01:43:53Z,https://www.adzuna.in/details/5634980595?utm_medium=api&utm_source=3a1fdfd4,"role description we are seeking a senior genai engineer to join our seasoned founding team to drive the development and innovation of our genai platform. ideal candidates bring extensive experience in building agentic workflows, knowledge graphs and multimodal extraction systems for enterprise use cases. this role requires a hands-on engineer who is passionate about our mission, thrives in a startup environment, and is committed to pushing the boundaries of what ai can achieve in industrial res…",[],0,
machine learning engineer,Machine Learning Engineer (Computer Vision),Peak Hire Solutions,India,3500000.0,4500000.0,"Budget: 35 LPA to 45 LPA Work schedule is Mon to Fri, 3:30am to 12:30pm IST Key Responsibilities: Design, develop, and deploy computer vision and machine learning models for analyzing visual and document-based data. Build pipelines that convert unstructured visual inputs into structured and usable information. Develop and evaluate models for tasks such as object detection, segmentation, document parsing, and image understanding. Apply OCR and related techniques to extract meaningful information…",IT Jobs,2026-04-23T11:51:00Z,https://www.adzuna.in/details/5708033052?utm_medium=api&utm_source=3a1fdfd4,"budget: 35 lpa to 45 lpa work schedule is mon to fri, 3:30am to 12:30pm ist key responsibilities: design, develop, and deploy computer vision and machine learning models for analyzing visual and document-based data. build pipelines that convert unstructured visual inputs into structured and usable information. develop and evaluate models for tasks such as object detection, segmentation, document parsing, and image understanding. apply ocr and related techniques to extract meaningful information…",['machine learning'],1,machine learning
machine learning engineer,Machine Learning Engineer with an Agentic Focus,High 5 Games,India,,,"We are looking for a Machine Leaning Engineer (MLE) to design, build, and optimize our machine learning operation. You will play a crucial role in scaling AI models from research to production, ensuring smooth model deployment, monitoring, and lifecycle management across our Google Cloud Platform (GCP) infrastructure. You'll work closely with data scientists, ML Ops, and data engineers to automate workflows, improve model performance, and ensure reliability for our AI that serves millions of pl…",IT Jobs,2026-03-26T01:48:01Z,https://www.adzuna.in/details/5678349790?utm_medium=api&utm_source=3a1fdfd4,"we are looking for a machine leaning engineer (mle) to design, build, and optimize our machine learning operation. you will play a crucial role in scaling ai models from research to production, ensuring smooth model deployment, monitoring, and lifecycle management across our google cloud platform (gcp) infrastructure. you'll work closely with data scientists, ml ops, and data engineers to automate workflows, improve model performance, and ensure reliability for our ai that serves millions of pl…","['machine learning', 'gcp']",2,"machine learning, gcp"
machine learning engineer,Machine Learning Engineer/Data Engineer,Adient,India,,,"JOB DESCRIPTION Responsibilities Apply statistical analysis, and machine learning to solve business problems Clean, process, and analyze large datasets from multiple sources Write efficient, reusable, and reliable Python code for data processing and analysis. Build and optimize predictive models and algorithms Perform thorough code review to ensure adherence to coding standards and best practices Identify performance bottlenecks and suggest optimizations in Python code Validate documentation co…",IT Jobs,2026-05-10T02:26:10Z,https://www.adzuna.in/details/5724534077?utm_medium=api&utm_source=3a1fdfd4,"job description responsibilities apply statistical analysis, and machine learning to solve business problems clean, process, and analyze large datasets from multiple sources write efficient, reusable, and reliable python code for data processing and analysis. build and optimize predictive models and algorithms perform thorough code review to ensure adherence to coding standards and best practices identify performance bottlenecks and suggest optimizations in python code validate documentation co…","['python', 'machine learning']",2,"python, machine learning"
machine learning engineer,Data Science-Machine learning Engineer,EXL,India,,,"Job Description Marketing Analytics Domain Understanding: Understanding of PC insurance marketing/ Campaign working understanding Participate in moderately complex initiatives to deliver insights by converting the business problem into analytical format Programming, reporting the finding, using end results to contribute to large scale planning and process to create decision strategy Generate campaign and project performance reports with ability to understand marketing concept Data Analytics: Ab…",IT Jobs,2026-04-05T03:36:04Z,https://www.adzuna.in/details/5690242276?utm_medium=api&utm_source=3a1fdfd4,"job description marketing analytics domain understanding: understanding of pc insurance marketing/ campaign working understanding participate in moderately complex initiatives to deliver insights by converting the business problem into analytical format programming, reporting the finding, using end results to contribute to large scale planning and process to create decision strategy generate campaign and project performance reports with ability to understand marketing concept data analytics: ab…",[],0,
machine learning engineer,"Machine Learning Engineer, GenAI Technology",Point72,"Bangalore, Karnataka",,,"A Career with Point72's Technology Team As Point72 reimagines the future of investing, our Technology group is constantly improving our company’s IT infrastructure, positioning us at the forefront of a rapidly evolving technology landscape. We’re a team of experts experimenting, discovering new ways to harness the power of open source solutions, and embracing enterprise agile methodology. We encourage professional development to ensure you bring innovative ideas to our products while satisfying…",IT Jobs,2026-05-08T02:06:10Z,https://www.adzuna.in/details/5722023650?utm_medium=api&utm_source=3a1fdfd4,"a career with point72's technology team as point72 reimagines the future of investing, our technology group is constantly improving our company’s it infrastructure, positioning us at the forefront of a rapidly evolving technology landscape. we’re a team of experts experimenting, discovering new ways to harness the power of open source solutions, and embracing enterprise agile methodology. we encourage professional development to ensure you bring innovative ideas to our products while satisfying…",[],0,
machine learning engineer,"MTS 1, Machine Learning Engineer",Paypal,"Chennai, Tamil Nadu",,,"Lead ML Scientist as part of the India Seller Risk ML team at PayPal Job Description: Your way to impact You will actively partner with Risk Strategy teams and build cutting-edge ML models that enable frictionless experience for our good sellers, while minimizing the losses from bad actors in the system. Your day-to-day Work with business partners and stakeholders to understand the business, formulate the problems, come up with the solutions and communicate them back effectively to non-technica…",IT Jobs,2026-06-13T08:45:51Z,https://www.adzuna.in/details/5761948230?utm_medium=api&utm_source=3a1fdfd4,"lead ml scientist as part of the india seller risk ml team at paypal job description: your way to impact you will actively partner with risk strategy teams and build cutting-edge ml models that enable frictionless experience for our good sellers, while minimizing the losses from bad actors in the system. your day-to-day work with business partners and stakeholders to understand the business, formulate the problems, come up with the solutions and communicate them back effectively to non-technica…",[],0,
machine learning engineer,"Machine Learning Engineer III, Monk",ACV Auctions,"Injambakkam, Chennai",,,"Who we are looking for: Monk is leading the way in AI-driven innovation with its advanced damage detection technology for vehicles, enabling seamless integration into web and native applications via APIs. Our machine learning expertise is trusted by global leaders like our parent company ACV Auctions (USA), CAT Logistics (Europ Getaround (France), Autobiz (Europe), and Hgreg (Canad We are looking for a Machine Learning Scientist in Computer Vision who thrives on taking ownership, delivering imp…",IT Jobs,2026-06-18T03:15:44Z,https://www.adzuna.in/details/5767155006?utm_medium=api&utm_source=3a1fdfd4,"who we are looking for: monk is leading the way in ai-driven innovation with its advanced damage detection technology for vehicles, enabling seamless integration into web and native applications via apis. our machine learning expertise is trusted by global leaders like our parent company acv auctions (usa), cat logistics (europ getaround (france), autobiz (europe), and hgreg (canad we are looking for a machine learning scientist in computer vision who thrives on taking ownership, delivering imp…",['machine learning'],1,machine learning
machine learning engineer,Machine Learning Engineer I/II,Panasonic,"Pune, Maharashtra",,,"Roles and Responsibilities: Technical Leadership Architect, design, and implement scalable machine learning systems for optimized content delivery, connectivity, and personalization. Lead decision-making for ML infrastructure, cloud-based data pipelines, and deployment strategies. Define best practices for ML system design, versioning, and continuous integration. ML Model Development Build, train, and deploy predictive and generative models using frameworks such as TensorFlow, PyTorch, and Scik…",IT Jobs,2026-07-11T07:21:37Z,https://www.adzuna.in/details/5796417441?utm_medium=api&utm_source=3a1fdfd4,"roles and responsibilities: technical leadership architect, design, and implement scalable machine learning systems for optimized content delivery, connectivity, and personalization. lead decision-making for ml infrastructure, cloud-based data pipelines, and deployment strategies. define best practices for ml system design, versioning, and continuous integration. ml model development build, train, and deploy predictive and generative models using frameworks such as tensorflow, pytorch, and scik…","['machine learning', 'tensorflow', 'pytorch', 'scala']",4,"machine learning, tensorflow, pytorch, scala"
machine learning engineer,Machine Learning Engineer III (NLP),Suki,"Bangalore, Karnataka",,,"What we want to accomplish and why we need you Suki is a leading technology company that provides AI voice solutions for healthcare. Its mission is to reimagine the healthcare technology stack, making it invisible and assistive to lift the administrative burden from clinicians. Its flagship product is Suki Assistant, an AI assistant that uses generative AI to automatically create clinical documentation by ambiently listening to patient-clinician conversations. Suki helps clinicians complete not…",IT Jobs,2026-04-04T02:10:58Z,https://www.adzuna.in/details/5689136137?utm_medium=api&utm_source=3a1fdfd4,"what we want to accomplish and why we need you suki is a leading technology company that provides ai voice solutions for healthcare. its mission is to reimagine the healthcare technology stack, making it invisible and assistive to lift the administrative burden from clinicians. its flagship product is suki assistant, an ai assistant that uses generative ai to automatically create clinical documentation by ambiently listening to patient-clinician conversations. suki helps clinicians complete not…",[],0,
machine learning engineer,Data Scientist or Senior Machine Learning Engineer,Peak Hire Solutions,"Pune, Maharashtra",1700000.0,2300000.0,"Data Scientist or Senior Machine Learning Engineer We are currently hiring for the position of Data Scientist/ Senior Machine Learning Engineer (6–7 years' experience). Please find the detailed Job Description attached for your reference. We are looking for candidates with strong experience in : Machine Learning model development Scalable data pipeline development (ETL/ELT) Python and SQL Cloud platforms such as Azure/AWS/Databricks ML deployment environments (SageMaker, Azure ML, etc.) Kindly …",IT Jobs,2026-03-03T11:28:35Z,https://www.adzuna.in/details/5652053919?utm_medium=api&utm_source=3a1fdfd4,"data scientist or senior machine learning engineer we are currently hiring for the position of data scientist/ senior machine learning engineer (6–7 years' experience). please find the detailed job description attached for your reference. we are looking for candidates with strong experience in : machine learning model development scalable data pipeline development (etl/elt) python and sql cloud platforms such as azure/aws/databricks ml deployment environments (sagemaker, azure ml, etc.) kindly …","['python', 'sql', 'machine learning', 'aws', 'azure', 'etl', 'scala']",7,"python, sql, machine learning, aws, azure, etl, scala"
machine learning engineer,Senior Machine Learning Engineer - Data Analytics,Quantiphi,India,,,"While technology is the heart of our business, a global and diverse culture is the heart of our success. We love our people and we take pride in catering them to a culture built on transparency, diversity, integrity, learning and growth. If working in an environment that encourages you to innovate and excel, not just in professional but personal life, interests you- you would enjoy your career with Quantiphi! Role : Senior Machine Learning Engineer - Data Analytics Experience : 3-5 Years Locati…",IT Jobs,2026-04-13T02:02:19Z,https://www.adzuna.in/details/5697632930?utm_medium=api&utm_source=3a1fdfd4,"while technology is the heart of our business, a global and diverse culture is the heart of our success. we love our people and we take pride in catering them to a culture built on transparency, diversity, integrity, learning and growth. if working in an environment that encourages you to innovate and excel, not just in professional but personal life, interests you- you would enjoy your career with quantiphi! role : senior machine learning engineer - data analytics experience : 3-5 years locati…","['excel', 'machine learning']",2,"excel, machine learning"
machine learning engineer,Senior Machine Learning Engineer/Data Scientist,"TensorIoT Software Services Private Limited, India",India,1000000.0,3500000.0,"About TensorIoT AWS Advanced Consulting Partner (for ML and GenAI solutions) Pioneers in IoT and Generative AI products. Committed to diversity and inclusion in our teams. TensorIoT is an AWS Advanced Consulting Partner. We help companies realize the value and efficiency of the AWS ecosystem. From building PoCs and MVPs to production-ready applications, we are tackling complex business problems every day and developing solutions to drive customer success. TensorIoT's founders helped build world…",IT Jobs,2024-04-04T18:05:46Z,https://www.adzuna.in/details/4635943333?utm_medium=api&utm_source=3a1fdfd4,"about tensoriot aws advanced consulting partner (for ml and genai solutions) pioneers in iot and generative ai products. committed to diversity and inclusion in our teams. tensoriot is an aws advanced consulting partner. we help companies realize the value and efficiency of the aws ecosystem. from building pocs and mvps to production-ready applications, we are tackling complex business problems every day and developing solutions to drive customer success. tensoriot's founders helped build world…",['aws'],1,aws
machine learning engineer,Machine Learning Engineer - IV (Computer Vision),Jobgether,India,,,"This position is listed on behalf of a partner company, who manages all applications and next steps. Our partner is looking for a Machine Learning Engineer - IV (Computer Vision) based in India. This role offers the opportunity to lead the development of advanced computer vision and biometric solutions in a high-impact technology environment. You will design, train, and scale machine learning systems that improve identity verification and digital trust worldwide. The position combines deep tech…",IT Jobs,2026-07-25T03:14:18Z,https://www.adzuna.in/details/5814400055?utm_medium=api&utm_source=3a1fdfd4,"this position is listed on behalf of a partner company, who manages all applications and next steps. our partner is looking for a machine learning engineer - iv (computer vision) based in india. this role offers the opportunity to lead the development of advanced computer vision and biometric solutions in a high-impact technology environment. you will design, train, and scale machine learning systems that improve identity verification and digital trust worldwide. the position combines deep tech…","['machine learning', 'git']",2,"machine learning, git"
machine learning engineer,Machine Learning Engineer - IV (Computer Vision),Jumio,India,,,"Machine Learning Engineer IV – (Computer Vision) We’re looking for a Staff/Senior Machine Learning Engineer with deep expertise in computer vision and biometrics to lead the design and scaling of face recognition systems in production. You’ll build and train models, and own ML systems end-to-end on AWS. The final job level for this role will be determined following the interview process. What You’ll Do Lead the design and development of computer vision systems for biometrics (face attributes, d…",IT Jobs,2026-07-23T03:17:19Z,https://www.adzuna.in/details/5811321223?utm_medium=api&utm_source=3a1fdfd4,"machine learning engineer iv – (computer vision) we’re looking for a staff/senior machine learning engineer with deep expertise in computer vision and biometrics to lead the design and scaling of face recognition systems in production. you’ll build and train models, and own ml systems end-to-end on aws. the final job level for this role will be determined following the interview process. what you’ll do lead the design and development of computer vision systems for biometrics (face attributes, d…","['machine learning', 'aws']",2,"machine learning, aws"
machine learning engineer,"Staff Machine Learning Engineer-Search & Personalization,",Warner Bros. Discovery,"Bangalore, Karnataka",,,"Roles & Responsibilities We are looking for a passionate Staff Machine Learning engineer to support, build and scale the personalization and search platforms for the global streaming app Max as well as ongoing and future streaming initiatives. You are excited about working in a fast-moving environment that fosters engineering and operational excellence with continuous development, deployment, experimentation, quality assurance, and collaboration. You will bring an obsession with our customers a…",IT Jobs,2026-06-24T07:22:26Z,https://www.adzuna.in/details/5774235312?utm_medium=api&utm_source=3a1fdfd4,"roles & responsibilities we are looking for a passionate staff machine learning engineer to support, build and scale the personalization and search platforms for the global streaming app max as well as ongoing and future streaming initiatives. you are excited about working in a fast-moving environment that fosters engineering and operational excellence with continuous development, deployment, experimentation, quality assurance, and collaboration. you will bring an obsession with our customers a…","['excel', 'machine learning']",2,"excel, machine learning"
machine learning engineer,Staff Machine Learning Engineer (Agentic AI),Zscaler,India,,,"About Zscaler Zscaler accelerates digital transformation to ensure our customers can be more agile, efficient, resilient, and secure. As an AI-forward enterprise , we are constantly pushing the envelope, leveraging the world’s largest security data lake to power our cloud-native Zero Trust Exchange platform. This innovation protects our customers from cyberattacks and data loss by securely connecting users, devices, and applications in any location. Here, impact in your role matters more than t…",IT Jobs,2025-10-04T14:34:14Z,https://www.adzuna.in/details/5431042962?utm_medium=api&utm_source=3a1fdfd4,"about zscaler zscaler accelerates digital transformation to ensure our customers can be more agile, efficient, resilient, and secure. as an ai-forward enterprise , we are constantly pushing the envelope, leveraging the world’s largest security data lake to power our cloud-native zero trust exchange platform. this innovation protects our customers from cyberattacks and data loss by securely connecting users, devices, and applications in any location. here, impact in your role matters more than t…",['git'],1,git
machine learning engineer,Staff Machine Learning Engineer (Video Insights),Jiostar India,"Bangalore, Karnataka",,,"Job Summary: As a Staff Software Engineer, you will demonstrate strong independence and technical proficiency while collaborating effectively within the team. You will uphold a standard of excellence, ensuring high-quality work and timely delivery of projects. Additionally, you will serve as the functional lead within your domain, providing guidance and expertise to team members. About the team: Subscriptions and Payments Team powers the end-to-end direct monetization engine for India’s largest…",IT Jobs,2026-06-04T02:17:41Z,https://www.adzuna.in/details/5750965185?utm_medium=api&utm_source=3a1fdfd4,"job summary: as a staff software engineer, you will demonstrate strong independence and technical proficiency while collaborating effectively within the team. you will uphold a standard of excellence, ensuring high-quality work and timely delivery of projects. additionally, you will serve as the functional lead within your domain, providing guidance and expertise to team members. about the team: subscriptions and payments team powers the end-to-end direct monetization engine for india’s largest…",['excel'],1,excel
machine learning engineer,Senior Machine Learning Engineer (Agentic AI),Zscaler,India,,,"About Zscaler Zscaler accelerates digital transformation to ensure our customers can be more agile, efficient, resilient, and secure. As an AI-forward enterprise , we are constantly pushing the envelope, leveraging the world’s largest security data lake to power our cloud-native Zero Trust Exchange platform. This innovation protects our customers from cyberattacks and data loss by securely connecting users, devices, and applications in any location. Here, impact in your role matters more than t…",IT Jobs,2026-05-25T02:30:15Z,https://www.adzuna.in/details/5740038675?utm_medium=api&utm_source=3a1fdfd4,"about zscaler zscaler accelerates digital transformation to ensure our customers can be more agile, efficient, resilient, and secure. as an ai-forward enterprise , we are constantly pushing the envelope, leveraging the world’s largest security data lake to power our cloud-native zero trust exchange platform. this innovation protects our customers from cyberattacks and data loss by securely connecting users, devices, and applications in any location. here, impact in your role matters more than t…",['git'],1,git
machine learning engineer,Staff Machine Learning Engineer (Agentic AI),Zscaler,"Bangalore, Karnataka",,,"About Zscaler Zscaler accelerates digital transformation to ensure our customers can be more agile, efficient, resilient, and secure. As an AI-forward enterprise , we are constantly pushing the envelope, leveraging the world's largest security data lake to power our cloud-native Zero Trust Exchange platform. This innovation protects our customers from cyberattacks and data loss by securely connecting users, devices, and applications in any location. Here, impact in your role matters more than t…",IT Jobs,2025-10-05T11:12:29Z,https://www.adzuna.in/details/5432357509?utm_medium=api&utm_source=3a1fdfd4,"about zscaler zscaler accelerates digital transformation to ensure our customers can be more agile, efficient, resilient, and secure. as an ai-forward enterprise , we are constantly pushing the envelope, leveraging the world's largest security data lake to power our cloud-native zero trust exchange platform. this innovation protects our customers from cyberattacks and data loss by securely connecting users, devices, and applications in any location. here, impact in your role matters more than t…",['git'],1,git
machine learning engineer,Senior Machine Learning Engineer (Agentic AI),Zscaler,"Bangalore, Karnataka",,,"About Zscaler Zscaler accelerates digital transformation to ensure our customers can be more agile, efficient, resilient, and secure. As an AI-forward enterprise , we are constantly pushing the envelope, leveraging the world's largest security data lake to power our cloud-native Zero Trust Exchange platform. This innovation protects our customers from cyberattacks and data loss by securely connecting users, devices, and applications in any location. Here, impact in your role matters more than t…",IT Jobs,2026-05-24T10:12:51Z,https://www.adzuna.in/details/5739455641?utm_medium=api&utm_source=3a1fdfd4,"about zscaler zscaler accelerates digital transformation to ensure our customers can be more agile, efficient, resilient, and secure. as an ai-forward enterprise , we are constantly pushing the envelope, leveraging the world's largest security data lake to power our cloud-native zero trust exchange platform. this innovation protects our customers from cyberattacks and data loss by securely connecting users, devices, and applications in any location. here, impact in your role matters more than t…",['git'],1,git
machine learning engineer,Sr Machine Learning Engineer - AI Systems,Amgen,"Hyderabad, Telangana",,,"ABOUT AMGEN Amgen harnesses the best of biology and technology to fight the world's toughest diseases, and make people's lives easier, fuller and longer. We discover, develop, manufacture and deliver innovative medicines to help millions of patients. Amgen helped establish the biotechnology industry more than 40 years ago and remains on the cutting-edge of innovation, using technology and human genetic data to push beyond what's known today. ABOUT THE ROLE Role Description: We are seeking a hig…",IT Jobs,2026-05-24T10:11:20Z,https://www.adzuna.in/details/5739446311?utm_medium=api&utm_source=3a1fdfd4,"about amgen amgen harnesses the best of biology and technology to fight the world's toughest diseases, and make people's lives easier, fuller and longer. we discover, develop, manufacture and deliver innovative medicines to help millions of patients. amgen helped establish the biotechnology industry more than 40 years ago and remains on the cutting-edge of innovation, using technology and human genetic data to push beyond what's known today. about the role role description: we are seeking a hig…",[],0,
machine learning engineer,Machine Learning Engineer III - Recommendation System,Glance,"Bangalore, Karnataka",,,"Glance AI is an AI commerce platform shaping the next wave of e-commerce with inspiration-led shopping, less about searching for what you want and more about discovering who you could be. Operating in 140 countries, Glance AI transforms every screen into a stage for instant, personal, and joyful discovery, where inspiration becomes something you can explore, feel, and shop in the moment. Its proprietary models, seamlessly integrated with Google’s most advanced AI platforms, Gemini and Imagen on…",IT Jobs,2026-03-02T01:52:46Z,https://www.adzuna.in/details/5650474092?utm_medium=api&utm_source=3a1fdfd4,"glance ai is an ai commerce platform shaping the next wave of e-commerce with inspiration-led shopping, less about searching for what you want and more about discovering who you could be. operating in 140 countries, glance ai transforms every screen into a stage for instant, personal, and joyful discovery, where inspiration becomes something you can explore, feel, and shop in the moment. its proprietary models, seamlessly integrated with google’s most advanced ai platforms, gemini and imagen on…",[],0,
machine learning engineer,"Senior Machine Learning Engineer, Data Insights",Roku,"Bangalore, Karnataka",,,"Teamwork makes the stream work. Roku is changing how the world watches TV Roku is the 1 TV streaming platform in the U.S., Canada, and Mexico, and we've set our sights on powering every television in the world. Roku pioneered streaming to the TV. Our mission is to be the TV streaming platform that connects the entire TV ecosystem. We connect consumers to the content they love, enable content publishers to build and monetize large audiences, and provide advertisers unique capabilities to engage …",IT Jobs,2026-07-17T03:18:59Z,https://www.adzuna.in/details/5803801646?utm_medium=api&utm_source=3a1fdfd4,"teamwork makes the stream work. roku is changing how the world watches tv roku is the 1 tv streaming platform in the u.s., canada, and mexico, and we've set our sights on powering every television in the world. roku pioneered streaming to the tv. our mission is to be the tv streaming platform that connects the entire tv ecosystem. we connect consumers to the content they love, enable content publishers to build and monetize large audiences, and provide advertisers unique capabilities to engage …",[],0,
machine learning engineer,"Senior Machine Learning Engineer, Gen AI",Weave,India,,,"Weave is looking for engineers hungry for fun challenges who can join our self-empowered teams and contribute in both technical and non-technical ways. You will be joining a team of talented developers that share a common interest in distributed backend systems, data, scalability, and continued development. You will get a chance to apply these, and other skills, to new and ongoing projects to make machine learning more approachable, data more available, and easier to discover and use by helping…",IT Jobs,2026-03-28T01:48:05Z,https://www.adzuna.in/details/5680516932?utm_medium=api&utm_source=3a1fdfd4,"weave is looking for engineers hungry for fun challenges who can join our self-empowered teams and contribute in both technical and non-technical ways. you will be joining a team of talented developers that share a common interest in distributed backend systems, data, scalability, and continued development. you will get a chance to apply these, and other skills, to new and ongoing projects to make machine learning more approachable, data more available, and easier to discover and use by helping…","['machine learning', 'scala']",2,"machine learning, scala"
machine learning engineer,Senior Machine Learning Engineer - Advertising Engineering,Roku,"Bangalore, Karnataka",,,"Teamwork makes the stream work. Roku is changing how the world watches TV Roku is the 1 TV streaming platform in the U.S., Canada, and Mexico, and we've set our sights on powering every television in the world. Roku pioneered streaming to the TV. Our mission is to be the TV streaming platform that connects the entire TV ecosystem. We connect consumers to the content they love, enable content publishers to build and monetize large audiences, and provide advertisers unique capabilities to engage …",IT Jobs,2026-07-02T02:54:24Z,https://www.adzuna.in/details/5784374354?utm_medium=api&utm_source=3a1fdfd4,"teamwork makes the stream work. roku is changing how the world watches tv roku is the 1 tv streaming platform in the u.s., canada, and mexico, and we've set our sights on powering every television in the world. roku pioneered streaming to the tv. our mission is to be the tv streaming platform that connects the entire tv ecosystem. we connect consumers to the content they love, enable content publishers to build and monetize large audiences, and provide advertisers unique capabilities to engage …",[],0,
machine learning engineer,Staff Machine Learning Engineer (Employer of Record),Credit Acceptance Corporation,India,,,"Credit Acceptance is proud to be an award-winning company with workplace recognition in multiple categories! Our world-class culture is shaped by dedicated Team Members who share a drive to succeed as professionals and together as a company. A great product, amazing people and our stable financial history have made us one of the largest used car finance companies in the United States. In this role, you will work as a dedicated member of a globally distributed team, partnering closely with busin…",Engineering Jobs,2026-06-27T02:29:18Z,https://www.adzuna.in/details/5778155991?utm_medium=api&utm_source=3a1fdfd4,"credit acceptance is proud to be an award-winning company with workplace recognition in multiple categories! our world-class culture is shaped by dedicated team members who share a drive to succeed as professionals and together as a company. a great product, amazing people and our stable financial history have made us one of the largest used car finance companies in the united states. in this role, you will work as a dedicated member of a globally distributed team, partnering closely with busin…",[],0,
machine learning engineer,Senior Artificial Intelligence/Machine Learning Engineer,Artivatic,"Bangalore, Karnataka",600000.0,1200000.0,"Responsibilities :- Define the short-term tactics and long-term technology strategy.- Communicate that technical vision to technical and non-technical partners, customers and investors.- Lead the development of AI/ML related products as it matures into lean, high performing agile teams.- Scale the AI/ML teams by finding and hiring the right mix of on-shore and off-shore resources.- Work collaboratively with the business, partners, and customers to consistently deliver business value.- Own the v…",IT Jobs,2019-05-24T21:25:36Z,https://www.adzuna.in/details/1161627553?utm_medium=api&utm_source=3a1fdfd4,"responsibilities :- define the short-term tactics and long-term technology strategy.- communicate that technical vision to technical and non-technical partners, customers and investors.- lead the development of ai/ml related products as it matures into lean, high performing agile teams.- scale the ai/ml teams by finding and hiring the right mix of on-shore and off-shore resources.- work collaboratively with the business, partners, and customers to consistently deliver business value.- own the v…",[],0,
machine learning engineer,Senior Machine Learning Engineer (NLP specialization),Service Pack,"Hyderabad, Telangana",1200000.0,1500000.0,What are the Key Responsibilities: Design NLP applications Select appropriate annotated datasets for Supervised Learning methods Use effective text representations to transform natural language into useful features Find and implement the right algorithms and tools for NLP tasks Develop NLP systems according to requirements Train the developed model and run evaluation experiments Perform statistical analysis of results and refine models Extend ML libraries and frameworks to apply in NLP tasks Re…,IT Jobs,2022-10-11T07:23:35Z,https://www.adzuna.in/details/3576196749?utm_medium=api&utm_source=3a1fdfd4,what are the key responsibilities: design nlp applications select appropriate annotated datasets for supervised learning methods use effective text representations to transform natural language into useful features find and implement the right algorithms and tools for nlp tasks develop nlp systems according to requirements train the developed model and run evaluation experiments perform statistical analysis of results and refine models extend ml libraries and frameworks to apply in nlp tasks re…,['nlp'],1,nlp
machine learning engineer,Core Machine Learning Engineer (Excluding GenAI),Diligentminds,"Bangalore, Karnataka",,,"Job Description Responsibilities: * Develop machine learning models using Python & ML algorithms with scikit-learn/Tensorflow. * Optimize model performance through data preprocessing, feature engineering & hyperparameter tuning. *GenAI applicants not accepted Job Classification Industry: IT Services & Consulting Functional Area / Department: Data Science & Analytics Role Category: Data Science & Machine Learning Role: Data Scientist Employement Type: Full time Contact Details: Company: Diligent…",IT Jobs,2026-05-07T05:50:32Z,https://www.adzuna.in/details/5720979707?utm_medium=api&utm_source=3a1fdfd4,"job description responsibilities: * develop machine learning models using python & ml algorithms with scikit-learn/tensorflow. * optimize model performance through data preprocessing, feature engineering & hyperparameter tuning. *genai applicants not accepted job classification industry: it services & consulting functional area / department: data science & analytics role category: data science & machine learning role: data scientist employement type: full time contact details: company: diligent…","['python', 'machine learning', 'scikit-learn', 'tensorflow']",4,"python, machine learning, scikit-learn, tensorflow"
machine learning engineer,Staff Artificial Intelligence & Machine Learning Engineer,SanDisk,"Bangalore, Karnataka",,,"Company Description Sandisk understands how people and businesses consume data and we relentlessly innovate to deliver solutions that enable today's needs and tomorrow's next big ideas. With a rich history of groundbreaking innovations in Flash and advanced memory technologies, our solutions have become the beating heart of the digital world we're living in and that we have the power to shape. Sandisk meets people and businesses at the intersection of their aspirations and the moment, enabling …",IT Jobs,2026-06-11T10:23:14Z,https://www.adzuna.in/details/5759557187?utm_medium=api&utm_source=3a1fdfd4,"company description sandisk understands how people and businesses consume data and we relentlessly innovate to deliver solutions that enable today's needs and tomorrow's next big ideas. with a rich history of groundbreaking innovations in flash and advanced memory technologies, our solutions have become the beating heart of the digital world we're living in and that we have the power to shape. sandisk meets people and businesses at the intersection of their aspirations and the moment, enabling …",['git'],1,git
machine learning engineer,Sr. Audio DSP Machine Learning Engineer,Logitech,"Chennai, Tamil Nadu",,,"Logitech is the Sweet Spot for people who want their actions to have a positive global impact while having the flexibility to do it in their own way. The Role : As an Audio ML Engineer on the Logitech Hardware Audio ML and DSP Product team, you will be instrumental in developing Embedded Audio ML models that create innovative audio experiences for our customers [ e.g. Speech/Audio enhancement] . This role offers a significant opportunity to contribute directly to the audio products we develop. …",IT Jobs,2026-05-14T10:02:16Z,https://www.adzuna.in/details/5728833093?utm_medium=api&utm_source=3a1fdfd4,"logitech is the sweet spot for people who want their actions to have a positive global impact while having the flexibility to do it in their own way. the role : as an audio ml engineer on the logitech hardware audio ml and dsp product team, you will be instrumental in developing embedded audio ml models that create innovative audio experiences for our customers [ e.g. speech/audio enhancement] . this role offers a significant opportunity to contribute directly to the audio products we develop. …",['git'],1,git
machine learning engineer,Machine Learning Engineer - Gen AI Specialist,vConstruct Private Limited,"Nagpur, Maharashtra",,,"vConstruct’s Data Science & Analytics team is expanding its Generative AI capability. We’re looking for an AI Developer who can design, build and ship production‑ready solutions using large language models (LLMs), multimodal models and classic ML techniques (good to have). You’ll join a collaborative group of AI Engineers, Data Scientists and Analysts transforming every stage of the construction lifecycle—from pre‑construction planning to post‑handover operations—through automation and data‑dri…",IT Jobs,2026-07-08T15:16:33Z,https://www.adzuna.in/details/5792257049?utm_medium=api&utm_source=3a1fdfd4,"vconstruct’s data science & analytics team is expanding its generative ai capability. we’re looking for an ai developer who can design, build and ship production‑ready solutions using large language models (llms), multimodal models and classic ml techniques (good to have). you’ll join a collaborative group of ai engineers, data scientists and analysts transforming every stage of the construction lifecycle—from pre‑construction planning to post‑handover operations—through automation and data‑dri…",[],0,
machine learning engineer,"Lead Machine Learning Engineer (Python, GenAI, MLOps)",Simeio,"Kenchanahalli, Bangalore",,,"About the Role: We are seeking a senior technical lead to architect, develop, and deploy scalable Machine Learning and Generative AI solutions. This role involves end‑to‑end ownership of the model lifecycle, driving MLOps excellence, enabling cloud‑native deployments, and collaborating cross‑functionally to deliver high‑impact AI initiatives. What You will Do: Lead development, optimization, and deployment of ML and GenAI models for real-time, streaming and batch use cases. Evaluation and picki…",IT Jobs,2026-07-01T16:05:36Z,https://www.adzuna.in/details/5783496362?utm_medium=api&utm_source=3a1fdfd4,"about the role: we are seeking a senior technical lead to architect, develop, and deploy scalable machine learning and generative ai solutions. this role involves end‑to‑end ownership of the model lifecycle, driving mlops excellence, enabling cloud‑native deployments, and collaborating cross‑functionally to deliver high‑impact ai initiatives. what you will do: lead development, optimization, and deployment of ml and genai models for real-time, streaming and batch use cases. evaluation and picki…","['excel', 'machine learning', 'scala']",3,"excel, machine learning, scala"
machine learning engineer,Mid Level Machine Learning Engineer / Data Scientist,"TensorIoT Software Services Private Limited, India",India,800000.0,2500000.0,"TensorIoT: AWS Advanced Consulting Partner (for ML and GenAI solutions) Pioneers in IoT and Generative AI products. Committed to diversity and inclusion in our teams. TensorIoT is an AWS Advanced Consulting Partner. We assist companies to realize the value and efficiency of the AWS ecosystem. From building Proof of Concepts and Product Prototypes to production-ready applications, we analyze complex business problems every day and develop solutions to drive customers’ success. The founders of Te…",IT Jobs,2023-07-21T13:24:51Z,https://www.adzuna.in/details/4216428269?utm_medium=api&utm_source=3a1fdfd4,"tensoriot: aws advanced consulting partner (for ml and genai solutions) pioneers in iot and generative ai products. committed to diversity and inclusion in our teams. tensoriot is an aws advanced consulting partner. we assist companies to realize the value and efficiency of the aws ecosystem. from building proof of concepts and product prototypes to production-ready applications, we analyze complex business problems every day and develop solutions to drive customers’ success. the founders of te…",['aws'],1,aws
machine learning engineer,Scientist 3 Data Science Machine Learning Engineer,Sandisk,India,,,As a highly skilled Machine Learning Engineer at SanDisk you will be responsible for designing building and owning endtoend ML systems in production Your role will require a strong blend of machine learning expertise backend engineering and fullstack development to build reliable scalable platforms used by leadership and critical business functions Design develop and maintain endtoend machine learning pipelines including data ingestion training evaluation deployment monitoring and retraining Bu…,IT Jobs,2026-05-27T06:12:55Z,https://www.adzuna.in/details/5741742797?utm_medium=api&utm_source=3a1fdfd4,as a highly skilled machine learning engineer at sandisk you will be responsible for designing building and owning endtoend ml systems in production your role will require a strong blend of machine learning expertise backend engineering and fullstack development to build reliable scalable platforms used by leadership and critical business functions design develop and maintain endtoend machine learning pipelines including data ingestion training evaluation deployment monitoring and retraining bu…,"['machine learning', 'scala']",2,"machine learning, scala"
machine learning engineer,"Manager, Machine Learning Engineering & Data Science, Hyderabad",Warner Bros. Discovery,"Hyderabad, Telangana",,,"_Welcome to Warner Bros. Discovery the stuff dreams are made of._ Who We Are When we say, ""the stuff dreams are made of,"" we're not just referring to the world of wizards, dragons and superheroes, or even to the wonders of Planet Earth. Behind WBD's vast portfolio of iconic content and beloved brands, are the _storytellers_ bringing our characters to life, the _creators_ bringing them to your living rooms and the _dreamers_ creating what's next From brilliant creatives, to technology trailblaze…",IT Jobs,2026-06-21T10:34:35Z,https://www.adzuna.in/details/5771399113?utm_medium=api&utm_source=3a1fdfd4,"_welcome to warner bros. discovery the stuff dreams are made of._ who we are when we say, ""the stuff dreams are made of,"" we're not just referring to the world of wizards, dragons and superheroes, or even to the wonders of planet earth. behind wbd's vast portfolio of iconic content and beloved brands, are the _storytellers_ bringing our characters to life, the _creators_ bringing them to your living rooms and the _dreamers_ creating what's next from brilliant creatives, to technology trailblaze…",[],0,
machine learning engineer,"Manager, Machine Learning Engineering & Data Science, Hyderabad",Warner Bros. Discovery,India,,,"Welcome to Warner Bros. Discovery… the stuff dreams are made of. Who We Are… When we say, “the stuff dreams are made of,” we’re not just referring to the world of wizards, dragons and superheroes, or even to the wonders of Planet Earth. Behind WBD’s vast portfolio of iconic content and beloved brands, are the storytellers bringing our characters to life, the creators bringing them to your living rooms and the dreamers creating what’s next… From brilliant creatives, to technology trailblazers, a…",IT Jobs,2026-06-22T02:46:52Z,https://www.adzuna.in/details/5771990870?utm_medium=api&utm_source=3a1fdfd4,"welcome to warner bros. discovery… the stuff dreams are made of. who we are… when we say, “the stuff dreams are made of,” we’re not just referring to the world of wizards, dragons and superheroes, or even to the wonders of planet earth. behind wbd’s vast portfolio of iconic content and beloved brands, are the storytellers bringing our characters to life, the creators bringing them to your living rooms and the dreamers creating what’s next… from brilliant creatives, to technology trailblazers, a…",[],0,
machine learning engineer,"Senior Machine Learning Engineer, Model Training & Evaluation",Abbyy,India,,,"Join ABBYY and be part of a team that celebrates your unique work style. With flexible work options, a supportive team, and rewards that reflect your value, you can focus on what matters most – driving your growth, while fueling ours. Our commitment to respect, transparency, and simplicity means you can trust us to always choose to do the right thing. As a trusted partner for purpose-built AI and intelligent automation, we solve highly complex problems for our enterprise customers and put their…",IT Jobs,2026-05-22T02:01:20Z,https://www.adzuna.in/details/5736725877?utm_medium=api&utm_source=3a1fdfd4,"join abbyy and be part of a team that celebrates your unique work style. with flexible work options, a supportive team, and rewards that reflect your value, you can focus on what matters most – driving your growth, while fueling ours. our commitment to respect, transparency, and simplicity means you can trust us to always choose to do the right thing. as a trusted partner for purpose-built ai and intelligent automation, we solve highly complex problems for our enterprise customers and put their…",[],0,
machine learning engineer,Lead Machine Learning Engineer / Lead Data Scientist,Zolvit ,"Bangalore, Karnataka",3000000.0,3500000.0,"Role Overview: Zolvit is looking for a highly skilled and self-driven Lead Machine Learning Engineer / Lead Data Scientist to lead the design and development of scalable, production-grade ML systems. This role is ideal for someone who thrives on solving complex problems using data, is deeply passionate about machine learning, and has a strong understanding of both classical techniques and modern AI systems like Large Language Models (LLMs). You will work closely with engineering, product, and b…",IT Jobs,2025-07-16T05:26:35Z,https://www.adzuna.in/details/5305287672?utm_medium=api&utm_source=3a1fdfd4,"role overview: zolvit is looking for a highly skilled and self-driven lead machine learning engineer / lead data scientist to lead the design and development of scalable, production-grade ml systems. this role is ideal for someone who thrives on solving complex problems using data, is deeply passionate about machine learning, and has a strong understanding of both classical techniques and modern ai systems like large language models (llms). you will work closely with engineering, product, and b…","['machine learning', 'scala']",2,"machine learning, scala"
machine learning engineer,Senior Data Scientist / Machine Learning Engineer - Bengaluru,Omnissa,India,,,"Job Description: We Are Omnissa! Omnissa is the first AI-driven digital work platform, built to support flexible, secure, work-from anywhere experiences. We integrate industry-leading solutions—including Unified Endpoint Management, Virtual Apps and Desktops, Digital Employee Experience, and Security & Compliance - into a seamless, autonomous workspace that adapts to how people work. Our platform boosts employee engagement while optimizing IT operations, security, and cost. Guided by our Core V…",IT Jobs,2026-07-02T02:49:17Z,https://www.adzuna.in/details/5784345049?utm_medium=api&utm_source=3a1fdfd4,"job description: we are omnissa! omnissa is the first ai-driven digital work platform, built to support flexible, secure, work-from anywhere experiences. we integrate industry-leading solutions—including unified endpoint management, virtual apps and desktops, digital employee experience, and security & compliance - into a seamless, autonomous workspace that adapts to how people work. our platform boosts employee engagement while optimizing it operations, security, and cost. guided by our core v…",['git'],1,git
machine learning engineer,"Senior Machine Learning Engineer, Ad Tech Engineering",Roku,"Bangalore, Karnataka",,,"Teamwork makes the stream work. Roku is changing how the world watches TV Roku is the 1 TV streaming platform in the U.S., Canada, and Mexico, and we've set our sights on powering every television in the world. Roku pioneered streaming to the TV. Our mission is to be the TV streaming platform that connects the entire TV ecosystem. We connect consumers to the content they love, enable content publishers to build and monetize large audiences, and provide advertisers unique capabilities to engage …",IT Jobs,2026-06-06T02:14:52Z,https://www.adzuna.in/details/5753504310?utm_medium=api&utm_source=3a1fdfd4,"teamwork makes the stream work. roku is changing how the world watches tv roku is the 1 tv streaming platform in the u.s., canada, and mexico, and we've set our sights on powering every television in the world. roku pioneered streaming to the tv. our mission is to be the tv streaming platform that connects the entire tv ecosystem. we connect consumers to the content they love, enable content publishers to build and monetize large audiences, and provide advertisers unique capabilities to engage …",[],0,
machine learning engineer,"Lead AI & Machine Learning Engineer ,Vice President",Citigroup,"Pune, Maharashtra",,,"We're currently looking for a high caliber professional to join our team as team as Vice President, Application Development Tech Lead Analyst (C13) based in Pune, India. The XVA technology team actively develops and enhances a set of co-operative, strategic systems and services which are regulatory driven and have a direct bearing on how Citi Capital Markets manages risk arising from trading, including both market and counterparty credit risks. We support traders, salespeople, risk managers, fi…",IT Jobs,2026-07-25T10:46:51Z,https://www.adzuna.in/details/5814995348?utm_medium=api&utm_source=3a1fdfd4,"we're currently looking for a high caliber professional to join our team as team as vice president, application development tech lead analyst (c13) based in pune, india. the xva technology team actively develops and enhances a set of co-operative, strategic systems and services which are regulatory driven and have a direct bearing on how citi capital markets manages risk arising from trading, including both market and counterparty credit risks. we support traders, salespeople, risk managers, fi…",[],0,
machine learning engineer,Engineer - Voice AI Systems Machine Learning Engineer,Qualcomm,"Hyderabad, Telangana",,,"Job Description General Summary: Qualcomms Audio Systems team is seeking a talented and highly motivated engineer specialized in the implementation of Voice AI and Audio solutions. You will work with a team to prototype, optimize, and productize state-of-the-art ML models, ensuring efficient deployment on snapdragon platforms Responsibilities: - Develop, optimize, and deploy Voice AI and audio ML models for audio applications, with a focus on inference efficiency across NPUs, GPUs, and CPUs. - …",Engineering Jobs,2026-05-02T05:41:13Z,https://www.adzuna.in/details/5716325162?utm_medium=api&utm_source=3a1fdfd4,"job description general summary: qualcomms audio systems team is seeking a talented and highly motivated engineer specialized in the implementation of voice ai and audio solutions. you will work with a team to prototype, optimize, and productize state-of-the-art ml models, ensuring efficient deployment on snapdragon platforms responsibilities: - develop, optimize, and deploy voice ai and audio ml models for audio applications, with a focus on inference efficiency across npus, gpus, and cpus. - …",[],0,
machine learning engineer,"Principal Machine Learning Engineer - Agenticai, Genai/llm",Red Hat,"Bangalore, Karnataka",,,"Job Description About the Job : The Data And AI team is a highly focused effort to lead digital-first execution and transformation at Red Hat leveraging data & AI strategically for our customers, partners, and associates. The engineering team is focused on building and delivering strategic AI agents & MCP Servers built on our Data & AI platform, designed to augment human capabilities, accelerate business workflows, and scale operations across the enterprise. In this role, you''ll take ownership…",IT Jobs,2026-04-10T05:29:39Z,https://www.adzuna.in/details/5695000210?utm_medium=api&utm_source=3a1fdfd4,"job description about the job : the data and ai team is a highly focused effort to lead digital-first execution and transformation at red hat leveraging data & ai strategically for our customers, partners, and associates. the engineering team is focused on building and delivering strategic ai agents & mcp servers built on our data & ai platform, designed to augment human capabilities, accelerate business workflows, and scale operations across the enterprise. in this role, you''ll take ownership…",['git'],1,git
machine learning engineer,Artificial Intelligence and Machine Learning Engineer Vice President,Goldman Sachs Services Private Limited,India,,,Role Overview As an AI ML Engineer in Compliance Engineering at Goldman Sachs you will have the opportunity to leverage cuttingedge AI ML techniques to solve complex problems and contribute to safeguarding a leading global financial institution You will work within a global team dedicated to preventing detecting and mitigating regulatory and reputational risks utilizing petabyte scale data and stateoftheart models to make a tangible impact on risk management and reputation maintenance Key Respo…,IT Jobs,2026-05-21T06:04:57Z,https://www.adzuna.in/details/5735690424?utm_medium=api&utm_source=3a1fdfd4,role overview as an ai ml engineer in compliance engineering at goldman sachs you will have the opportunity to leverage cuttingedge ai ml techniques to solve complex problems and contribute to safeguarding a leading global financial institution you will work within a global team dedicated to preventing detecting and mitigating regulatory and reputational risks utilizing petabyte scale data and stateoftheart models to make a tangible impact on risk management and reputation maintenance key respo…,[],0,
machine learning engineer,Senior Machine Learning Engineer (Bangalore/Noida Location),Level AI,India,,,"Level AI was founded in 2019 and is a Series C startup headquartered in Mountain View, California. Level AI revolutionizes customer engagement by transforming contact centres into strategic assets. Our AI-native platform leverages advanced technologies such as Large Language Models to extract deep insights from customer interactions. By providing actionable intelligence, Level AI empowers organisations to enhance customer experience and drive growth. Consistently updated with the latest AI inno…",IT Jobs,2025-11-05T16:07:15Z,https://www.adzuna.in/details/5481806661?utm_medium=api&utm_source=3a1fdfd4,"level ai was founded in 2019 and is a series c startup headquartered in mountain view, california. level ai revolutionizes customer engagement by transforming contact centres into strategic assets. our ai-native platform leverages advanced technologies such as large language models to extract deep insights from customer interactions. by providing actionable intelligence, level ai empowers organisations to enhance customer experience and drive growth. consistently updated with the latest ai inno…",[],0,
machine learning engineer,"Lead Machine Learning Engineer (Python, GenAI, MLOps)",Simeio,"Bangalore, Karnataka",,,"About the Role: We are seeking a senior technical lead to architect, develop, and deploy scalable Machine Learning and Generative AI solutions. This role involves end‑to‑end ownership of the model lifecycle, driving MLOps excellence, enabling cloud‑native deployments, and collaborating cross‑functionally to deliver high‑impact AI initiatives. What You will Do: Lead development, optimization, and deployment of ML and GenAI models for real-time, streaming and batch use cases. Evaluation and picki…",IT Jobs,2026-07-04T02:32:55Z,https://www.adzuna.in/details/5787208866?utm_medium=api&utm_source=3a1fdfd4,"about the role: we are seeking a senior technical lead to architect, develop, and deploy scalable machine learning and generative ai solutions. this role involves end‑to‑end ownership of the model lifecycle, driving mlops excellence, enabling cloud‑native deployments, and collaborating cross‑functionally to deliver high‑impact ai initiatives. what you will do: lead development, optimization, and deployment of ml and genai models for real-time, streaming and batch use cases. evaluation and picki…","['excel', 'machine learning', 'scala']",3,"excel, machine learning, scala"
machine learning engineer,Applied Artificial Intelligence & Machine Learning Engineer - Associate,JPMorganChase,"Mumbai, Maharashtra",,,"Description Are you ready to play a pivotal role in revolutionizing the future of banking? As a valued member of our Commercial & Investment Banking Payments Applied AI/ML team, you will be at the forefront of our firm-wide initiatives to innovate and enhance banking operations. Your contributions will be instrumental in transforming the operational dynamics of our Payments teams, directly influencing the management and functionality of our corporate and investment banking services. As an Appli…",IT Jobs,2026-02-19T01:45:59Z,https://www.adzuna.in/details/5634992945?utm_medium=api&utm_source=3a1fdfd4,"description are you ready to play a pivotal role in revolutionizing the future of banking? as a valued member of our commercial & investment banking payments applied ai/ml team, you will be at the forefront of our firm-wide initiatives to innovate and enhance banking operations. your contributions will be instrumental in transforming the operational dynamics of our payments teams, directly influencing the management and functionality of our corporate and investment banking services. as an appli…",[],0,
machine learning engineer,AI / Machine Learning Engineer (AWS â FinTech Security),VALLI AGI FINTECH CYBERSECURITY TECHNOLOGIES PVT LTD,India,150000.0,300000.0,"We are building VALLI AI SecurePay, an AI-powered fintech and cybersecurity platform focused on fraud detection and transaction risk scoring. We are looking for an AI / Machine Learning Engineer with strong AWS experience to design, develop, and deploy ML models in a cloud-native environment. Responsibilities: - Build ML models for fraud detection and anomaly detection - Work with transactional and behavioral data - Deploy models on AWS (S3, SageMaker, EC2/Lambda) - Build data pipelines and inf…",IT Jobs,2026-02-06T11:06:57Z,https://www.adzuna.in/details/5616903485?utm_medium=api&utm_source=3a1fdfd4,"we are building valli ai securepay, an ai-powered fintech and cybersecurity platform focused on fraud detection and transaction risk scoring. we are looking for an ai / machine learning engineer with strong aws experience to design, develop, and deploy ml models in a cloud-native environment. responsibilities: - build ml models for fraud detection and anomaly detection - work with transactional and behavioral data - deploy models on aws (s3, sagemaker, ec2/lambda) - build data pipelines and inf…","['machine learning', 'aws']",2,"machine learning, aws"
machine learning engineer,"Senior Machine Learning Engineer, Synthetic Data & Document Understanding",Abbyy,India,,,"Join ABBYY and be part of a team that celebrates your unique work style. With flexible work options, a supportive team, and rewards that reflect your value, you can focus on what matters most – driving your growth, while fueling ours. Our commitment to respect, transparency, and simplicity means you can trust us to always choose to do the right thing. As a trusted partner for purpose-built AI and intelligent automation, we solve highly complex problems for our enterprise customers and put their…",Scientific & QA Jobs,2026-05-24T02:13:36Z,https://www.adzuna.in/details/5739091187?utm_medium=api&utm_source=3a1fdfd4,"join abbyy and be part of a team that celebrates your unique work style. with flexible work options, a supportive team, and rewards that reflect your value, you can focus on what matters most – driving your growth, while fueling ours. our commitment to respect, transparency, and simplicity means you can trust us to always choose to do the right thing. as a trusted partner for purpose-built ai and intelligent automation, we solve highly complex problems for our enterprise customers and put their…",[],0,
machine learning engineer,Senior Machine Learning Engineer - AI-Assisted Data Annotation,Abbyy,India,,,"Join ABBYY and be part of a team that celebrates your unique work style. With flexible work options, a supportive team, and rewards that reflect your value, you can focus on what matters most – driving your growth, while fueling ours. Our commitment to respect, transparency, and simplicity means you can trust us to always choose to do the right thing. As a trusted partner for purpose-built AI and intelligent automation, we solve highly complex problems for our enterprise customers and put their…",Scientific & QA Jobs,2026-05-24T02:15:50Z,https://www.adzuna.in/details/5739105715?utm_medium=api&utm_source=3a1fdfd4,"join abbyy and be part of a team that celebrates your unique work style. with flexible work options, a supportive team, and rewards that reflect your value, you can focus on what matters most – driving your growth, while fueling ours. our commitment to respect, transparency, and simplicity means you can trust us to always choose to do the right thing. as a trusted partner for purpose-built ai and intelligent automation, we solve highly complex problems for our enterprise customers and put their…",[],0,
machine learning engineer,"Software Machine Learning Engineer (Universal Robots, Bangalore - India)",Teradyne,"Bangalore, Karnataka",,,"Our Purpose TERADYNE, where experience meets innovation and driving excellence in every connection. We are fueled by creativity and diversity of thought and in our workforce. Our employees are supported to innovate and learn something new every day. We cultivate a culture of inclusion for all employees that respects their individual strengths, views, and experiences. We believe that our differences enable us to be a better team - one that makes better decisions, drives innovation and delivers b…",IT Jobs,2026-05-20T10:10:41Z,https://www.adzuna.in/details/5734812487?utm_medium=api&utm_source=3a1fdfd4,"our purpose teradyne, where experience meets innovation and driving excellence in every connection. we are fueled by creativity and diversity of thought and in our workforce. our employees are supported to innovate and learn something new every day. we cultivate a culture of inclusion for all employees that respects their individual strengths, views, and experiences. we believe that our differences enable us to be a better team - one that makes better decisions, drives innovation and delivers b…",['excel'],1,excel
machine learning engineer,Senior Machine Learning Engineer - NLP (Bangalore/Noida Location),Level AI,India,,,"Level AI was founded in 2019 and is a Series C startup headquartered in Mountain View, California. Level AI revolutionizes customer engagement by transforming contact centers into strategic assets. Our AI-native platform leverages advanced technologies such as Large Language Models to extract deep insights from customer interactions. By providing actionable intelligence, Level AI empowers organizations to enhance customer experience and drive growth. Consistently updated with the latest AI inno…",IT Jobs,2025-05-04T01:46:24Z,https://www.adzuna.in/details/5179435240?utm_medium=api&utm_source=3a1fdfd4,"level ai was founded in 2019 and is a series c startup headquartered in mountain view, california. level ai revolutionizes customer engagement by transforming contact centers into strategic assets. our ai-native platform leverages advanced technologies such as large language models to extract deep insights from customer interactions. by providing actionable intelligence, level ai empowers organizations to enhance customer experience and drive growth. consistently updated with the latest ai inno…",[],0,
machine learning engineer,Assistant Professor,UPES School of Computer Science,"Dehradun, Uttarakhand",,,"UPES, Dehradun ( https://www.upes.ac.in ) is inviting applications for the position of Assistant Professors in the School of Computer Science . Responsible for teaching, research, and service in their designated field of expertise within the academic department. The role requires a strong commitment to student success, scholarly activity, and service to the department and university. Preferred Areas of Expertise : Programming, DSA, DBMS, Software Engineering, Computer Organization, Theory of Co…",Teaching Jobs,2026-06-04T16:45:32Z,https://www.adzuna.in/land/ad/5751931713?se=cmZVrOuH8RGEopbyd0f8Hw&utm_medium=api&utm_source=3a1fdfd4&v=28D57065A1C84FA88D93BA48FABFFD246F2334C7,"upes, dehradun ( https://www.upes.ac.in ) is inviting applications for the position of assistant professors in the school of computer science . responsible for teaching, research, and service in their designated field of expertise within the academic department. the role requires a strong commitment to student success, scholarly activity, and service to the department and university. preferred areas of expertise : programming, dsa, dbms, software engineering, computer organization, theory of co…",[],0,
machine learning engineer,"Machine Learning Engineer II, EU INTech - Exports, Emerging and Expansions",ADCI - Karnataka,"Bangalore, Karnataka",,,"Are you obsessed with solving challenging problems? Do you have exceptional software engineering skills? Are you interested into Search Engine Technologies, Document Retrieval and Machine Learning? Are you constantly looking for ways to improve your skills, your software, and your organization? Amazon is looking for a passionate, talented, and inventive Machine Learning Engineer to join our E3 team. You will work with the largest online retail search application in the world, both in terms of u…",IT Jobs,2026-05-14T11:59:51Z,https://www.adzuna.in/details/5728915771?utm_medium=api&utm_source=3a1fdfd4,"are you obsessed with solving challenging problems? do you have exceptional software engineering skills? are you interested into search engine technologies, document retrieval and machine learning? are you constantly looking for ways to improve your skills, your software, and your organization? amazon is looking for a passionate, talented, and inventive machine learning engineer to join our e3 team. you will work with the largest online retail search application in the world, both in terms of u…",['machine learning'],1,machine learning
machine learning engineer,"Machine Learning Engineer II ( Data & Audience Platform Team), Hyderabad",Warner Bros. Discovery,India,,,"Welcome to Warner Bros. Discovery… the stuff dreams are made of. Who We Are… When we say, “the stuff dreams are made of,” we’re not just referring to the world of wizards, dragons and superheroes, or even to the wonders of Planet Earth. Behind WBD’s vast portfolio of iconic content and beloved brands, are the storytellers bringing our characters to life, the creators bringing them to your living rooms and the dreamers creating what’s next… From brilliant creatives, to technology trailblazers, a…",Engineering Jobs,2026-06-20T03:28:36Z,https://www.adzuna.in/details/5769824703?utm_medium=api&utm_source=3a1fdfd4,"welcome to warner bros. discovery… the stuff dreams are made of. who we are… when we say, “the stuff dreams are made of,” we’re not just referring to the world of wizards, dragons and superheroes, or even to the wonders of planet earth. behind wbd’s vast portfolio of iconic content and beloved brands, are the storytellers bringing our characters to life, the creators bringing them to your living rooms and the dreamers creating what’s next… from brilliant creatives, to technology trailblazers, a…",[],0,
machine learning engineer,"Machine Learning Engineer II ( Data & Audience Platform Team), Hyderabad",Warner Bros. Discovery,"Hyderabad, Telangana",,,"_Welcome to Warner Bros. Discovery the stuff dreams are made of._ Who We Are When we say, ""the stuff dreams are made of,"" we're not just referring to the world of wizards, dragons and superheroes, or even to the wonders of Planet Earth. Behind WBD's vast portfolio of iconic content and beloved brands, are the _storytellers_ bringing our characters to life, the _creators_ bringing them to your living rooms and the _dreamers_ creating what's next From brilliant creatives, to technology trailblaze…",Engineering Jobs,2026-06-20T11:05:43Z,https://www.adzuna.in/details/5770257380?utm_medium=api&utm_source=3a1fdfd4,"_welcome to warner bros. discovery the stuff dreams are made of._ who we are when we say, ""the stuff dreams are made of,"" we're not just referring to the world of wizards, dragons and superheroes, or even to the wonders of planet earth. behind wbd's vast portfolio of iconic content and beloved brands, are the _storytellers_ bringing our characters to life, the _creators_ bringing them to your living rooms and the _dreamers_ creating what's next from brilliant creatives, to technology trailblaze…",[],0,
machine learning engineer,"Machine Learning Engineer II, EU INTech - Exports, Emerging and Expansions",Amazon,"Bangalore, Karnataka",,,"Description Are you obsessed with solving challenging problems? Do you have exceptional software engineering skills? Are you interested into Search Engine Technologies, Document Retrieval and Machine Learning? Are you constantly looking for ways to improve your skills, your software, and your organization? Amazon is looking for a passionate, talented, and inventive Machine Learning Engineer to join our E3 team. You will work with the largest online retail search application in the world, both i…",IT Jobs,2026-05-15T10:00:42Z,https://www.adzuna.in/details/5730051968?utm_medium=api&utm_source=3a1fdfd4,"description are you obsessed with solving challenging problems? do you have exceptional software engineering skills? are you interested into search engine technologies, document retrieval and machine learning? are you constantly looking for ways to improve your skills, your software, and your organization? amazon is looking for a passionate, talented, and inventive machine learning engineer to join our e3 team. you will work with the largest online retail search application in the world, both i…",['machine learning'],1,machine learning
machine learning engineer,"Staff Machine Learning Engineer (Data & Audience Platform Team), Hyderabad",Warner Bros. Discovery,India,,,"Welcome to Warner Bros. Discovery… the stuff dreams are made of. Who We Are… When we say, “the stuff dreams are made of,” we’re not just referring to the world of wizards, dragons and superheroes, or even to the wonders of Planet Earth. Behind WBD’s vast portfolio of iconic content and beloved brands, are the storytellers bringing our characters to life, the creators bringing them to your living rooms and the dreamers creating what’s next… From brilliant creatives, to technology trailblazers, a…",IT Jobs,2026-06-20T03:13:28Z,https://www.adzuna.in/details/5769741905?utm_medium=api&utm_source=3a1fdfd4,"welcome to warner bros. discovery… the stuff dreams are made of. who we are… when we say, “the stuff dreams are made of,” we’re not just referring to the world of wizards, dragons and superheroes, or even to the wonders of planet earth. behind wbd’s vast portfolio of iconic content and beloved brands, are the storytellers bringing our characters to life, the creators bringing them to your living rooms and the dreamers creating what’s next… from brilliant creatives, to technology trailblazers, a…",[],0,
machine learning engineer,"Senior Manager, Machine Learning Engineering (Data & Audience Platform), Hyderabad",Warner Bros. Discovery,India,,,"Welcome to Warner Bros. Discovery… the stuff dreams are made of. Who We Are… When we say, “the stuff dreams are made of,” we’re not just referring to the world of wizards, dragons and superheroes, or even to the wonders of Planet Earth. Behind WBD’s vast portfolio of iconic content and beloved brands, are the storytellers bringing our characters to life, the creators bringing them to your living rooms and the dreamers creating what’s next… From brilliant creatives, to technology trailblazers, a…",IT Jobs,2026-06-20T03:14:45Z,https://www.adzuna.in/details/5769748767?utm_medium=api&utm_source=3a1fdfd4,"welcome to warner bros. discovery… the stuff dreams are made of. who we are… when we say, “the stuff dreams are made of,” we’re not just referring to the world of wizards, dragons and superheroes, or even to the wonders of planet earth. behind wbd’s vast portfolio of iconic content and beloved brands, are the storytellers bringing our characters to life, the creators bringing them to your living rooms and the dreamers creating what’s next… from brilliant creatives, to technology trailblazers, a…",[],0,
machine learning engineer,"Staff Machine Learning Engineer (Data & Audience Platform Team), Hyderabad",Warner Bros. Discovery,"Hyderabad, Telangana",,,"_Welcome to Warner Bros. Discovery the stuff dreams are made of._ Who We Are When we say, ""the stuff dreams are made of,"" we're not just referring to the world of wizards, dragons and superheroes, or even to the wonders of Planet Earth. Behind WBD's vast portfolio of iconic content and beloved brands, are the _storytellers_ bringing our characters to life, the _creators_ bringing them to your living rooms and the _dreamers_ creating what's next From brilliant creatives, to technology trailblaze…",IT Jobs,2026-06-20T11:05:43Z,https://www.adzuna.in/details/5770257379?utm_medium=api&utm_source=3a1fdfd4,"_welcome to warner bros. discovery the stuff dreams are made of._ who we are when we say, ""the stuff dreams are made of,"" we're not just referring to the world of wizards, dragons and superheroes, or even to the wonders of planet earth. behind wbd's vast portfolio of iconic content and beloved brands, are the _storytellers_ bringing our characters to life, the _creators_ bringing them to your living rooms and the _dreamers_ creating what's next from brilliant creatives, to technology trailblaze…",[],0,
machine learning engineer,"Senior Machine Learning Engineer (Data & Audience Platform Team), Hyderabad",Warner Bros. Discovery,"Hyderabad, Telangana",,,"_Welcome to Warner Bros. Discovery the stuff dreams are made of._ Who We Are When we say, ""the stuff dreams are made of,"" we're not just referring to the world of wizards, dragons and superheroes, or even to the wonders of Planet Earth. Behind WBD's vast portfolio of iconic content and beloved brands, are the _storytellers_ bringing our characters to life, the _creators_ bringing them to your living rooms and the _dreamers_ creating what's next From brilliant creatives, to technology trailblaze…",Engineering Jobs,2026-06-20T11:05:42Z,https://www.adzuna.in/details/5770257369?utm_medium=api&utm_source=3a1fdfd4,"_welcome to warner bros. discovery the stuff dreams are made of._ who we are when we say, ""the stuff dreams are made of,"" we're not just referring to the world of wizards, dragons and superheroes, or even to the wonders of planet earth. behind wbd's vast portfolio of iconic content and beloved brands, are the _storytellers_ bringing our characters to life, the _creators_ bringing them to your living rooms and the _dreamers_ creating what's next from brilliant creatives, to technology trailblaze…",[],0,
machine learning engineer,"Senior Manager, Machine Learning Engineering (Data & Audience Platform), Hyderabad",Warner Bros. Discovery,"Hyderabad, Telangana",,,"_Welcome to Warner Bros. Discovery the stuff dreams are made of._ Who We Are When we say, ""the stuff dreams are made of,"" we're not just referring to the world of wizards, dragons and superheroes, or even to the wonders of Planet Earth. Behind WBD's vast portfolio of iconic content and beloved brands, are the _storytellers_ bringing our characters to life, the _creators_ bringing them to your living rooms and the _dreamers_ creating what's next From brilliant creatives, to technology trailblaze…",IT Jobs,2026-06-20T11:05:43Z,https://www.adzuna.in/details/5770257386?utm_medium=api&utm_source=3a1fdfd4,"_welcome to warner bros. discovery the stuff dreams are made of._ who we are when we say, ""the stuff dreams are made of,"" we're not just referring to the world of wizards, dragons and superheroes, or even to the wonders of planet earth. behind wbd's vast portfolio of iconic content and beloved brands, are the _storytellers_ bringing our characters to life, the _creators_ bringing them to your living rooms and the _dreamers_ creating what's next from brilliant creatives, to technology trailblaze…",[],0,
machine learning engineer,"Senior Machine Learning Engineer (Data & Audience Platform Team), Hyderabad",Warner Bros. Discovery,India,,,"Welcome to Warner Bros. Discovery… the stuff dreams are made of. Who We Are… When we say, “the stuff dreams are made of,” we’re not just referring to the world of wizards, dragons and superheroes, or even to the wonders of Planet Earth. Behind WBD’s vast portfolio of iconic content and beloved brands, are the storytellers bringing our characters to life, the creators bringing them to your living rooms and the dreamers creating what’s next… From brilliant creatives, to technology trailblazers, a…",Engineering Jobs,2026-06-20T03:28:39Z,https://www.adzuna.in/details/5769824795?utm_medium=api&utm_source=3a1fdfd4,"welcome to warner bros. discovery… the stuff dreams are made of. who we are… when we say, “the stuff dreams are made of,” we’re not just referring to the world of wizards, dragons and superheroes, or even to the wonders of planet earth. behind wbd’s vast portfolio of iconic content and beloved brands, are the storytellers bringing our characters to life, the creators bringing them to your living rooms and the dreamers creating what’s next… from brilliant creatives, to technology trailblazers, a…",[],0,
machine learning engineer,Sr. Machine Learning Engineer (Speech) - AI (Bangalore/Noida Locations),Level AI,India,,,"Level AI was founded in 2019 and is a Series C startup headquartered in Mountain View, California. Level AI revolutionizes customer engagement by transforming contact centers into strategic assets. Our AI-native platform leverages advanced technologies such as Large Language Models to extract deep insights from customer interactions. By providing actionable intelligence, Level AI empowers organizations to enhance customer experience and drive growth. Consistently updated with the latest AI inno…",IT Jobs,2025-08-24T17:13:33Z,https://www.adzuna.in/details/5366538597?utm_medium=api&utm_source=3a1fdfd4,"level ai was founded in 2019 and is a series c startup headquartered in mountain view, california. level ai revolutionizes customer engagement by transforming contact centers into strategic assets. our ai-native platform leverages advanced technologies such as large language models to extract deep insights from customer interactions. by providing actionable intelligence, level ai empowers organizations to enhance customer experience and drive growth. consistently updated with the latest ai inno…",[],0,
machine learning engineer,Associate Consultant - Presales Solutioning-Data Science-Machine learning Engineer,EXL,India,,,"Description Manager – Portfolio Analytics Cross Sell and upsell Analytics (must have) model development like XG Boost Portfolio Spends Growth – Targeting basis segments/persona, merchants, campaign recommendation to drive cross border. Driving card Activation to increase spends & engagement Collaborate with multiple stakeholders and teams such as Product, Operations, Portfolio teams etc. Presenting model results to management/ senior stakeholders strong project management, pipeline planning as …",IT Jobs,2025-10-30T15:18:25Z,https://www.adzuna.in/details/5470786469?utm_medium=api&utm_source=3a1fdfd4,"description manager – portfolio analytics cross sell and upsell analytics (must have) model development like xg boost portfolio spends growth – targeting basis segments/persona, merchants, campaign recommendation to drive cross border. driving card activation to increase spends & engagement collaborate with multiple stakeholders and teams such as product, operations, portfolio teams etc. presenting model results to management/ senior stakeholders strong project management, pipeline planning as …",[],0,
machine learning engineer,Machine Learning/AI Engineer,ZeMoSo Technologies,India,,,"Job Description: Machine Learning / AI Engineer (with 3 years of experience) We are seeking a highly skilled and passionate Machine Learning / AI Engineer to join our newly established data science practice area. In this role, you will primarily focus on working with Large Language Models (LLMs) and contribute to building generative AI applications. This position offers an exciting opportunity to shape the future of AI technology while charting an interesting career path within our organization…",IT Jobs,2023-11-18T14:53:21Z,https://www.adzuna.in/details/4439898019?utm_medium=api&utm_source=3a1fdfd4,"job description: machine learning / ai engineer (with 3 years of experience) we are seeking a highly skilled and passionate machine learning / ai engineer to join our newly established data science practice area. in this role, you will primarily focus on working with large language models (llms) and contribute to building generative ai applications. this position offers an exciting opportunity to shape the future of ai technology while charting an interesting career path within our organization…",['machine learning'],1,machine learning
machine learning engineer,Machine Learning - Software Engineer,Amagi Media Labs,"Chennai, Tamil Nadu",2000000.0,3000000.0,"Job Title: Software Engineer - ML Job Location: Chennai Job Summary Condé Nast is seeking an experienced and highly motivated Software engineer-ML who will support productionizing projects in a databricks environment for the data science team. We expect the person to be a software/data engineer experienced in building robust ML systems & deploying ML pipelines in production, Study and transform data science prototypes into an engineering product and is knowledgeable about machine learning model…",IT Jobs,2022-01-21T04:29:37Z,https://www.adzuna.in/details/2830210779?utm_medium=api&utm_source=3a1fdfd4,"job title: software engineer - ml job location: chennai job summary condé nast is seeking an experienced and highly motivated software engineer-ml who will support productionizing projects in a databricks environment for the data science team. we expect the person to be a software/data engineer experienced in building robust ml systems & deploying ml pipelines in production, study and transform data science prototypes into an engineering product and is knowledgeable about machine learning model…",['machine learning'],1,machine learning
machine learning engineer,Machine Learning (ML) Engineer,Purple Hirez,"Hyderabad, Telangana",700000.0,4000000.0,"Be a part of the growth story of a rapidly growing organization in AI. We are seeking a passionate Machine Learning (ML) Engineer, with a strong background in developing and deploying state-of-the-art models on Cloud. You will participate in the complete cycle of building machine learning models from conceptualization of ideas, data preparation, feature selection, training, evaluation, and productionization. On a typical day, you might build data pipelines, develop a new machine learning algori…",IT Jobs,2022-02-10T04:44:44Z,https://www.adzuna.in/details/2883808214?utm_medium=api&utm_source=3a1fdfd4,"be a part of the growth story of a rapidly growing organization in ai. we are seeking a passionate machine learning (ml) engineer, with a strong background in developing and deploying state-of-the-art models on cloud. you will participate in the complete cycle of building machine learning models from conceptualization of ideas, data preparation, feature selection, training, evaluation, and productionization. on a typical day, you might build data pipelines, develop a new machine learning algori…",['machine learning'],1,machine learning
machine learning engineer,Machine Learning Platform Engineer,Guidewire,India,,,"Summary Join Guidewire as a Machine Learning Platform Engineer and play a pivotal role in architecting and scaling our next-generation ML platform. You will drive the design and implementation of secure, cloud-native infrastructure supporting the full ML lifecycle, from data ingestion to model monitoring. Collaborate with cross-functional teams to deliver innovative, reliable, and efficient solutions that empower our customers and accelerate Guidewire’s AI and data platform adoption. At Guidewi…",IT Jobs,2026-05-20T02:23:49Z,https://www.adzuna.in/details/5734428484?utm_medium=api&utm_source=3a1fdfd4,"summary join guidewire as a machine learning platform engineer and play a pivotal role in architecting and scaling our next-generation ml platform. you will drive the design and implementation of secure, cloud-native infrastructure supporting the full ml lifecycle, from data ingestion to model monitoring. collaborate with cross-functional teams to deliver innovative, reliable, and efficient solutions that empower our customers and accelerate guidewire’s ai and data platform adoption. at guidewi…",['machine learning'],1,machine learning
machine learning engineer,Machine Learning Research Engineer,Vernacular.ai,"Bangalore, Karnataka",0.0,1500000.0,"About us Skit (previously known as Vernacular.ai ) is an AI-first SaaS voice automation company. Its suite of speech and language solutions enable enterprises to automate their contact centre operations. With over 10 million hours of training data, its product - Vernacular Intelligent Voice Assistant (VIVA) can currently respond in 16 languages, covering over 160 dialects and replicating human-like conversations. Skit currently serves a variety of enterprise clients across diverse sectors such …",IT Jobs,2021-11-27T02:39:00Z,https://www.adzuna.in/details/2684334397?utm_medium=api&utm_source=3a1fdfd4,"about us skit (previously known as vernacular.ai ) is an ai-first saas voice automation company. its suite of speech and language solutions enable enterprises to automate their contact centre operations. with over 10 million hours of training data, its product - vernacular intelligent voice assistant (viva) can currently respond in 16 languages, covering over 160 dialects and replicating human-like conversations. skit currently serves a variety of enterprise clients across diverse sectors such …",[],0,
machine learning engineer,Machine Learning & LLM Engineer,L.E.K. Consulting,"Delhi, India",,,"Location New Delhi /*generated inline style */ Job Description Mid-Level ML & LLM Engineer Location: Gurgaon Employment Type: Full-time Experience: 2–5 years About the Role We are building a Data and AI Enablement team and are looking for a motivated mid-level ML & LLM Engineer to design, deploy, and maintain AI-driven data solutions. In this role, you will work across the full stack, from data pipelines and lakehouse architectures to LLM-powered applications. You will collaborate closely with …",IT Jobs,2026-07-06T15:04:15Z,https://www.adzuna.in/details/5789810456?utm_medium=api&utm_source=3a1fdfd4,"location new delhi /*generated inline style */ job description mid-level ml & llm engineer location: gurgaon employment type: full-time experience: 2–5 years about the role we are building a data and ai enablement team and are looking for a motivated mid-level ml & llm engineer to design, deploy, and maintain ai-driven data solutions. in this role, you will work across the full stack, from data pipelines and lakehouse architectures to llm-powered applications. you will collaborate closely with …",[],0,
machine learning engineer,"Staff Machine Learning Engineer -Gen AI, Machine Learning, Graph ML, Big Data - 10030",Extreme Networks,"Bangalore, Karnataka",,,"Over 50,000 customers globally trust our end-to-end, cloud-driven networking solutions. They rely on our top-rated services and support to accelerate their digital transformation efforts and deliver unprecedented progress. With double-digit growth year over year, no provider is better positioned to deliver scalable outcomes than Extreme. Inclusion is one of our core values and in our DNA. We are committed to fostering an inclusive workplace that embraces our differences and creates an atmospher…",IT Jobs,2026-07-16T03:29:25Z,https://www.adzuna.in/details/5801785686?utm_medium=api&utm_source=3a1fdfd4,"over 50,000 customers globally trust our end-to-end, cloud-driven networking solutions. they rely on our top-rated services and support to accelerate their digital transformation efforts and deliver unprecedented progress. with double-digit growth year over year, no provider is better positioned to deliver scalable outcomes than extreme. inclusion is one of our core values and in our dna. we are committed to fostering an inclusive workplace that embraces our differences and creates an atmospher…","['git', 'scala']",2,"git, scala"
machine learning engineer,"Principal Machine Learning Engineer, Document AI Data (Tech Lead Manager)",Abbyy,India,,,"Join ABBYY and be part of a team that celebrates your unique work style. With flexible work options, a supportive team, and rewards that reflect your value, you can focus on what matters most – driving your growth, while fueling ours. Our commitment to respect, transparency, and simplicity means you can trust us to always choose to do the right thing. As a trusted partner for purpose-built AI and intelligent automation, we solve highly complex problems for our enterprise customers and put their…",IT Jobs,2026-05-24T02:22:11Z,https://www.adzuna.in/details/5739143871?utm_medium=api&utm_source=3a1fdfd4,"join abbyy and be part of a team that celebrates your unique work style. with flexible work options, a supportive team, and rewards that reflect your value, you can focus on what matters most – driving your growth, while fueling ours. our commitment to respect, transparency, and simplicity means you can trust us to always choose to do the right thing. as a trusted partner for purpose-built ai and intelligent automation, we solve highly complex problems for our enterprise customers and put their…",[],0,
machine learning engineer,Senior Machine Learning Operations Engineer,Smartsheet,"Bangalore, Karnataka",,,"For over 20 years, Smartsheet has empowered teams to manage work seamlessly and scale solutions smarter. Now, in our most ambitious chapter yet, we are uniting human teams with AI agents. By orchestrating the work agents do best, automating manual tasks and uncovering insights at scale, we create the space for people to focus on what truly matters: judgment, creativity, and big thinking. That is magic at work, and it’s what we show up for every day. Smartsheet is hiring a Senior Machine Learnin…",IT Jobs,2026-06-26T02:35:16Z,https://www.adzuna.in/details/5776765928?utm_medium=api&utm_source=3a1fdfd4,"for over 20 years, smartsheet has empowered teams to manage work seamlessly and scale solutions smarter. now, in our most ambitious chapter yet, we are uniting human teams with ai agents. by orchestrating the work agents do best, automating manual tasks and uncovering insights at scale, we create the space for people to focus on what truly matters: judgment, creativity, and big thinking. that is magic at work, and it’s what we show up for every day. smartsheet is hiring a senior machine learnin…",[],0,
data scientist,Data Science Instructor,upGrad,"Jaipur, Rajasthan",,,"Data Science Instructor (Jaipur) upGrad is expanding its Offline Learning Centres , and we are looking for a dynamic Data Science Instructor in Jaipur Key Responsibilities As a Instructor, you will play a vital role in ensuring high-quality learning outcomes: Deliver High-Impact Sessions: Conduct engaging, in-person lectures and hands-on training sessions in Data Science, Machine Learning, Deep Learning, and cutting-edge GenAI/Agentic AI frameworks. Project Mentorship: Guide learners through re…",IT Jobs,2026-07-18T18:10:14Z,https://www.adzuna.in/land/ad/5806140450?se=HGoyruuH8RGDt8XhBqbuuQ&utm_medium=api&utm_source=3a1fdfd4&v=6D2845F232523FDFE0FDD8CB7BC2306085E389FE,"data science instructor (jaipur) upgrad is expanding its offline learning centres , and we are looking for a dynamic data science instructor in jaipur key responsibilities as a instructor, you will play a vital role in ensuring high-quality learning outcomes: deliver high-impact sessions: conduct engaging, in-person lectures and hands-on training sessions in data science, machine learning, deep learning, and cutting-edge genai/agentic ai frameworks. project mentorship: guide learners through re…","['machine learning', 'deep learning']",2,"machine learning, deep learning"
data scientist,Data Science Instructor,upGrad,India,,,"Data Science & AI Instructor upGrad is expanding its Offline Learning Centres , and we are looking for a dynamic Data Science Instructor who is well-versed in cutting-edge technologies like Generative AI and Agentic AI . Key Responsibilities As a Instructor, you will play a vital role in ensuring high-quality learning outcomes: Deliver High-Impact Sessions: Conduct engaging, in-person lectures and hands-on training sessions in Data Science, Machine Learning, Deep Learning, and cutting-edge GenA…",IT Jobs,2026-07-03T17:37:09Z,https://www.adzuna.in/land/ad/5786785503?se=HGoyruuH8RGDt8XhBqbuuQ&utm_medium=api&utm_source=3a1fdfd4&v=A6B530F93C85F9C59F3E1A951CDEC1F1337D61A1,"data science & ai instructor upgrad is expanding its offline learning centres , and we are looking for a dynamic data science instructor who is well-versed in cutting-edge technologies like generative ai and agentic ai . key responsibilities as a instructor, you will play a vital role in ensuring high-quality learning outcomes: deliver high-impact sessions: conduct engaging, in-person lectures and hands-on training sessions in data science, machine learning, deep learning, and cutting-edge gena…","['machine learning', 'deep learning']",2,"machine learning, deep learning"
data scientist,Data Science Instructor,upGrad,"Jabalpur, Madhya Pradesh",,,"Job Title: Data Science Instructor – Offline Learning Centres Location: Jabalpur, Madhya Pradesh Working Days: 6 (Monday – Saturday) About upGrad Founded in 2015, upGrad is Asia’s largest integrated Learning, Skilling, Workforce Development, and Placement company. Its offerings include online and hybrid degrees, study abroad programs, certifications, bootcamps, and doctorates for working professionals. Through its B2B arm, upGrad also provides enterprise training, recruitment, and staffing serv…",IT Jobs,2026-07-18T18:07:28Z,https://www.adzuna.in/land/ad/5806136048?se=HGoyruuH8RGDt8XhBqbuuQ&utm_medium=api&utm_source=3a1fdfd4&v=BB4E40532B4907B481533311181CF608387E60F9,"job title: data science instructor – offline learning centres location: jabalpur, madhya pradesh working days: 6 (monday – saturday) about upgrad founded in 2015, upgrad is asia’s largest integrated learning, skilling, workforce development, and placement company. its offerings include online and hybrid degrees, study abroad programs, certifications, bootcamps, and doctorates for working professionals. through its b2b arm, upgrad also provides enterprise training, recruitment, and staffing serv…",[],0,
data scientist,Data Scientist III,LexisNexis Legal & Professional®,"Gurgaon, Haryana",,,"This job is with LexisNexis Legal & Professional®, an inclusive employer and a member of myGwork – the largest global platform for the LGBTQ business community. Please do not contact the recruiter directly. Job Description About our Team: LexisNexis Legal & Professional, which serves customers in more than 150 countries with 11,800 employees worldwide, is part of RELX, a global provider of information-based analytics and decision tools for professional and business customers. Our company has be…",IT Jobs,2026-07-18T22:16:31Z,https://www.adzuna.in/land/ad/5806275767?se=HGoyruuH8RGDt8XhBqbuuQ&utm_medium=api&utm_source=3a1fdfd4&v=9D11682B339FA297F2695D3D819920CAF951B693,"this job is with lexisnexis legal & professional®, an inclusive employer and a member of mygwork – the largest global platform for the lgbtq business community. please do not contact the recruiter directly. job description about our team: lexisnexis legal & professional, which serves customers in more than 150 countries with 11,800 employees worldwide, is part of relx, a global provider of information-based analytics and decision tools for professional and business customers. our company has be…",[],0,
data scientist,"Manager, Clinical Data Scientist",Pfizer,"Chennai, Tamil Nadu",,,"This job is with Pfizer, an inclusive employer and a member of myGwork – the largest global platform for the LGBTQ business community. Please do not contact the recruiter directly. As part of the Clinical Data and Information Sciences (CDIS)group, an integral delivery unit within the Clinical Development & Operations (CD&O)organization, the Clinical Data Scientist is responsible for representing CDIS at the study team level. The Clinical Data Scientistis accountable for the coordination of all …",Scientific & QA Jobs,2026-07-18T22:17:52Z,https://www.adzuna.in/land/ad/5806276878?se=HGoyruuH8RGDt8XhBqbuuQ&utm_medium=api&utm_source=3a1fdfd4&v=A2D8B833F5C3289785BF5FC911A1341207BCF4F5,"this job is with pfizer, an inclusive employer and a member of mygwork – the largest global platform for the lgbtq business community. please do not contact the recruiter directly. as part of the clinical data and information sciences (cdis)group, an integral delivery unit within the clinical development & operations (cd&o)organization, the clinical data scientist is responsible for representing cdis at the study team level. the clinical data scientistis accountable for the coordination of all …",[],0,
data scientist,"Vice President, Data Science",S&P Global,India,,,"This job is with S&P Global, an inclusive employer and a member of myGwork – the largest global platform for the LGBTQ business community. Please do not contact the recruiter directly. About the Role: Grade Level (for internal use): 15 The Team The Enterprise Solutions Technology team is dedicated to delivering next-generation, high-scale technology platforms through resilient architecture, data excellence, and engineering innovation. Our mission is to enhance our digital presence and improve c…",IT Jobs,2026-07-23T02:11:18Z,https://www.adzuna.in/land/ad/5811159087?se=HGoyruuH8RGDt8XhBqbuuQ&utm_medium=api&utm_source=3a1fdfd4&v=72DA4BF1539BBFF7907C5F48DC7F03264D3ABF00,"this job is with s&p global, an inclusive employer and a member of mygwork – the largest global platform for the lgbtq business community. please do not contact the recruiter directly. about the role: grade level (for internal use): 15 the team the enterprise solutions technology team is dedicated to delivering next-generation, high-scale technology platforms through resilient architecture, data excellence, and engineering innovation. our mission is to enhance our digital presence and improve c…","['excel', 'git']",2,"excel, git"
data scientist,"Associate Expert Data Science, Data & Digital",Novartis,India,,,"This job is with Novartis, an inclusive employer and a member of myGwork – the largest global platform for the LGBTQ business community. Please do not contact the recruiter directly. Summary Design, development, and deployment of advanced AI, GenAI, and data-driven solutions that address complex business challenges and deliver scalable business value. Partner with stakeholders across TRD to understand business needs, translate requirements into robust technical architectures, and oversee the en…",IT Jobs,2026-07-25T03:49:00Z,https://www.adzuna.in/land/ad/5814528645?se=HGoyruuH8RGDt8XhBqbuuQ&utm_medium=api&utm_source=3a1fdfd4&v=7ADB5DBFA9AF510517A320CA05663D6BC7FC2E98,"this job is with novartis, an inclusive employer and a member of mygwork – the largest global platform for the lgbtq business community. please do not contact the recruiter directly. summary design, development, and deployment of advanced ai, genai, and data-driven solutions that address complex business challenges and deliver scalable business value. partner with stakeholders across trd to understand business needs, translate requirements into robust technical architectures, and oversee the en…",['scala'],1,scala
data scientist,Part time Data Science Instructor,upGrad,"Chandigarh, India",,,"Part-Time Data Science & AI Instructor (Chandigarh) upGrad is expanding its Offline Learning Centres , and we are looking for a dynamic, part-time Data Science Instructor in Chandigarh who is well-versed in cutting-edge technologies like Generative AI and Agentic AI . If you want to balance your current professional commitments while mentoring ambitious students and working professionals in a classroom setting, this is the perfect role for you! Type: Part-Time Location: Chandigarh (In-person cl…",Part time Jobs,2026-07-03T17:35:51Z,https://www.adzuna.in/land/ad/5786785222?se=HGoyruuH8RGDt8XhBqbuuQ&utm_medium=api&utm_source=3a1fdfd4&v=78D6E4552F3A298AAD947A4F7456D861BB972055,"part-time data science & ai instructor (chandigarh) upgrad is expanding its offline learning centres , and we are looking for a dynamic, part-time data science instructor in chandigarh who is well-versed in cutting-edge technologies like generative ai and agentic ai . if you want to balance your current professional commitments while mentoring ambitious students and working professionals in a classroom setting, this is the perfect role for you! type: part-time location: chandigarh (in-person cl…",[],0,
data scientist,Assistant Professor - MTech(CSE/Data Science/AIML),Presidency University Bangalore,"Bangalore, Karnataka",,,"Department: Computer Science & Engineering Reports To: Head of Department (HOD) / Dean of Engineering Job Type: Full-time Job Purpose To deliver high-quality instruction to undergraduate (B.Tech) and postgraduate (M.Tech) students, conduct impactful research, mentor students, and contribute to the administrative growth of the department. Key Responsibilities 1. Teaching and Learning (Pedagogy) Prepare and deliver lectures, laboratory sessions, and tutorials based on the university curriculum. D…",Teaching Jobs,2026-07-14T15:44:37Z,https://www.adzuna.in/land/ad/5799881153?se=HGoyruuH8RGDt8XhBqbuuQ&utm_medium=api&utm_source=3a1fdfd4&v=DCEA0EDECD41BB23CA7675F69EE3401385D2608A,"department: computer science & engineering reports to: head of department (hod) / dean of engineering job type: full-time job purpose to deliver high-quality instruction to undergraduate (b.tech) and postgraduate (m.tech) students, conduct impactful research, mentor students, and contribute to the administrative growth of the department. key responsibilities 1. teaching and learning (pedagogy) prepare and deliver lectures, laboratory sessions, and tutorials based on the university curriculum. d…",[],0,
data scientist,"Senior Associate, Data Manager, Clinical Data Sciences",Pfizer,"Mumbai, Maharashtra",,,"This job is with Pfizer, an inclusive employer and a member of myGwork – the largest global platform for the LGBTQ business community. Please do not contact the recruiter directly. Use Your Power for Purpose Our mission is straightforward: support healthcare decisions that ensure the safe and effective use of medications. Whether you are developing the framework to ensure our evidence is scientifically robust, providing unbiased and medically essential expertise, or exploring ways to bridge dat…",Scientific & QA Jobs,2026-07-18T22:16:31Z,https://www.adzuna.in/land/ad/5806275770?se=HGoyruuH8RGDt8XhBqbuuQ&utm_medium=api&utm_source=3a1fdfd4&v=241774B679492D11DEE59E9329D7FA586BD2C250,"this job is with pfizer, an inclusive employer and a member of mygwork – the largest global platform for the lgbtq business community. please do not contact the recruiter directly. use your power for purpose our mission is straightforward: support healthcare decisions that ensure the safe and effective use of medications. whether you are developing the framework to ensure our evidence is scientifically robust, providing unbiased and medically essential expertise, or exploring ways to bridge dat…",[],0,
data scientist,ABB Talent Pool(Unpause - Returnee program) - Technology and Data Science,ABB,"Bangalore, Karnataka",,,"This job is with ABB, an inclusive employer and a member of myGwork – the largest global platform for the LGBTQ business community. Please do not contact the recruiter directly. At ABB, we help industries outrun - leaner and cleaner. Here, progress is an expectation - for you, your team, and the world. As a global market leader, we’ll give you what you need to make it happen. It won’t always be easy, growing takes grit. But at ABB, you’ll never run alone. Run what runs the world. This Position …",IT Jobs,2026-07-03T00:54:23Z,https://www.adzuna.in/land/ad/5785772182?se=HGoyruuH8RGDt8XhBqbuuQ&utm_medium=api&utm_source=3a1fdfd4&v=42B55A7F5E51E946663DF8E8BD77240E99C71583,"this job is with abb, an inclusive employer and a member of mygwork – the largest global platform for the lgbtq business community. please do not contact the recruiter directly. at abb, we help industries outrun - leaner and cleaner. here, progress is an expectation - for you, your team, and the world. as a global market leader, we’ll give you what you need to make it happen. it won’t always be easy, growing takes grit. but at abb, you’ll never run alone. run what runs the world. this position …",[],0,
data scientist,Senior Expert Data Science & AI (Low Molecular Weight Drug Discovery),Novartis,India,,,"This job is with Novartis, an inclusive employer and a member of myGwork – the largest global platform for the LGBTQ business community. Please do not contact the recruiter directly. Summary Job Title: Senior Expert Data Science & AI (Low Molecular Weight Drug Discovery) LI-Hybrid Location: Hyderabad, India Relocation Support: Yes Step into a role where cutting-edge AI meets life-changing science-drive breakthroughs in drug discovery by shaping how intelligent systems design the next generation…",IT Jobs,2026-07-07T05:28:17Z,https://www.adzuna.in/land/ad/5790410125?se=HGoyruuH8RGDt8XhBqbuuQ&utm_medium=api&utm_source=3a1fdfd4&v=3DC392263593B98BC1C922FD69F481A6AC33DC14,"this job is with novartis, an inclusive employer and a member of mygwork – the largest global platform for the lgbtq business community. please do not contact the recruiter directly. summary job title: senior expert data science & ai (low molecular weight drug discovery) li-hybrid location: hyderabad, india relocation support: yes step into a role where cutting-edge ai meets life-changing science-drive breakthroughs in drug discovery by shaping how intelligent systems design the next generation…",[],0,
data scientist,"Assistant Professor of Computer Science (Data Science, AI - ML, Cyber Security)",Ganpat University Goa,"Goa, India",,,"Designation: Assistant Professor - Computer Science (Data Science, AI - ML, Cyber Security) Job Description 1. Teaching & Learning Deliver lectures and tutorials to undergraduate and postgraduate students. Design and update curriculum in alignment with industry and academic standards. Use modern pedagogical techniques and e-learning tools. Conduct evaluations, assessments, and student performance reviews. Supervise final-year projects, dissertations, and student research work. 2. Research & Pub…",Scientific & QA Jobs,2026-07-04T17:07:19Z,https://www.adzuna.in/land/ad/5787965226?se=HGoyruuH8RGDt8XhBqbuuQ&utm_medium=api&utm_source=3a1fdfd4&v=EAB62DE5DAE8577874372D691AC10A1268131FAB,"designation: assistant professor - computer science (data science, ai - ml, cyber security) job description 1. teaching & learning deliver lectures and tutorials to undergraduate and postgraduate students. design and update curriculum in alignment with industry and academic standards. use modern pedagogical techniques and e-learning tools. conduct evaluations, assessments, and student performance reviews. supervise final-year projects, dissertations, and student research work. 2. research & pub…",[],0,
data scientist,"Agentic AI Engineer for AI &DS, BSI",Novartis,India,,,"This job is with Novartis, an inclusive employer and a member of myGwork – the largest global platform for the LGBTQ business community. Please do not contact the recruiter directly. Summary -Level 4: Data Scientist 1 Location: Hyderabad | LI-Hybrid About the Position The AI and Data Science Operations (BSI) team at Novartis is committed to enhancing decision-making by leveraging advanced AI technologies to deliver actionable insights that improve performance and productivity. We work closely w…",IT Jobs,2026-07-03T00:54:19Z,https://www.adzuna.in/land/ad/5785771743?se=HGoyruuH8RGDt8XhBqbuuQ&utm_medium=api&utm_source=3a1fdfd4&v=F6DC64E0C8FB2D27FC25CBE24085394F367A2687,"this job is with novartis, an inclusive employer and a member of mygwork – the largest global platform for the lgbtq business community. please do not contact the recruiter directly. summary -level 4: data scientist 1 location: hyderabad | li-hybrid about the position the ai and data science operations (bsi) team at novartis is committed to enhancing decision-making by leveraging advanced ai technologies to deliver actionable insights that improve performance and productivity. we work closely w…",[],0,
data scientist,Assistant Professor – Computer Science & Engineering (AI & ML),Brainware University,"Kolkata, West Bengal",,,"Brainware University, Barasat, West Bengal, India (On-site)  We Are Hiring: Assistant Professor – Computer Science & Engineering (AI & ML) Are you a passionate academician in Computer Science, Artificial Intelligence, Machine Learning, Data Science, or allied emerging technologies ? Do you want to build a career in a research-driven, innovation-focused university that values teaching excellence, publications, funded projects, and AI-enabled learning ? Brainware University invites applications f…",Teaching Jobs,2026-07-01T17:19:23Z,https://www.adzuna.in/land/ad/5783569310?se=HGoyruuH8RGDt8XhBqbuuQ&utm_medium=api&utm_source=3a1fdfd4&v=510C23BD2415EECEC8040713A0879ED9A19E74AF,"brainware university, barasat, west bengal, india (on-site) we are hiring: assistant professor – computer science & engineering (ai & ml) are you a passionate academician in computer science, artificial intelligence, machine learning, data science, or allied emerging technologies ? do you want to build a career in a research-driven, innovation-focused university that values teaching excellence, publications, funded projects, and ai-enabled learning ? brainware university invites applications f…","['excel', 'machine learning']",2,"excel, machine learning"
data scientist,"Manager, Project Manager, Clinical Data Collection Strategies",Pfizer,"Chennai, Tamil Nadu",,,"This job is with Pfizer, an inclusive employer and a member of myGwork – the largest global platform for the LGBTQ business community. Please do not contact the recruiter directly. Use Your Power for Purpose At Pfizer, our mission is to empower healthcare decisions regarding the safe and appropriate use of medicines for patients. You will play a pivotal role in improving patients' lives by ensuring the accuracy, timeliness, and consistency of clinical data. Your work will bridge evidence-based …",Healthcare & Nursing Jobs,2026-07-14T17:59:32Z,https://www.adzuna.in/land/ad/5799922128?se=HGoyruuH8RGDt8XhBqbuuQ&utm_medium=api&utm_source=3a1fdfd4&v=CBCC9687724F8D817264945296618951509D0A69,"this job is with pfizer, an inclusive employer and a member of mygwork – the largest global platform for the lgbtq business community. please do not contact the recruiter directly. use your power for purpose at pfizer, our mission is to empower healthcare decisions regarding the safe and appropriate use of medicines for patients. you will play a pivotal role in improving patients' lives by ensuring the accuracy, timeliness, and consistency of clinical data. your work will bridge evidence-based …",[],0,
data scientist,"Director Business Analytics, AI & Decision Intelligence",Amber,India,,,"Director Business Analytics, AI & Decision Intelligence About Amber Amber is the leading student housing platform globally, helping students find and book long-term accommodation near their universities. Think of Amber as Booking.com for student housing. Today, Amber serves students from over 160 countries and partners with leading property operators and universities across major education destinations worldwide. Backed by leading investors including Gaja Capital, Amber is building the operatin…",IT Jobs,2026-07-15T22:26:28Z,https://www.adzuna.in/land/ad/5801395632?se=HGoyruuH8RGDt8XhBqbuuQ&utm_medium=api&utm_source=3a1fdfd4&v=A392C8C4A39E83DA0A94690581B789DBA2574BF2,"director business analytics, ai & decision intelligence about amber amber is the leading student housing platform globally, helping students find and book long-term accommodation near their universities. think of amber as booking.com for student housing. today, amber serves students from over 160 countries and partners with leading property operators and universities across major education destinations worldwide. backed by leading investors including gaja capital, amber is building the operatin…",[],0,
data scientist,Sr. Operations Manager,Novartis,India,,,"This job is with Novartis, an inclusive employer and a member of myGwork – the largest global platform for the LGBTQ business community. Please do not contact the recruiter directly. Summary Role Summary The Senior Operations Manager is responsible for the operations, reliability, security, and user enablement of the Novartis Biomedical Research Data Science Environments (DSE), MLOps capabilities, and platforms. The role ensures scientists, data scientists, and AI/ML engineers have a stable, co…",IT Jobs,2026-07-25T03:48:54Z,https://www.adzuna.in/land/ad/5814528561?se=HGoyruuH8RGDt8XhBqbuuQ&utm_medium=api&utm_source=3a1fdfd4&v=77273C68C70BC65FF6F098A7260ED03E6DA84345,"this job is with novartis, an inclusive employer and a member of mygwork – the largest global platform for the lgbtq business community. please do not contact the recruiter directly. summary role summary the senior operations manager is responsible for the operations, reliability, security, and user enablement of the novartis biomedical research data science environments (dse), mlops capabilities, and platforms. the role ensures scientists, data scientists, and ai/ml engineers have a stable, co…",[],0,
data scientist,Associate Professor - Computer Science Engineering,Dayananda Sagar University,"Bangalore, Karnataka",,,"Job Description: Associate Professor - Computer Science Cluster About Dayananda Sagar University (DSU), Bangalore - School of Engineering (SoE) , invites applications for Associate Professor in Computer Science cluster (including CSE, AI/ML, Data Science, Cyber Security, etc.) . Candidates must hold B.Tech, M.Tech, and Ph.D. exclusively in CS Engineering disciplines, with 10-15 years of relevant teaching/research/industry experience. Key Responsibilities Deliver high-quality undergraduate and p…",Teaching Jobs,2026-07-18T02:11:48Z,https://www.adzuna.in/land/ad/5805164609?se=HGoyruuH8RGDt8XhBqbuuQ&utm_medium=api&utm_source=3a1fdfd4&v=6438738FAB8AEBF9FDDF0F3E5588F9C329AD8577,"job description: associate professor - computer science cluster about dayananda sagar university (dsu), bangalore - school of engineering (soe) , invites applications for associate professor in computer science cluster (including cse, ai/ml, data science, cyber security, etc.) . candidates must hold b.tech, m.tech, and ph.d. exclusively in cs engineering disciplines, with 10-15 years of relevant teaching/research/industry experience. key responsibilities deliver high-quality undergraduate and p…",[],0,
data scientist,Project Manager,Acuity Analytics,India,,,"Job Purpose Support the successful delivery of AI and technology-related initiatives within the Risk function through effective project governance, stakeholder engagement, dependency management, and execution oversight. Act as a central point of coordination across Risk, Technology, Data Science, and business teams, ensuring projects remain on track, risks and issues are proactively managed, and stakeholders are aligned on delivery objectives. Drive project transparency, governance, and executi…",IT Jobs,2026-07-22T16:53:06Z,https://www.adzuna.in/land/ad/5810845488?se=HGoyruuH8RGDt8XhBqbuuQ&utm_medium=api&utm_source=3a1fdfd4&v=6F92DBE24524EA98C354012B8228F74D9A1DF345,"job purpose support the successful delivery of ai and technology-related initiatives within the risk function through effective project governance, stakeholder engagement, dependency management, and execution oversight. act as a central point of coordination across risk, technology, data science, and business teams, ensuring projects remain on track, risks and issues are proactively managed, and stakeholders are aligned on delivery objectives. drive project transparency, governance, and executi…",[],0,
data scientist,AI-enabled Scientific Computing Expert - Drug Product Development,Novartis,India,,,"This job is with Novartis, an inclusive employer and a member of myGwork – the largest global platform for the LGBTQ business community. Please do not contact the recruiter directly. Summary We are looking for an AI-enabled Scientific Computing Expert to strengthen Drug Product development capabilities within a global CMC organization. In this role, you will focus on how AI, data science, and modeling can improve decision-making in CMC, from early formulation development to commercial manufactu…",IT Jobs,2026-07-03T00:54:11Z,https://www.adzuna.in/land/ad/5785770801?se=HGoyruuH8RGDt8XhBqbuuQ&utm_medium=api&utm_source=3a1fdfd4&v=A001F37CE2580A18ABF7078FB7C8D05E29D4C7BD,"this job is with novartis, an inclusive employer and a member of mygwork – the largest global platform for the lgbtq business community. please do not contact the recruiter directly. summary we are looking for an ai-enabled scientific computing expert to strengthen drug product development capabilities within a global cmc organization. in this role, you will focus on how ai, data science, and modeling can improve decision-making in cmc, from early formulation development to commercial manufactu…",[],0,
data scientist,Associate / Assistant Professor - Business Analytics,DBS Global University,"Dehradun, Uttarakhand",,,"Assistant Professor / Associate Professor – Business Analytics (School of Management / Business School) Role Overview DBS Global University is seeking highly accomplished, research-oriented, and industry-aligned academicians for the position of Assistant Professor / Associate Professor – Business Analytics to contribute towards academic excellence, research leadership, curriculum innovation, and development of future-ready business professionals. We are looking for faculty members with strong e…",Teaching Jobs,2026-06-27T14:59:31Z,https://www.adzuna.in/land/ad/5778922512?se=HGoyruuH8RGDt8XhBqbuuQ&utm_medium=api&utm_source=3a1fdfd4&v=B0D454245580AA66E116D639E7AB1D4240036D64,"assistant professor / associate professor – business analytics (school of management / business school) role overview dbs global university is seeking highly accomplished, research-oriented, and industry-aligned academicians for the position of assistant professor / associate professor – business analytics to contribute towards academic excellence, research leadership, curriculum innovation, and development of future-ready business professionals. we are looking for faculty members with strong e…",['excel'],1,excel
data scientist,Assistant Professor of Computer Science,"SRM Institute of Science and Technology, Kattankulathur Campus",India,,,"SRM Institute of Science & Technology, Kattankulathur Campus, Chengalpattu Opening in School of Computing under 4 departments Computing Technologies Computational Intelligence Network and Communications Data Science and Business Systems Opening for Assistant Professor Experience - 0 to 18 years can apply Ph.D Specialization in CSE, IT, AI, ICE, Machine learning & Deep learning techniques. UG any degree, PG in M.E or M.Tech related to computer Science background. Note: Ph.D completed or Thesis S…",IT Jobs,2026-05-27T18:13:26Z,https://www.adzuna.in/land/ad/5742257783?se=HGoyruuH8RGDt8XhBqbuuQ&utm_medium=api&utm_source=3a1fdfd4&v=5B2079667667CB7E6004F6E1E1A71D70D49BBB13,"srm institute of science & technology, kattankulathur campus, chengalpattu opening in school of computing under 4 departments computing technologies computational intelligence network and communications data science and business systems opening for assistant professor experience - 0 to 18 years can apply ph.d specialization in cse, it, ai, ice, machine learning & deep learning techniques. ug any degree, pg in m.e or m.tech related to computer science background. note: ph.d completed or thesis s…","['machine learning', 'deep learning', 'communication']",3,"machine learning, deep learning, communication"
data scientist,Copy of Senior Insights Analyst,WPP Production,"Chennai, Tamil Nadu",,,"This job is with WPP Production, an inclusive employer and a member of myGwork – the largest global platform for the LGBTQ business community. Please do not contact the recruiter directly. About WPP Production We are WPP Production - the unified global production company that brings together all of WPP's content producers, studios and craft experts into one connected organisation. We combine world-class human craft with next generation technology to originate, design, and deliver multi-channel …",IT Jobs,2026-07-25T03:48:53Z,https://www.adzuna.in/land/ad/5814528558?se=HGoyruuH8RGDt8XhBqbuuQ&utm_medium=api&utm_source=3a1fdfd4&v=B5E1F09F0C79F397C26BCD1387EA6244E8EB2197,"this job is with wpp production, an inclusive employer and a member of mygwork – the largest global platform for the lgbtq business community. please do not contact the recruiter directly. about wpp production we are wpp production - the unified global production company that brings together all of wpp's content producers, studios and craft experts into one connected organisation. we combine world-class human craft with next generation technology to originate, design, and deliver multi-channel …",[],0,
data scientist,Assistant Professor,"Birla Institute of Technology and Science, Pilani","Bangalore, Karnataka",,,"Post / Job Title: Assistant Professor Job Type: Full Time No. of Positions : 3 Department : Academic Location: Bangalore Role Overview: The incumbent will play a pivotal role in shaping and delivering high-quality, industry-aligned educational content for our online courses and programmes. The role will include curriculum development, teaching, assessment, and ensuring the overall quality of programme delivery. Faculty members will also manage a large pool of guest/adjunct faculty and teaching …",IT Jobs,2026-07-07T18:21:51Z,https://www.adzuna.in/land/ad/5790968503?se=HGoyruuH8RGDt8XhBqbuuQ&utm_medium=api&utm_source=3a1fdfd4&v=A7ACB0EDE8AB7E2E1E4844AF14313498DD2E0267,"post / job title: assistant professor job type: full time no. of positions : 3 department : academic location: bangalore role overview: the incumbent will play a pivotal role in shaping and delivering high-quality, industry-aligned educational content for our online courses and programmes. the role will include curriculum development, teaching, assessment, and ensuring the overall quality of programme delivery. faculty members will also manage a large pool of guest/adjunct faculty and teaching …",[],0,
data scientist,Assistant Professor of Computer Science,Manav Rachna International Institute of Research & Studies,"Faridabad, Haryana",,,Key Responsibilities: Develop and deliver engaging course content Assess and evaluate student performance Conduct research and publish findings in academic journals Participate in departmental meetings and committees Mentor and advise students on academic and career paths Stay updated with the latest advancements in computer science Qualifications: Ph.D. in Computer Science or a related field Minimum of 3 years of teaching experience at the university level Demonstrated research experience with…,Teaching Jobs,2026-06-11T21:11:40Z,https://www.adzuna.in/land/ad/5760052496?se=HGoyruuH8RGDt8XhBqbuuQ&utm_medium=api&utm_source=3a1fdfd4&v=FBFF47F02B8AF8641B62BE3825366489ECB1DF96,key responsibilities: develop and deliver engaging course content assess and evaluate student performance conduct research and publish findings in academic journals participate in departmental meetings and committees mentor and advise students on academic and career paths stay updated with the latest advancements in computer science qualifications: ph.d. in computer science or a related field minimum of 3 years of teaching experience at the university level demonstrated research experience with…,[],0,
data scientist,Senior AI Engineer,MSCI,"Mumbai, Maharashtra",,,"This job is with MSCI, an inclusive employer and a member of myGwork – the largest global platform for the LGBTQ business community. Please do not contact the recruiter directly. Your Team Responsibilities: MSCI Data Tech - Data Science is a central team responsible for building and managing data-centric and AI-driven applications and capabilities that support all major business verticals across the firm, including ESG, Index, Analytics, and Real Estate . The team enables high-quality financial…",IT Jobs,2026-07-07T05:28:33Z,https://www.adzuna.in/land/ad/5790410350?se=HGoyruuH8RGDt8XhBqbuuQ&utm_medium=api&utm_source=3a1fdfd4&v=C8EFA00F255149456A652085465A7BBCF1B6AB6E,"this job is with msci, an inclusive employer and a member of mygwork – the largest global platform for the lgbtq business community. please do not contact the recruiter directly. your team responsibilities: msci data tech - data science is a central team responsible for building and managing data-centric and ai-driven applications and capabilities that support all major business verticals across the firm, including esg, index, analytics, and real estate . the team enables high-quality financial…",[],0,
data scientist,Associate / Assistant Professor - Advanced Computing,DBS Global University,"Dehradun, Uttarakhand",,,DBS Global University (formerly Doon Business School Group) is looking for dynamic academic leaders and researchers for its School of Advanced Computing in Dehradun. Open Positions Associate Professor Assistant Professor Specializations Required Artificial Intelligence & Machine Learning (AI/ML) Data Science & Big Data Analytics Cyber Security & Digital Forensics Cloud Computing & DevOps Full Stack Development / Software Engineering Robotics IOT Drone Technology iOS Development Eligibility Crit…,IT Jobs,2026-06-27T15:00:30Z,https://www.adzuna.in/land/ad/5778926218?se=HGoyruuH8RGDt8XhBqbuuQ&utm_medium=api&utm_source=3a1fdfd4&v=0BD8DDB20FCDA19F3B4025FAC77720CA8E9471C0,dbs global university (formerly doon business school group) is looking for dynamic academic leaders and researchers for its school of advanced computing in dehradun. open positions associate professor assistant professor specializations required artificial intelligence & machine learning (ai/ml) data science & big data analytics cyber security & digital forensics cloud computing & devops full stack development / software engineering robotics iot drone technology ios development eligibility crit…,"['machine learning', 'git', 'big data']",3,"machine learning, git, big data"
data scientist,S&C Global Network - AI - Supply Chain Analytics - Consultant,Accenture,"Mumbai, Maharashtra",,,"This job is with Accenture, an inclusive employer and a member of myGwork – the largest global platform for the LGBTQ business community. Please do not contact the recruiter directly. Entity : - Accenture Strategy & Consulting Team : - Strategy & Consulting - Global Network Practice : - Supply Chian Analytics Title : - Ind & Func AI Decision Science Consultant Job location : - Bangalore/Gurgaon/Hyderabad/ Mumbai Explore an Exciting Career at Accenture Do you believe in creating an impact? Are y…",IT Jobs,2026-07-23T22:17:17Z,https://www.adzuna.in/land/ad/5812528434?se=HGoyruuH8RGDt8XhBqbuuQ&utm_medium=api&utm_source=3a1fdfd4&v=256309E3442F48C74D9F23E0CEC5B4EFFB29D50E,"this job is with accenture, an inclusive employer and a member of mygwork – the largest global platform for the lgbtq business community. please do not contact the recruiter directly. entity : - accenture strategy & consulting team : - strategy & consulting - global network practice : - supply chian analytics title : - ind & func ai decision science consultant job location : - bangalore/gurgaon/hyderabad/ mumbai explore an exciting career at accenture do you believe in creating an impact? are y…",[],0,
data scientist,Associate Director Business Intelligence,Randstad Enterprise,"Hyderabad, Telangana",,,"Randstad Enterprise is a global talent leader, providing solutions and expertise that help companies position for growth, execute on strategy, and improve business agility. Sourceright's experience encompasses all facets of the talent acquisition of permanent employees and the contingent and contractor workforce. Key offerings include Managed Services Provider (MSP) programs, Recruitment Process Outsourcing (RPO) and Blended Workforce Solutions. The purpose of the Global Business Intelligence A…",IT Jobs,2026-07-15T22:26:33Z,https://www.adzuna.in/land/ad/5801396132?se=HGoyruuH8RGDt8XhBqbuuQ&utm_medium=api&utm_source=3a1fdfd4&v=7CBE88D1D5AD77B39D5A743AD3AA11BA6110BA5B,"randstad enterprise is a global talent leader, providing solutions and expertise that help companies position for growth, execute on strategy, and improve business agility. sourceright's experience encompasses all facets of the talent acquisition of permanent employees and the contingent and contractor workforce. key offerings include managed services provider (msp) programs, recruitment process outsourcing (rpo) and blended workforce solutions. the purpose of the global business intelligence a…",[],0,
data scientist,Assistant Professor / Associate Professor / Professor Computer Science & Engineering and Adjacent Disciplines,Woxsen University,"Hyderabad, Telangana",,,"Woxsen University is one of India's leading private universities, recognized for academic excellence, global engagement, interdisciplinary education, and research-led innovation. The School of Technology is committed to developing future-ready engineers and researchers who solve real-world challenges through cutting-edge teaching, impactful research, and strong industry collaboration. We invite applications from exceptional academics and researchers for faculty positions at the Assistant Profes…",Teaching Jobs,2026-07-10T15:26:22Z,https://www.adzuna.in/land/ad/5795462718?se=HGoyruuH8RGDt8XhBqbuuQ&utm_medium=api&utm_source=3a1fdfd4&v=23008571310C2E9CBB1C8B4195B8F3BE3A2BAF9A,"woxsen university is one of india's leading private universities, recognized for academic excellence, global engagement, interdisciplinary education, and research-led innovation. the school of technology is committed to developing future-ready engineers and researchers who solve real-world challenges through cutting-edge teaching, impactful research, and strong industry collaboration. we invite applications from exceptional academics and researchers for faculty positions at the assistant profes…",['excel'],1,excel
data scientist,Customer Success Consultant,Asper.ai,"Bangalore, Karnataka",,,"Customer Success – Solutions Location: Bengaluru Type: Full-Time About Asper.ai Asper.ai is an AI-powered SaaS company focused on transforming enterprise decision-making through Demand Planning and Revenue Growth Management (RGM) solutions for the Consumer Packaged Goods (CPG) industry. As a Customer Success – Solutions professional, you will serve as a trusted advisor to enterprise clients, driving successful product implementations, enabling adoption, delivering business value, and shaping pr…",IT Jobs,2026-06-27T14:58:29Z,https://www.adzuna.in/land/ad/5778920121?se=HGoyruuH8RGDt8XhBqbuuQ&utm_medium=api&utm_source=3a1fdfd4&v=123752B2133EE93E827B67F305F4A73E0DA33164,"customer success – solutions location: bengaluru type: full-time about asper.ai asper.ai is an ai-powered saas company focused on transforming enterprise decision-making through demand planning and revenue growth management (rgm) solutions for the consumer packaged goods (cpg) industry. as a customer success – solutions professional, you will serve as a trusted advisor to enterprise clients, driving successful product implementations, enabling adoption, delivering business value, and shaping pr…",[],0,
data scientist,"Principal Scientist I, (QSP) - Modeling & Simultion",Novartis,India,,,"This job is with Novartis, an inclusive employer and a member of myGwork – the largest global platform for the LGBTQ business community. Please do not contact the recruiter directly. Summary In this role, you will work closely with PKS M&S, Therapeutic Areas, and multidisciplinary teams to develop and apply quantitative disease models that inform key scientific and development decisions. You will contribute to the development of mechanistic disease models, support model-informed insights, and h…",Scientific & QA Jobs,2026-07-03T00:54:25Z,https://www.adzuna.in/land/ad/5785772384?se=HGoyruuH8RGDt8XhBqbuuQ&utm_medium=api&utm_source=3a1fdfd4&v=95A417478D445F0C1C453AF57031CDB3584E0D9E,"this job is with novartis, an inclusive employer and a member of mygwork – the largest global platform for the lgbtq business community. please do not contact the recruiter directly. summary in this role, you will work closely with pks m&s, therapeutic areas, and multidisciplinary teams to develop and apply quantitative disease models that inform key scientific and development decisions. you will contribute to the development of mechanistic disease models, support model-informed insights, and h…",[],0,
data scientist,Credit Portfolio Manager,Confidential Careers,India,,,"RESPONSIBILITIES: Work with internal partners to develop a robust portfolio management framework and a comprehensive credit & fraud risk management infrastructure for the Digital Bank. Define the credit & portfolio management strategy, focusing primarily on Consumer products, Merchant lending, and SME lending portfolios. Establish credit risk appetite and thresholds for the product portfolios. Develop a comprehensive process and build credit portfolio monitoring and control systems to assess, i…",Accounting & Finance Jobs,2026-07-05T05:29:50Z,https://www.adzuna.in/land/ad/5788599321?se=HGoyruuH8RGDt8XhBqbuuQ&utm_medium=api&utm_source=3a1fdfd4&v=1D353D578E7F01D793D6E0311B2A98584BAEF146,"responsibilities: work with internal partners to develop a robust portfolio management framework and a comprehensive credit & fraud risk management infrastructure for the digital bank. define the credit & portfolio management strategy, focusing primarily on consumer products, merchant lending, and sme lending portfolios. establish credit risk appetite and thresholds for the product portfolios. develop a comprehensive process and build credit portfolio monitoring and control systems to assess, i…",['git'],1,git
data scientist,Assistant Professor – Computer Engineering,Vishwakarma Institute Of Technology,India,,,"About the Role We are seeking a passionate and qualified Assistant Professor in Computer Engineering to join our dynamic academic team. The successful candidate will be responsible for delivering high-quality education, mentoring students, conducting research, and contributing to institutional excellence through innovation, industry collaboration, and academic administration. Key Responsibilities Deliver engaging lectures and practical sessions for Undergraduate (UG) . Develop and continuously …",Teaching Jobs,2026-07-18T18:06:21Z,https://www.adzuna.in/land/ad/5806135466?se=HGoyruuH8RGDt8XhBqbuuQ&utm_medium=api&utm_source=3a1fdfd4&v=C9E1E2B3ABF2BFC3FB9721115868E53F423DD423,"about the role we are seeking a passionate and qualified assistant professor in computer engineering to join our dynamic academic team. the successful candidate will be responsible for delivering high-quality education, mentoring students, conducting research, and contributing to institutional excellence through innovation, industry collaboration, and academic administration. key responsibilities deliver engaging lectures and practical sessions for undergraduate (ug) . develop and continuously …",['excel'],1,excel
data scientist,DS & AI Full Stack Engineer,Pfizer,"Mumbai, Maharashtra",,,"This job is with Pfizer, an inclusive employer and a member of myGwork – the largest global platform for the LGBTQ business community. Please do not contact the recruiter directly. Job Description ROLE SUMMARY The AI Acceleration (AIA) function within the Chief Marketing Office (CMO) is the single, business-led engine that owns the design, delivery, and scale-up of priority AI capabilities across Commercial. AIA works in tight collaboration with various Pfizer functions to deploy and maintain p…",IT Jobs,2026-07-23T02:11:11Z,https://www.adzuna.in/land/ad/5811159050?se=HGoyruuH8RGDt8XhBqbuuQ&utm_medium=api&utm_source=3a1fdfd4&v=7DFD56B72967366FE9A1A88C97A3FC4E0933837B,"this job is with pfizer, an inclusive employer and a member of mygwork – the largest global platform for the lgbtq business community. please do not contact the recruiter directly. job description role summary the ai acceleration (aia) function within the chief marketing office (cmo) is the single, business-led engine that owns the design, delivery, and scale-up of priority ai capabilities across commercial. aia works in tight collaboration with various pfizer functions to deploy and maintain p…",[],0,
data scientist,"Sr.Manager / Manger, ZBS FP&A Project",ZEISS India,"Bangalore, Karnataka",,,"Key Responsibilities: Primary Duties and Responsibilities: Lead the design and delivery of Power BI solutions for FP&A, including dashboards, scorecards, and standardized reporting to support budgeting, forecasting, month-end analysis, and management decision-making. Build and maintain scalable financial data models, KPIs, and calculations in Power BI by integrating data from ERP, Excel, and other source systems to ensure accuracy, consistency, and trusted reporting outputs. Partner closely wit…",IT Jobs,2026-06-05T17:22:04Z,https://www.adzuna.in/land/ad/5753194518?se=HGoyruuH8RGDt8XhBqbuuQ&utm_medium=api&utm_source=3a1fdfd4&v=CC91565C3739F4B9BB3DACF033DB1D4267125472,"key responsibilities: primary duties and responsibilities: lead the design and delivery of power bi solutions for fp&a, including dashboards, scorecards, and standardized reporting to support budgeting, forecasting, month-end analysis, and management decision-making. build and maintain scalable financial data models, kpis, and calculations in power bi by integrating data from erp, excel, and other source systems to ensure accuracy, consistency, and trusted reporting outputs. partner closely wit…","['excel', 'power bi', 'scala']",3,"excel, power bi, scala"
data scientist,Assistant Professor- Computer Science and Engineering,Amity University,"Noida, Ghaziabad",,,"Amity University is a highly research-oriented, Innovation-driven and Inter-disciplinary University accredited by the NAAC with grade 'A' and ranked 22 by NIRF. It has over 35,000 students at its campus in Noida (Delhi NCR) . The University is ranked amongst the top 3% of universities globally and has the Highest US and UK accreditations . The large National and Global network of Amity Universities and Institutions provides immense opportunities for joint research and mobility through its stron…",IT Jobs,2026-07-04T17:06:15Z,https://www.adzuna.in/land/ad/5787964850?se=HGoyruuH8RGDt8XhBqbuuQ&utm_medium=api&utm_source=3a1fdfd4&v=704C8C74D98153FDA23CD7084C5D134794FD7FCF,"amity university is a highly research-oriented, innovation-driven and inter-disciplinary university accredited by the naac with grade 'a' and ranked 22 by nirf. it has over 35,000 students at its campus in noida (delhi ncr) . the university is ranked amongst the top 3% of universities globally and has the highest us and uk accreditations . the large national and global network of amity universities and institutions provides immense opportunities for joint research and mobility through its stron…",[],0,
data scientist,Assistant Professor of Computer Science,Jaipur Engineering College and Research Centre ,"Jaipur, Rajasthan",,,"Company Description Jaipur Engineering College and Research Centre (JECRC), part of the JECRC Foundation, is one of the leading educational institutions in North India, offering excellence in engineering, management, and pure & applied sciences education. Located in Jaipur, JECRC is known for its state-of-the-art infrastructure, experienced faculty, and a strong focus on fostering a culture of innovation and engineering excellence. With over 10,000 students across various disciplines, JECRC pro…",Engineering Jobs,2026-07-11T15:36:24Z,https://www.adzuna.in/land/ad/5796865429?se=HGoyruuH8RGDt8XhBqbuuQ&utm_medium=api&utm_source=3a1fdfd4&v=2BB8EEC313F814C81DBEC5FB75816DD9EA4797FD,"company description jaipur engineering college and research centre (jecrc), part of the jecrc foundation, is one of the leading educational institutions in north india, offering excellence in engineering, management, and pure & applied sciences education. located in jaipur, jecrc is known for its state-of-the-art infrastructure, experienced faculty, and a strong focus on fostering a culture of innovation and engineering excellence. with over 10,000 students across various disciplines, jecrc pro…",['excel'],1,excel
data scientist,Assistant Professor,IR.MITWPU -Dr. Vishwanath Karad MIT World Peace University,India,,,"MIT-WPU Job Description 1. Job Details Job Title Assistant Professor – Computer Engineering and Technology School / Department School of Computer Engineering and Technology (SoCET) Location Pune An Assistant Professor in Computer Engineering and Technology occupies the first step in the career ladder of faculty within the department. The role is expected to deliver high-quality teaching across core and emerging areas of computer science and engineering (such as programming, data structures, alg…",IT Jobs,2026-07-24T18:59:54Z,https://www.adzuna.in/land/ad/5813877185?se=HGoyruuH8RGDt8XhBqbuuQ&utm_medium=api&utm_source=3a1fdfd4&v=4E07EBD60BE9D38F8B166AD8FA5E5C4B3799CCF3,"mit-wpu job description 1. job details job title assistant professor – computer engineering and technology school / department school of computer engineering and technology (socet) location pune an assistant professor in computer engineering and technology occupies the first step in the career ladder of faculty within the department. the role is expected to deliver high-quality teaching across core and emerging areas of computer science and engineering (such as programming, data structures, alg…",[],0,
data scientist,"Faculty Member (as per UGC Cadre) - Computer Science, AI & Machine Learning",ATLAS SkillTech University,"Mumbai, Maharashtra",,,"Role Overview Atlas SkillTech University invites applications from dynamic academicians, researchers, and industry practitioners in Computer Science, Artificial Intelligence, Machine Learning, and allied domains. The selected faculty will anchor advanced courses in AI/ML, Deep Learning, NLP, Generative AI, and Data Science while driving cutting-edge research and industry-linked innovation. As part of the vibrant uGDX School of Technology, you will mentor India's next generation of AI engineers …",Scientific & QA Jobs,2026-07-04T17:03:45Z,https://www.adzuna.in/land/ad/5787963989?se=HGoyruuH8RGDt8XhBqbuuQ&utm_medium=api&utm_source=3a1fdfd4&v=3AA53270E70C188754E2DD286FEE1A3C3616EE72,"role overview atlas skilltech university invites applications from dynamic academicians, researchers, and industry practitioners in computer science, artificial intelligence, machine learning, and allied domains. the selected faculty will anchor advanced courses in ai/ml, deep learning, nlp, generative ai, and data science while driving cutting-edge research and industry-linked innovation. as part of the vibrant ugdx school of technology, you will mentor india's next generation of ai engineers …","['machine learning', 'deep learning', 'nlp']",3,"machine learning, deep learning, nlp"
data scientist,AI Project Manager,Accenture in India,"Bangalore, Karnataka",,,"Job Title: AI/ML Computational Science Manager Skill Required: AI Project Management, Stakeholder communication, Governance, Finance Management, Risk Management, AI-ML Solution Development Designation: Management Level –Manager Job Location: Pan India Qualification: BTech/BE, MTech Years of Experience: 10 Years Roles and Responsibilities Delivery Leadership: Lead a team of AI engineers to prototype, test, and deploy solutions in agile sprints. Agile Project Management: Manage the AI Project usi…",IT Jobs,2026-07-04T17:06:19Z,https://www.adzuna.in/land/ad/5787964879?se=HGoyruuH8RGDt8XhBqbuuQ&utm_medium=api&utm_source=3a1fdfd4&v=441F3EF863609878F0C024AF192A9DBDD916E0EB,"job title: ai/ml computational science manager skill required: ai project management, stakeholder communication, governance, finance management, risk management, ai-ml solution development designation: management level –manager job location: pan india qualification: btech/be, mtech years of experience: 10 years roles and responsibilities delivery leadership: lead a team of ai engineers to prototype, test, and deploy solutions in agile sprints. agile project management: manage the ai project usi…",['communication'],1,communication
data scientist,Data Scientist-Data Science-Data Scientist,EXL,India,,,"Description Data Scientists design and implement data analysis processes to derive actionable insights. Duties include building statistical models, analyzing large datasets, and presenting findings to stakeholders. You will collaborate with other data professionals to solve complex problems and improve business outcomes. Proficiency in data science tools and techniques is essential. Responsibilities · Data collation, processing, cleaning & transformation along with feature engineering and model…","Energy, Oil & Gas Jobs",2026-02-26T01:46:48Z,https://www.adzuna.in/details/5645288318?utm_medium=api&utm_source=3a1fdfd4,"description data scientists design and implement data analysis processes to derive actionable insights. duties include building statistical models, analyzing large datasets, and presenting findings to stakeholders. you will collaborate with other data professionals to solve complex problems and improve business outcomes. proficiency in data science tools and techniques is essential. responsibilities · data collation, processing, cleaning & transformation along with feature engineering and model…",[],0,
data scientist,Risk Strategy and Analytics,EliteRecruitments,India,,,"Director – Credit Risk Analytics, Policy & Solutioning (Embedded Finance)  Location: Bengaluru (Preferred) | Mumbai | Gurugram  Experience: 12 Years About the Company Our client is a leading fintech organization driving innovation across digital payments, lending, and embedded financial services. With a strong technology-first approach and a rapidly growing ecosystem, the company partners with businesses to build scalable financial solutions that enable seamless access to credit for merchants, …",Accounting & Finance Jobs,2026-07-02T17:24:32Z,https://www.adzuna.in/land/ad/5785411035?se=HGoyruuH8RGDt8XhBqbuuQ&utm_medium=api&utm_source=3a1fdfd4&v=6347AD1F1D5257E9281C2BCA7DFA7114BE8D169F,"director – credit risk analytics, policy & solutioning (embedded finance) location: bengaluru (preferred) | mumbai | gurugram experience: 12 years about the company our client is a leading fintech organization driving innovation across digital payments, lending, and embedded financial services. with a strong technology-first approach and a rapidly growing ecosystem, the company partners with businesses to build scalable financial solutions that enable seamless access to credit for merchants, …","['git', 'scala']",2,"git, scala"
data scientist,Project Manager – Data and Analytics (6 months contract),MIGSO-PCUBED,"Bangalore, Karnataka",,,"Project Manager – Data and Analytics Job Summary We are seeking an experienced Project Manager to lead Data and Analytics initiatives , with a focus on Snowflake migrations, SAP data migrations, or similar projects . The ideal candidate will have a strong background in project management, data governance, and stakeholder collaboration , ensuring seamless execution of data-driven projects. Key Responsibilities Project Leadership Lead end-to-end project management for data migration initiatives, …",IT Jobs,2026-07-21T16:40:25Z,https://www.adzuna.in/land/ad/5809278078?se=HGoyruuH8RGDt8XhBqbuuQ&utm_medium=api&utm_source=3a1fdfd4&v=AB55EF9DFA3270816BE3773ED69A4AB834B13BBD,"project manager – data and analytics job summary we are seeking an experienced project manager to lead data and analytics initiatives , with a focus on snowflake migrations, sap data migrations, or similar projects . the ideal candidate will have a strong background in project management, data governance, and stakeholder collaboration , ensuring seamless execution of data-driven projects. key responsibilities project leadership lead end-to-end project management for data migration initiatives, …",[],0,
data scientist,Senior Data Engineer,ABB,"Bangalore, Karnataka",,,"This job is with ABB, an inclusive employer and a member of myGwork – the largest global platform for the LGBTQ business community. Please do not contact the recruiter directly. At ABB, we help industries run leaner and cleaner—and every person here makes that happen. You’ll be empowered to lead, supported to grow, and proud of the impact we create together. Join us and help run what runs the world. This Position reports to: R&D Principal Engineer Your role and responsibilities: At ABB’s Common…",IT Jobs,2026-07-11T10:06:17Z,https://www.adzuna.in/land/ad/5796513625?se=HGoyruuH8RGDt8XhBqbuuQ&utm_medium=api&utm_source=3a1fdfd4&v=A9D87487989B6EE32D61BC0BDF628F3AA987BE78,"this job is with abb, an inclusive employer and a member of mygwork – the largest global platform for the lgbtq business community. please do not contact the recruiter directly. at abb, we help industries run leaner and cleaner—and every person here makes that happen. you’ll be empowered to lead, supported to grow, and proud of the impact we create together. join us and help run what runs the world. this position reports to: r&d principal engineer your role and responsibilities: at abb’s common…",[],0,
data scientist,Vice President of Finance,Bright Money,India,,,"About Bright Money Bright Money is a Consumer FinTech for middle-income consumers. It brings together SaaS products to help consumers build credit, manage their debt, and get access to suitable loans and credit cards. These are the major financial needs of middle-income consumers living paycheck-to-paycheck. Bright is a profitable, India-built, U.S.-market Consumer FinTech, with revenue trajectory to $100M in the coming 6 months. The business model combines subscription revenue with a financial…",Accounting & Finance Jobs,2026-07-19T02:13:54Z,https://www.adzuna.in/land/ad/5806351274?se=HGoyruuH8RGDt8XhBqbuuQ&utm_medium=api&utm_source=3a1fdfd4&v=F69FD3E4B8F1FCF8AFA717EA3C2977281006F6A3,"about bright money bright money is a consumer fintech for middle-income consumers. it brings together saas products to help consumers build credit, manage their debt, and get access to suitable loans and credit cards. these are the major financial needs of middle-income consumers living paycheck-to-paycheck. bright is a profitable, india-built, u.s.-market consumer fintech, with revenue trajectory to $100m in the coming 6 months. the business model combines subscription revenue with a financial…",[],0,
data scientist,Assistant Manager,Deloitte,"Chennai, Tamil Nadu",,,"The team Deloitte Strategy, Risk & Transaction helps entities mitigate risk while discovering new opportunities to create value. Our end-to-end risk services span all domains, from managing strategic risks in the C-Suite to improving board oversight, and from balancing financial and environmental policies to addressing cyber threats. Learn more about Risk, Regulatory & Forensic ) Your work profile Design, develop, and maintain data pipelines using AWS services (Glue, Athena, S3, QuickSight) Dat…",IT Jobs,2026-07-22T16:51:53Z,https://www.adzuna.in/land/ad/5810844475?se=HGoyruuH8RGDt8XhBqbuuQ&utm_medium=api&utm_source=3a1fdfd4&v=3120EC2622A2808A3BD9D3A652E6ACF7831E93D3,"the team deloitte strategy, risk & transaction helps entities mitigate risk while discovering new opportunities to create value. our end-to-end risk services span all domains, from managing strategic risks in the c-suite to improving board oversight, and from balancing financial and environmental policies to addressing cyber threats. learn more about risk, regulatory & forensic ) your work profile design, develop, and maintain data pipelines using aws services (glue, athena, s3, quicksight) dat…",['aws'],1,aws
data scientist,US Property Accountant,RHC India,"Ahmedabad, Gujarat",,,"About the Company: Relay Human Cloud is a young & dynamic company that helps some of the top US-based companies to expand their team internationally. Relay is a truly global company having its operations in US, India, Honduras, and Mexico (We are also adding a few more countries soon). Our core focus is to enable companies to connect with the best international talent. Relay helps its clients in majorly following areas: Accounting & Finance, Administration, Operations, Space Planning, Leasing, …",Accounting & Finance Jobs,2026-07-23T18:55:27Z,https://www.adzuna.in/land/ad/5812350878?se=HGoyruuH8RGDt8XhBqbuuQ&utm_medium=api&utm_source=3a1fdfd4&v=E597F1FB64CCC8C1042576FA06BB3DE7B95F6693,"about the company: relay human cloud is a young & dynamic company that helps some of the top us-based companies to expand their team internationally. relay is a truly global company having its operations in us, india, honduras, and mexico (we are also adding a few more countries soon). our core focus is to enable companies to connect with the best international talent. relay helps its clients in majorly following areas: accounting & finance, administration, operations, space planning, leasing, …",[],0,
data scientist,US Property Accountant (Night Shift),RHC India,"Ahmedabad, Gujarat",,,"About the Company: Relay Human Cloud is a young & dynamic company that helps some of the top US-based companies to expand their team internationally. Relay is a truly global company having its operations in US, India, Honduras, and Mexico (We are also adding a few more countries soon). Our core focus is to enable companies to connect with the best international talent. Relay helps its clients in majorly following areas: Accounting & Finance, Administration, Operations, Space Planning, Leasing, …",Accounting & Finance Jobs,2026-07-22T16:53:11Z,https://www.adzuna.in/land/ad/5810845588?se=HGoyruuH8RGDt8XhBqbuuQ&utm_medium=api&utm_source=3a1fdfd4&v=F7F71C5DB117AB09997C9A3CBFDC09415991A7EF,"about the company: relay human cloud is a young & dynamic company that helps some of the top us-based companies to expand their team internationally. relay is a truly global company having its operations in us, india, honduras, and mexico (we are also adding a few more countries soon). our core focus is to enable companies to connect with the best international talent. relay helps its clients in majorly following areas: accounting & finance, administration, operations, space planning, leasing, …",[],0,
data scientist,Yardi Accountant,RHC India,"Ahmedabad, Gujarat",,,"About the Company: Relay Human Cloud is a young & dynamic company that helps some of the top US-based companies to expand their team internationally. Relay is a truly global company having its operations in US, India, Honduras, and Mexico (We are also adding a few more countries soon). Our core focus is to enable companies to connect with the best international talent. Relay helps its clients in majorly following areas: Accounting & Finance, Administration, Operations, Space Planning, Leasing, …",Accounting & Finance Jobs,2026-07-22T16:54:06Z,https://www.adzuna.in/land/ad/5810846175?se=IsM6sOuH8RGbP-ztLwVsXQ&utm_medium=api&utm_source=3a1fdfd4&v=7C2CB606A1FBAAC6DAD6DABB9F9FF6AA515702A9,"about the company: relay human cloud is a young & dynamic company that helps some of the top us-based companies to expand their team internationally. relay is a truly global company having its operations in us, india, honduras, and mexico (we are also adding a few more countries soon). our core focus is to enable companies to connect with the best international talent. relay helps its clients in majorly following areas: accounting & finance, administration, operations, space planning, leasing, …",[],0,
data scientist,"Senior Manager, Credit Card Portfolio Management",Confidential,India,,,"A leading financial services organisation is looking for an experienced credit risk leader to drive credit card strategy across the customer lifecycle. This role is responsible for portfolio performance, credit policy, growth initiatives, and risk management. You will work closely with Product, Data Science, Risk, and Operations teams to develop and execute strategies that support sustainable growth while maintaining strong risk controls. Key Responsibilities: Lead credit card strategy across a…",Accounting & Finance Jobs,2026-07-03T17:35:54Z,https://www.adzuna.in/land/ad/5786785250?se=IsM6sOuH8RGbP-ztLwVsXQ&utm_medium=api&utm_source=3a1fdfd4&v=FD406D141706D3463C97CBC9BD5A5136A1C4FEB8,"a leading financial services organisation is looking for an experienced credit risk leader to drive credit card strategy across the customer lifecycle. this role is responsible for portfolio performance, credit policy, growth initiatives, and risk management. you will work closely with product, data science, risk, and operations teams to develop and execute strategies that support sustainable growth while maintaining strong risk controls. key responsibilities: lead credit card strategy across a…",[],0,
data scientist,Assoc Medical Data Review Mgr.,IQVIA India,"Bangalore, Karnataka",,,"Project Role: Assoc Medical Data Review Mgr. Work location: Pan India Work Mode: Home Based Job Overview Provide comprehensive Medical Review expertise to provide efficient, quality data management products that meet customer needs. Provide project management support in the areas of structured patient data review per clinician's perspective. Essential Functions Identify patient anomalies to ensure medical congruency/plausibility of a subject data per protocol. With minimal guidance, provide pro…",Scientific & QA Jobs,2026-07-09T22:17:12Z,https://www.adzuna.in/land/ad/5794281234?se=IsM6sOuH8RGbP-ztLwVsXQ&utm_medium=api&utm_source=3a1fdfd4&v=9B03554FBEA5302BD024EA03C7E22C7474644049,"project role: assoc medical data review mgr. work location: pan india work mode: home based job overview provide comprehensive medical review expertise to provide efficient, quality data management products that meet customer needs. provide project management support in the areas of structured patient data review per clinician's perspective. essential functions identify patient anomalies to ensure medical congruency/plausibility of a subject data per protocol. with minimal guidance, provide pro…",[],0,
data scientist,Data Scientist Data Science Intern,Adway Institute Of Management Education Private Limited,"Coimbatore, Tamil Nadu",,,We are looking for a Data Scientist Data Science Intern to join our team at at Adway Institute Of Management Education Private Limited contributing to software data or IT system development and support This role offers an inhand salary of 25000 39000 and a chance to work in a fastpaced technologydriven environment Key Responsibilities Develop test or maintain software applications databases or analytical tools Analyze data generate insights and ensure system accuracy Troubleshoot issues and sup…,IT Jobs,2026-07-21T06:40:29Z,https://www.adzuna.in/details/5808699400?utm_medium=api&utm_source=3a1fdfd4,we are looking for a data scientist data science intern to join our team at at adway institute of management education private limited contributing to software data or it system development and support this role offers an inhand salary of 25000 39000 and a chance to work in a fastpaced technologydriven environment key responsibilities develop test or maintain software applications databases or analytical tools analyze data generate insights and ensure system accuracy troubleshoot issues and sup…,[],0,
data scientist,Manager-Data Science-Data Scientist,EXL,India,,,"Description Are you ready to help shape the future of AI? Join our dynamic Data Science Center of Excellence (CoE) and be at the forefront of transforming real business challenges into innovative, AI-powered solutions. As a Data Scientist in the CoE, you’ll work with experienced data scientists, engineers, and business leaders to accelerate experimentation and deliver high-impact projects that drive business strategy forward. You’ll play a pivotal role in both exploring new AI opportunities thr…",IT Jobs,2025-11-23T22:46:29Z,https://www.adzuna.in/details/5510511306?utm_medium=api&utm_source=3a1fdfd4,"description are you ready to help shape the future of ai? join our dynamic data science center of excellence (coe) and be at the forefront of transforming real business challenges into innovative, ai-powered solutions. as a data scientist in the coe, you’ll work with experienced data scientists, engineers, and business leaders to accelerate experimentation and deliver high-impact projects that drive business strategy forward. you’ll play a pivotal role in both exploring new ai opportunities thr…",['excel'],1,excel
data scientist,Senior Data Scientist/ Data Scientist,Neal Analytics,"Gurgaon, Haryana",,,"Lead a small group of DS developers in collaborate/streamline data science work with product, BA, MLOps. Cover tasks in DS model development/redevelopment and support the deployment into multiple markets for production purpose. Leading the collaboration with MLOps to understand the need for industrialization, ensure smooth transition from DS development to industrialization by providing sufficient DS support. Code development/redevelopment planning, provide direct support to DS developers in th…",IT Jobs,2026-06-09T06:55:05Z,https://www.adzuna.in/details/5756758921?utm_medium=api&utm_source=3a1fdfd4,"lead a small group of ds developers in collaborate/streamline data science work with product, ba, mlops. cover tasks in ds model development/redevelopment and support the deployment into multiple markets for production purpose. leading the collaboration with mlops to understand the need for industrialization, ensure smooth transition from ds development to industrialization by providing sufficient ds support. code development/redevelopment planning, provide direct support to ds developers in th…",[],0,
data scientist,Senior Data Scientist/ Data Scientist,Neal Analytics,"Pune, Maharashtra",,,"Lead a small group of DS developers in collaborate/streamline data science work with product, BA, MLOps. Cover tasks in DS model development/redevelopment and support the deployment into multiple markets for production purpose. Leading the collaboration with MLOps to understand the need for industrialization, ensure smooth transition from DS development to industrialization by providing sufficient DS support. Code development/redevelopment planning, provide direct support to DS developers in th…",IT Jobs,2026-06-09T06:55:05Z,https://www.adzuna.in/details/5756758919?utm_medium=api&utm_source=3a1fdfd4,"lead a small group of ds developers in collaborate/streamline data science work with product, ba, mlops. cover tasks in ds model development/redevelopment and support the deployment into multiple markets for production purpose. leading the collaboration with mlops to understand the need for industrialization, ensure smooth transition from ds development to industrialization by providing sufficient ds support. code development/redevelopment planning, provide direct support to ds developers in th…",[],0,
data scientist,Senior Data Scientist/ Data Scientist,Neal Analytics,"Bangalore, Karnataka",,,"Lead a small group of DS developers in collaborate/streamline data science work with product, BA, MLOps. Cover tasks in DS model development/redevelopment and support the deployment into multiple markets for production purpose. Leading the collaboration with MLOps to understand the need for industrialization, ensure smooth transition from DS development to industrialization by providing sufficient DS support. Code development/redevelopment planning, provide direct support to DS developers in th…",IT Jobs,2026-06-09T06:55:05Z,https://www.adzuna.in/details/5756758920?utm_medium=api&utm_source=3a1fdfd4,"lead a small group of ds developers in collaborate/streamline data science work with product, ba, mlops. cover tasks in ds model development/redevelopment and support the deployment into multiple markets for production purpose. leading the collaboration with mlops to understand the need for industrialization, ensure smooth transition from ds development to industrialization by providing sufficient ds support. code development/redevelopment planning, provide direct support to ds developers in th…",[],0,
data scientist,Data Scientist/Senior Data Scientist,Neal Analytics,"Gurgaon, Haryana",,,"Design and implement advanced solutions utilizing Large Language Models (LLMs). Demonstrate self-driven initiative by taking ownership and creating end-to-end solutions. Conduct research and stay informed about the latest developments in generative AI and LLMs. Develop and maintain code libraries, tools, and frameworks to support generative AI development. Participate in code reviews and contribute to maintaining high code quality standards. Engage in the entire software development lifecycle, …",IT Jobs,2026-06-09T06:55:02Z,https://www.adzuna.in/details/5756758826?utm_medium=api&utm_source=3a1fdfd4,"design and implement advanced solutions utilizing large language models (llms). demonstrate self-driven initiative by taking ownership and creating end-to-end solutions. conduct research and stay informed about the latest developments in generative ai and llms. develop and maintain code libraries, tools, and frameworks to support generative ai development. participate in code reviews and contribute to maintaining high code quality standards. engage in the entire software development lifecycle, …",[],0,
data scientist,Data Scientist/Senior Data Scientist,Neal Analytics,"Pune, Maharashtra",,,"Design and implement advanced solutions utilizing Large Language Models (LLMs). Demonstrate self-driven initiative by taking ownership and creating end-to-end solutions. Conduct research and stay informed about the latest developments in generative AI and LLMs. Develop and maintain code libraries, tools, and frameworks to support generative AI development. Participate in code reviews and contribute to maintaining high code quality standards. Engage in the entire software development lifecycle, …",IT Jobs,2026-06-09T06:55:02Z,https://www.adzuna.in/details/5756758828?utm_medium=api&utm_source=3a1fdfd4,"design and implement advanced solutions utilizing large language models (llms). demonstrate self-driven initiative by taking ownership and creating end-to-end solutions. conduct research and stay informed about the latest developments in generative ai and llms. develop and maintain code libraries, tools, and frameworks to support generative ai development. participate in code reviews and contribute to maintaining high code quality standards. engage in the entire software development lifecycle, …",[],0,
data scientist,Data Scientist,Weekday AI,India,,,"This role is for one of the Weekday's clients Salary range: Rs 2000000 - Rs 6000000 (ie INR 20-60 LPA) Experience: 4 yrs Location: Noida, Uttar Pradesh, India Job Type: Full-Time We are looking for an experienced Data Scientist who is passionate about transforming complex data into actionable business insights through advanced analytics, statistical modeling, and machine learning. This role is ideal for professionals who enjoy solving real-world problems using data, building predictive models, …",IT Jobs,2026-07-16T22:18:12Z,https://www.adzuna.in/details/5803358897?utm_medium=api&utm_source=3a1fdfd4,"this role is for one of the weekday's clients salary range: rs 2000000 - rs 6000000 (ie inr 20-60 lpa) experience: 4 yrs location: noida, uttar pradesh, india job type: full-time we are looking for an experienced data scientist who is passionate about transforming complex data into actionable business insights through advanced analytics, statistical modeling, and machine learning. this role is ideal for professionals who enjoy solving real-world problems using data, building predictive models, …",['machine learning'],1,machine learning
data scientist,Data Scientist,Durapid Technologies Pvt Ltd,India,1000000.0,1500000.0,"Job Summary We are looking for a skilled Data Scientist / Data Science Analyst with 3–5 years of experience to build predictive models, analyze complex datasets, and deliver actionable business insights. The ideal candidate should have strong expertise in statistics, machine learning, Python, SQL, and data visualization, with the ability to solve real-world business problems using data-driven approaches. Key Responsibilities Collect, clean, and analyze structured and unstructured data. Develop …",IT Jobs,2026-07-16T06:32:31Z,https://www.adzuna.in/details/5802024636?utm_medium=api&utm_source=3a1fdfd4,"job summary we are looking for a skilled data scientist / data science analyst with 3–5 years of experience to build predictive models, analyze complex datasets, and deliver actionable business insights. the ideal candidate should have strong expertise in statistics, machine learning, python, sql, and data visualization, with the ability to solve real-world business problems using data-driven approaches. key responsibilities collect, clean, and analyze structured and unstructured data. develop …","['python', 'sql', 'machine learning', 'statistics', 'data visualization']",5,"python, sql, machine learning, statistics, data visualization"
data scientist,Data Scientist,Sparix Global.,India,2500000.0,6000000.0,"Location: PAN India / Hybrid Experience: 5 15 Years (Based on Level) Employment Type: Full-Time Domain: BFSI (Banking, Financial Services & Insurance) Cards & Payments Skills: GenAI, LLMOps, Data Science, Machine Learning, MLOps, NLP, Python, Cloud Platforms About the Role We are looking for highly skilled GenAI, LLMOps, and Data Science professionals with strong BFSI and Cards domain expertise to build next-generation AI-driven solutions for banking and financial services. The ideal candidate …",IT Jobs,2026-07-24T23:28:21Z,https://www.adzuna.in/details/5814232658?utm_medium=api&utm_source=3a1fdfd4,"location: pan india / hybrid experience: 5 15 years (based on level) employment type: full-time domain: bfsi (banking, financial services & insurance) cards & payments skills: genai, llmops, data science, machine learning, mlops, nlp, python, cloud platforms about the role we are looking for highly skilled genai, llmops, and data science professionals with strong bfsi and cards domain expertise to build next-generation ai-driven solutions for banking and financial services. the ideal candidate …","['python', 'machine learning', 'nlp']",3,"python, machine learning, nlp"
data scientist,Data Scientist,Fuku,India,,,Job Title: Data Scientist – Healthcare Analytics Location: Bangalore Acme Analytics is seeking a talented Data Scientist to join our Healthcare Analytics team. The ideal candidate will play a key role in leveraging advanced analytics to drive impactful healthcare solutions. Key Responsibilities: - Analyze and interpret complex healthcare data to support business objectives - Develop and implement machine learning models using Python and TensorFlow - Collaborate with cross-functional teams to de…,Healthcare & Nursing Jobs,2026-04-17T10:47:41Z,https://www.adzuna.in/details/5702235807?utm_medium=api&utm_source=3a1fdfd4,job title: data scientist – healthcare analytics location: bangalore acme analytics is seeking a talented data scientist to join our healthcare analytics team. the ideal candidate will play a key role in leveraging advanced analytics to drive impactful healthcare solutions. key responsibilities: - analyze and interpret complex healthcare data to support business objectives - develop and implement machine learning models using python and tensorflow - collaborate with cross-functional teams to de…,"['python', 'machine learning', 'tensorflow']",3,"python, machine learning, tensorflow"
data scientist,Data Scientist,Slate Technologies,"Bangalore, Karnataka",,,"Position Vacant: Senior Data Scientist Company Profile At Slate Technologies we are bringing fresh minds and tools to the world of Smart Buildings, Smart Infrastructure, Sustainability, architecture, and construction. With a credible team from world-renowned institutions, we are leading the way in transforming the way buildings and Infrastructure come to life. Better decisions happen in construction when you have better context, without context stakeholders are unable to see the right informati…",IT Jobs,2026-07-15T15:37:44Z,https://www.adzuna.in/details/5801068336?utm_medium=api&utm_source=3a1fdfd4,"position vacant: senior data scientist company profile at slate technologies we are bringing fresh minds and tools to the world of smart buildings, smart infrastructure, sustainability, architecture, and construction. with a credible team from world-renowned institutions, we are leading the way in transforming the way buildings and infrastructure come to life. better decisions happen in construction when you have better context, without context stakeholders are unable to see the right informati…",[],0,
data scientist,Data Scientist,Fusemachines,"Pune, Maharashtra",,,"About Fusemachines Fusemachines is a leading AI strategy, talent, and education services provider. Founded by Sameer Maskey Ph.D., Adjunct Associate Professor at Columbia University, Fusemachines has a core mission of democratizing AI. With a presence in 4 countries (Nepal, the United States, Canada, and the Dominican Republic) and more than 450 full-time employees, Fusemachines brings global AI expertise to transform companies worldwide. Founded in 2013, Fusemachines is a global provider of en…",IT Jobs,2026-07-09T18:16:41Z,https://www.adzuna.in/details/5794192614?utm_medium=api&utm_source=3a1fdfd4,"about fusemachines fusemachines is a leading ai strategy, talent, and education services provider. founded by sameer maskey ph.d., adjunct associate professor at columbia university, fusemachines has a core mission of democratizing ai. with a presence in 4 countries (nepal, the united states, canada, and the dominican republic) and more than 450 full-time employees, fusemachines brings global ai expertise to transform companies worldwide. founded in 2013, fusemachines is a global provider of en…",[],0,
data scientist,Data Scientist,The Nielsen Company,"Bangalore, Karnataka",,,Job Description Role Overview As a Hybrid Data Scientist you will sit at the intersection of high-scale data pipelining and advanced statistical methodology. You will be responsible for the end-to-end lifecycle of Incremental Reach and Audience Measurement products—from architecting Python-based data pipelines to implementing sophisticated Bayesian and Machine Learning models that quantify the lift of Digital media over a Linear TV baseline. Key Responsibilities 1. Advanced Statistical Modeling…,IT Jobs,2026-07-17T18:58:09Z,https://www.adzuna.in/details/5804908902?utm_medium=api&utm_source=3a1fdfd4,job description role overview as a hybrid data scientist you will sit at the intersection of high-scale data pipelining and advanced statistical methodology. you will be responsible for the end-to-end lifecycle of incremental reach and audience measurement products—from architecting python-based data pipelines to implementing sophisticated bayesian and machine learning models that quantify the lift of digital media over a linear tv baseline. key responsibilities 1. advanced statistical modeling…,"['python', 'machine learning', 'git']",3,"python, machine learning, git"
data scientist,Data Scientist,Bosch Group,"Bangalore, Karnataka",,,"Job Description Job Description Education and Work Experience Requirements: 5 to 8 years of experience as Data Scientist or GenAI specialist 2 to 3 years of experience in Generative AI solution development· Proven track record and experience with with GenAI technologies Open source LLMs like Llama, Gemma, Mixtral etc o Closed source LLMs such as Open AI GPT, Azure Open AI, Claude, Gemini etcPrompt Engineering/Tuning, RAG, RAFT, LLM finetuning such as PEFT(LoRA, QLoRA ) Understanding of SLMs suc…",IT Jobs,2026-07-17T06:57:30Z,https://www.adzuna.in/details/5804122118?utm_medium=api&utm_source=3a1fdfd4,"job description job description education and work experience requirements: 5 to 8 years of experience as data scientist or genai specialist 2 to 3 years of experience in generative ai solution development· proven track record and experience with with genai technologies open source llms like llama, gemma, mixtral etc o closed source llms such as open ai gpt, azure open ai, claude, gemini etcprompt engineering/tuning, rag, raft, llm finetuning such as peft(lora, qlora ) understanding of slms suc…",['azure'],1,azure
data scientist,Data Scientist,Trigent Software Private Limited,"Chauth Ka Barwara, Sawai Madhopur",1000000.0,4000000.0,"AI extraction pipelines Design, build, and maintain multi-stage document-extraction pipelines that combine deterministic rule-based logic with LLM-powered extraction, orchestrated as durable, resumable workflows. Integrate cloud document AI services and LLMs for classification and extraction. Own prompt engineering and structured-output design, ensuring outputs are strongly typed (Pydantic), validated, and traceable. Build evaluation frameworks, MLflow tracking, precision/recall/F1 measurement,…",IT Jobs,2026-07-24T23:28:12Z,https://www.adzuna.in/details/5814232607?utm_medium=api&utm_source=3a1fdfd4,"ai extraction pipelines design, build, and maintain multi-stage document-extraction pipelines that combine deterministic rule-based logic with llm-powered extraction, orchestrated as durable, resumable workflows. integrate cloud document ai services and llms for classification and extraction. own prompt engineering and structured-output design, ensuring outputs are strongly typed (pydantic), validated, and traceable. build evaluation frameworks, mlflow tracking, precision/recall/f1 measurement,…",[],0,
data scientist,Data Scientist,Jash Data Sciences Pvt Ltd,"Pune, Maharashtra",500000.0,1600000.0,"About Us We are a fast-growing startup based in Pune, India, specializing in cutting-edge Data Science and Data Engineering solutions. Our team of dedicated professionals is committed to solving complex data challenges for companies worldwide. Our Culture We foster a vibrant startup culture that values: • Intellectual curiosity • Continuous learning • Positive work environment • Collaborative problem-solving Role Overview We are seeking a versatile and proactive Data Scientist to join our dynam…",IT Jobs,2026-06-26T14:51:33Z,https://www.adzuna.in/details/5777469064?utm_medium=api&utm_source=3a1fdfd4,"about us we are a fast-growing startup based in pune, india, specializing in cutting-edge data science and data engineering solutions. our team of dedicated professionals is committed to solving complex data challenges for companies worldwide. our culture we foster a vibrant startup culture that values: • intellectual curiosity • continuous learning • positive work environment • collaborative problem-solving role overview we are seeking a versatile and proactive data scientist to join our dynam…",[],0,
data scientist,Data Scientist,EXL,"Noida, Ghaziabad",,,"Description Senior Data Scientists lead data analysis projects and provide strategic insights. Responsibilities include designing complex models, mentoring junior data scientists, and ensuring the quality of analytical work. You will work closely with business leaders to understand needs and deliver actionable insights. Extensive experience in data science and leadership skills are required. Responsibilities Lead the development and optimization of complex data models, Oversee data science proj…",IT Jobs,2025-12-01T22:56:16Z,https://www.adzuna.in/details/5522127566?utm_medium=api&utm_source=3a1fdfd4,"description senior data scientists lead data analysis projects and provide strategic insights. responsibilities include designing complex models, mentoring junior data scientists, and ensuring the quality of analytical work. you will work closely with business leaders to understand needs and deliver actionable insights. extensive experience in data science and leadership skills are required. responsibilities lead the development and optimization of complex data models, oversee data science proj…",[],0,
data scientist,Data Scientist,Pixis,"Bangalore, Karnataka",,,Data scientists in bangalore for hybrid role 3 days work from office Data scientists in bangalore for hybrid role 3 days work from office Data scientists in bangalore for hybrid role 3 days work from office Data scientists in bangalore for hybrid role 3 days work from office,Consultancy Jobs,2024-09-20T17:54:25Z,https://www.adzuna.in/details/4870531768?utm_medium=api&utm_source=3a1fdfd4,data scientists in bangalore for hybrid role 3 days work from office data scientists in bangalore for hybrid role 3 days work from office data scientists in bangalore for hybrid role 3 days work from office data scientists in bangalore for hybrid role 3 days work from office,[],0,
data scientist,Data Scientist,UpSolve Solutions LLP,"Mumbai, Maharashtra",300000.0,800000.0,"Role Description This is a full-time client facing on-site role for a Data Scientist at UpSolve Solutions in Mumbai. The Data Scientist will be responsible for performing various day-to-day tasks, including data science, statistics, data analytics, data visualization, and data analysis. The role involves utilizing these skills to provide actionable insights to drive business decisions and solve complex problems. Qualifications Data Science, Statistics, and Data Analytics skills Data Visualizati…",IT Jobs,2024-08-01T10:54:17Z,https://www.adzuna.in/details/4803838914?utm_medium=api&utm_source=3a1fdfd4,"role description this is a full-time client facing on-site role for a data scientist at upsolve solutions in mumbai. the data scientist will be responsible for performing various day-to-day tasks, including data science, statistics, data analytics, data visualization, and data analysis. the role involves utilizing these skills to provide actionable insights to drive business decisions and solve complex problems. qualifications data science, statistics, and data analytics skills data visualizati…","['statistics', 'data visualization']",2,"statistics, data visualization"
data scientist,Data Scientist,AVE-Promagne Business Solutions LLP,"Bangalore, Karnataka",200000.0,1000000.0,"Job brief We are looking for a Lead Data Scientist to lead a technical team and help us gain useful insight out of raw data. Lead Data Scientist responsibilities include managing the data science team, planning projects and building analytics models. You should have a strong problem-solving ability and a knack for statistical analysis. If you’re also able to align our data products with our business goals, we’d like to meet you. Your ultimate goal will be to help improve our products and busine…",IT Jobs,2023-12-23T15:03:21Z,https://www.adzuna.in/details/4493479600?utm_medium=api&utm_source=3a1fdfd4,"job brief we are looking for a lead data scientist to lead a technical team and help us gain useful insight out of raw data. lead data scientist responsibilities include managing the data science team, planning projects and building analytics models. you should have a strong problem-solving ability and a knack for statistical analysis. if you’re also able to align our data products with our business goals, we’d like to meet you. your ultimate goal will be to help improve our products and busine…",[],0,
data scientist,Data Scientist,Quenzo Tech,India,1000000.0,2000000.0,"We are seeking an experienced Data Scientist to join our data-driven team. As a Data Scientist, you will work with large datasets, apply advanced analytics techniques, and build machine learning models to provide actionable insights that drive business decisions. You will collaborate with various teams to translate complex data into clear recommendations and innovative solutions. Key Responsibilities: Analyze large datasets to identify trends, patterns, and insights that can inform business str…",IT Jobs,2025-04-01T04:34:13Z,https://www.adzuna.in/details/5120471599?utm_medium=api&utm_source=3a1fdfd4,"we are seeking an experienced data scientist to join our data-driven team. as a data scientist, you will work with large datasets, apply advanced analytics techniques, and build machine learning models to provide actionable insights that drive business decisions. you will collaborate with various teams to translate complex data into clear recommendations and innovative solutions. key responsibilities: analyze large datasets to identify trends, patterns, and insights that can inform business str…",['machine learning'],1,machine learning
data scientist,Data Scientist,Kaplan,"Bangalore, Karnataka",750000.0,2000000.0,"Senior Data Scientist-Job Description The Senior Data Scientist role is a creative problem solver who utilizes statistical/mathematical principles and modelling skills to uncover new insights that will significantly and meaningfully impact business decisions and actions. She/he applies their data science expertise in identifying, defining, and executing state-of-art techniques for academic opportunities and business objectives in collaboration with other Analytics team members. The Senior Data …",IT Jobs,2021-07-14T22:44:56Z,https://www.adzuna.in/details/2318122072?utm_medium=api&utm_source=3a1fdfd4,"senior data scientist-job description the senior data scientist role is a creative problem solver who utilizes statistical/mathematical principles and modelling skills to uncover new insights that will significantly and meaningfully impact business decisions and actions. she/he applies their data science expertise in identifying, defining, and executing state-of-art techniques for academic opportunities and business objectives in collaboration with other analytics team members. the senior data …",[],0,
data scientist,Data Scientist,Carsome,India,1000000.0,3000000.0,"Carsome’s Data Department is on the lookout for a Data Scientist/Data Science Lead who has a strong passion in building data powered products. Data Science function under the Data Department has a responsibility for standardisation of methods, mentoring team of data science resources/interns, including code libraries and documentation, quality assurance of outputs, modeling techniques and statistics, leveraging a variety of technologies, open-source languages, and cloud computing platform. You …",IT Jobs,2021-09-16T01:20:42Z,https://www.adzuna.in/details/2461074337?utm_medium=api&utm_source=3a1fdfd4,"carsome’s data department is on the lookout for a data scientist/data science lead who has a strong passion in building data powered products. data science function under the data department has a responsibility for standardisation of methods, mentoring team of data science resources/interns, including code libraries and documentation, quality assurance of outputs, modeling techniques and statistics, leveraging a variety of technologies, open-source languages, and cloud computing platform. you …",['statistics'],1,statistics
data scientist,Data Scientist,Symansys Technologies India Pvt Ltd,"Pune, Maharashtra",500000.0,1500000.0,"Specialism- Advance Analytics, Data Science, regression, forecasting, analytics, SQL, R, python, decision tree, random forest, SAS, clustering classification Senior Analytics Consultant- Responsibilities Understand business problem and requirements by building domain knowledge and translate to data science problem Conceptualize and design cutting edge data science solution to solve the data science problem, apply design thinking concepts Identify the right algorithms , tech stack , sample outpu…",IT Jobs,2022-02-26T04:52:00Z,https://www.adzuna.in/details/2927156051?utm_medium=api&utm_source=3a1fdfd4,"specialism- advance analytics, data science, regression, forecasting, analytics, sql, r, python, decision tree, random forest, sas, clustering classification senior analytics consultant- responsibilities understand business problem and requirements by building domain knowledge and translate to data science problem conceptualize and design cutting edge data science solution to solve the data science problem, apply design thinking concepts identify the right algorithms , tech stack , sample outpu…","['python', 'sql']",2,"python, sql"
data scientist,Data Scientist,Ecolab,India,,,"Job Characteristics:Demonstrates use and application of data science principles, methods, theories, and concepts to assignments where precedents may exist. Demonstrates basic project management skills. Provides solutions to a variety of problems which require collecting and analyzing data from diverse sources to solve problems. Demonstrates ability and initiative to identify and explore novel approaches to data science solutions. Contributes to the exploration, refinement and deployment of data…",IT Jobs,2026-05-19T02:18:52Z,https://www.adzuna.in/details/5733430817?utm_medium=api&utm_source=3a1fdfd4,"job characteristics:demonstrates use and application of data science principles, methods, theories, and concepts to assignments where precedents may exist. demonstrates basic project management skills. provides solutions to a variety of problems which require collecting and analyzing data from diverse sources to solve problems. demonstrates ability and initiative to identify and explore novel approaches to data science solutions. contributes to the exploration, refinement and deployment of data…",[],0,
data scientist,Data Scientist,Kavayah People Consulting,"Pune, Maharashtra",2000000.0,5000000.0,"Position summary As an experienced Data Scientist you’ll join a team of data scientists, analysts, and software engineers working to push the boundaries of data science in health care. We like to experiment, iterate, and innovate with technology, from developing new algorithms specific to health care’s challenges, to bringing the latest machine learning practices and applications developed in other industries into the health care world. We know that algorithms are only valuable when powered by …",IT Jobs,2021-07-30T22:01:50Z,https://www.adzuna.in/details/2349832292?utm_medium=api&utm_source=3a1fdfd4,"position summary as an experienced data scientist you’ll join a team of data scientists, analysts, and software engineers working to push the boundaries of data science in health care. we like to experiment, iterate, and innovate with technology, from developing new algorithms specific to health care’s challenges, to bringing the latest machine learning practices and applications developed in other industries into the health care world. we know that algorithms are only valuable when powered by …",['machine learning'],1,machine learning
data scientist,Data Scientist,LodgIQ,"Bangalore, Karnataka",500000.0,3000000.0,"About LodgIQ LodgIQ is led by a team of experienced hospitality technology experts, data scientists and product domain experts. Seed funded by Highgate Ventures, a venture capital platform focused on early stage technology investments in the hospitality industry and Trilantic Capital Partners, a global private equity firm, LodgIQ has made a significant investment in advanced machine learning platforms and data science. Title : Data Scientist Job Description: Apply Data Science and Machine Learn…",IT Jobs,2021-10-12T06:01:36Z,https://www.adzuna.in/details/2536790415?utm_medium=api&utm_source=3a1fdfd4,"about lodgiq lodgiq is led by a team of experienced hospitality technology experts, data scientists and product domain experts. seed funded by highgate ventures, a venture capital platform focused on early stage technology investments in the hospitality industry and trilantic capital partners, a global private equity firm, lodgiq has made a significant investment in advanced machine learning platforms and data science. title : data scientist job description: apply data science and machine learn…",['machine learning'],1,machine learning
data scientist,Data Scientist,ADM,"Bangalore, Karnataka",,,"Data Scientist Bengaluru, India Position Summary: The Data Scientist will lead the development of data-driven solutions by leveraging traditional data science techniques and recent advancements in Generative AI to bring value to ADM. The role is integral to the Digital & Innovation team, driving rapid prototyping efforts, collaborating with cross-functional teams, and developing innovative approaches to solve business problems. This position requires a blend of expertise in traditional machine …",IT Jobs,2026-03-24T09:31:26Z,https://www.adzuna.in/details/5676535670?utm_medium=api&utm_source=3a1fdfd4,"data scientist bengaluru, india position summary: the data scientist will lead the development of data-driven solutions by leveraging traditional data science techniques and recent advancements in generative ai to bring value to adm. the role is integral to the digital & innovation team, driving rapid prototyping efforts, collaborating with cross-functional teams, and developing innovative approaches to solve business problems. this position requires a blend of expertise in traditional machine …",['git'],1,git
data scientist,Data Scientist,upGrad,"Bangalore, Karnataka",1000000.0,2100000.0,"About Us upGrad is an online education platform building the careers of tomorrow by offering the most industry-relevant programs in an immersive learning experience. Our mission is to create a new digital-first learning experience to deliver tangible career impact to individuals at scale. upGrad currently offers programs in Data Science, Machine Learning, Product Management, Digital Marketing, and Entrepreneurship, etc. upGrad is looking for people passionate about management and education to h…",IT Jobs,2022-03-23T05:12:35Z,https://www.adzuna.in/details/2992079462?utm_medium=api&utm_source=3a1fdfd4,"about us upgrad is an online education platform building the careers of tomorrow by offering the most industry-relevant programs in an immersive learning experience. our mission is to create a new digital-first learning experience to deliver tangible career impact to individuals at scale. upgrad currently offers programs in data science, machine learning, product management, digital marketing, and entrepreneurship, etc. upgrad is looking for people passionate about management and education to h…","['machine learning', 'git']",2,"machine learning, git"
data scientist,Data Scientist,VyTCDC,"Hyderabad, Telangana",800000.0,2600000.0,POSITION / TITLE: Data Science Lead Location: Offshore – Hyderabad/Bangalore/Pune Who are we looking for? Individuals with 8 years of experience implementing and managing data science projects. Excellent working knowledge of traditional machine learning and LLM techniques. ‎ The candidate must demonstrate the ability to navigate and advise on complex ML ecosystems from a model building and evaluation perspective. Experience in NLP and chatbots domains is preferred. We acknowledge the job market…,IT Jobs,2025-06-18T05:21:08Z,https://www.adzuna.in/details/5255506987?utm_medium=api&utm_source=3a1fdfd4,position / title: data science lead location: offshore – hyderabad/bangalore/pune who are we looking for? individuals with 8 years of experience implementing and managing data science projects. excellent working knowledge of traditional machine learning and llm techniques. ‎ the candidate must demonstrate the ability to navigate and advise on complex ml ecosystems from a model building and evaluation perspective. experience in nlp and chatbots domains is preferred. we acknowledge the job market…,"['excel', 'machine learning', 'nlp']",3,"excel, machine learning, nlp"
data scientist,Data Scientist,SKS Enterpprises,"Bangalore, Karnataka",,,"Position Name - Data Scientist Location - Bangalore Experience Range - 5 yrs Mandatory Requirement : Work with large datasets, using programming languages such as Python, R, or others, to extract, transform, and analyze data. Job Roles and Responsibilities: Provide strategic vision and leadership to the data science team, nurturing an environment of innovation and collaboration. Establish well-defined objectives, oversee team performance, and cultivate the growth of team members' skills and abi…",IT Jobs,2025-07-31T16:58:24Z,https://www.adzuna.in/details/5329694830?utm_medium=api&utm_source=3a1fdfd4,"position name - data scientist location - bangalore experience range - 5 yrs mandatory requirement : work with large datasets, using programming languages such as python, r, or others, to extract, transform, and analyze data. job roles and responsibilities: provide strategic vision and leadership to the data science team, nurturing an environment of innovation and collaboration. establish well-defined objectives, oversee team performance, and cultivate the growth of team members' skills and abi…",['python'],1,python
data scientist,Data Scientist,Econolytics,"Noida, Ghaziabad",1800000.0,2400000.0,"Job Description: • Help build a Data Science team which will be engaged in researching, designing, implementing, and deploying full-stack scalable data analytics vision and machine learning solutions to challenge various business issues. • Modelling complex algorithms, discovering insights and identifying business opportunities through the use of algorithmic, statistical, visualization, and mining techniques • Translates business requirements into quick prototypes and enable the development of …",IT Jobs,2025-11-18T07:34:32Z,https://www.adzuna.in/details/5501144903?utm_medium=api&utm_source=3a1fdfd4,"job description: • help build a data science team which will be engaged in researching, designing, implementing, and deploying full-stack scalable data analytics vision and machine learning solutions to challenge various business issues. • modelling complex algorithms, discovering insights and identifying business opportunities through the use of algorithmic, statistical, visualization, and mining techniques • translates business requirements into quick prototypes and enable the development of …","['machine learning', 'scala']",2,"machine learning, scala"
data scientist,Data scientist,SocialPrachar.com,"Hyderabad, Telangana",180000.0,300000.0,"Hi We are Looking foe Data Science AI Professional role for our KPHB, Hyderabad Branch Requirements: • Min 6 months to 1 Year experience in Data Science AI • Need to have proven Experience with Good GitHub profile and projects • Need to good with Data Science & AI Concepts • Need to be good with Python, ML, Stats, Deep Learning, NLP, OpenCV etc • Good Communication and presentation skills Skills:- Natural Language Processing (NLP), Computer Vision and recommendation algorithm",IT Jobs,2021-12-29T04:19:48Z,https://www.adzuna.in/details/2773784069?utm_medium=api&utm_source=3a1fdfd4,"hi we are looking foe data science ai professional role for our kphb, hyderabad branch requirements: • min 6 months to 1 year experience in data science ai • need to have proven experience with good github profile and projects • need to good with data science & ai concepts • need to be good with python, ml, stats, deep learning, nlp, opencv etc • good communication and presentation skills skills:- natural language processing (nlp), computer vision and recommendation algorithm","['python', 'deep learning', 'nlp', 'communication', 'git']",5,"python, deep learning, nlp, communication, git"
data scientist,Data Scientist,EXL,India,,,"Description Senior Data Scientists lead data analysis projects and provide strategic insights. Responsibilities include designing complex models, mentoring junior data scientists, and ensuring the quality of analytical work. You will work closely with business leaders to understand needs and deliver actionable insights. Extensive experience in data science and leadership skills are required. Responsibilities · Data collation, processing, cleaning & transformation along with feature engineering …",IT Jobs,2025-12-03T23:02:47Z,https://www.adzuna.in/details/5526167160?utm_medium=api&utm_source=3a1fdfd4,"description senior data scientists lead data analysis projects and provide strategic insights. responsibilities include designing complex models, mentoring junior data scientists, and ensuring the quality of analytical work. you will work closely with business leaders to understand needs and deliver actionable insights. extensive experience in data science and leadership skills are required. responsibilities · data collation, processing, cleaning & transformation along with feature engineering …",[],0,
data scientist,Data Scientist,Hashone careers,"Bangalore, Karnataka",600000.0,2400000.0,"Job Title: Data Scientist Location: Bangalore (Hybrid/On-site depending on project needs) About the Role We are seeking a highly skilled Data Scientist to join our team in Bangalore. In this role, you will take ownership of data science components across client projects, build production-ready ML and GenAI-powered applications, and mentor junior team members. You will collaborate with engineering teams to design and deploy impactful solutions that leverage cutting-edge machine learning and larg…",IT Jobs,2025-09-18T06:56:06Z,https://www.adzuna.in/details/5404307320?utm_medium=api&utm_source=3a1fdfd4,"job title: data scientist location: bangalore (hybrid/on-site depending on project needs) about the role we are seeking a highly skilled data scientist to join our team in bangalore. in this role, you will take ownership of data science components across client projects, build production-ready ml and genai-powered applications, and mentor junior team members. you will collaborate with engineering teams to design and deploy impactful solutions that leverage cutting-edge machine learning and larg…",['machine learning'],1,machine learning
data scientist,Data Scientist,Emerson,"Chandigarh, India",,,"Description As a Data Scientist you will participate in multiple data science projects right from initial problem statement formulation, data exploration/profiling & transforming for use in Advanced Analytics/ML/AI scenarios. Experience with ML Operations (MLOps) would be an advantage but not a requirement. Duties include: • Provide data science-based solutions to business problems of varying complexity • Apply data science & machine learning concepts to help develop models in diverse business …",IT Jobs,2026-07-08T03:33:29Z,https://www.adzuna.in/details/5791469484?utm_medium=api&utm_source=3a1fdfd4,"description as a data scientist you will participate in multiple data science projects right from initial problem statement formulation, data exploration/profiling & transforming for use in advanced analytics/ml/ai scenarios. experience with ml operations (mlops) would be an advantage but not a requirement. duties include: • provide data science-based solutions to business problems of varying complexity • apply data science & machine learning concepts to help develop models in diverse business …",['machine learning'],1,machine learning
data scientist,Data Scientist,allps,"Bangalore, Karnataka",,,"Description allps is looking for a passionate and analytical Data Scientist to join our innovative team in Bengaluru. This full-time, on-site position presents an exciting opportunity for entry-level candidates to dive into the world of data analysis and contribute to impactful projects within the Computer Software and Engineering industry. As a Data Scientist, you will play a crucial role in extracting insights from complex data sets, helping to drive data-driven decisions across the company. …",IT Jobs,2026-02-08T04:14:36Z,https://www.adzuna.in/details/5619816304?utm_medium=api&utm_source=3a1fdfd4,"description allps is looking for a passionate and analytical data scientist to join our innovative team in bengaluru. this full-time, on-site position presents an exciting opportunity for entry-level candidates to dive into the world of data analysis and contribute to impactful projects within the computer software and engineering industry. as a data scientist, you will play a crucial role in extracting insights from complex data sets, helping to drive data-driven decisions across the company. …",[],0,
data scientist,Data Scientist,Conneqt Business Solutions Limited,"Bangalore, Karnataka",,,"Senior 6 to 8 years of relevant experience in leading and building solutions to problems like customer churn, credit risk, cognitive, MMx, propensity, cluster, anomaly using various Machine Learning, Deep Learning, and statistical techniques. Should know Databricks, azure, sql, python and pyspark, knowledge AsDE and ADF will certainly make it interesting Apart from this, they are looking for a candidate with extensive understanding on solutioning using various data sources and data types SQL, P…",IT Jobs,2026-07-19T07:19:46Z,https://www.adzuna.in/details/5806699853?utm_medium=api&utm_source=3a1fdfd4,"senior 6 to 8 years of relevant experience in leading and building solutions to problems like customer churn, credit risk, cognitive, mmx, propensity, cluster, anomaly using various machine learning, deep learning, and statistical techniques. should know databricks, azure, sql, python and pyspark, knowledge asde and adf will certainly make it interesting apart from this, they are looking for a candidate with extensive understanding on solutioning using various data sources and data types sql, p…","['python', 'sql', 'machine learning', 'deep learning', 'azure', 'spark']",6,"python, sql, machine learning, deep learning, azure, spark"
data scientist,Data Scientist,VyTCDC,"Bangalore, Karnataka",500000.0,2800000.0,"Job Description: Role: Data Scientist Responsibilities: Lead data science and machine learning projects, contributing to model development, optimization and evaluation. Perform data cleaning, feature engineering, and exploratory data analysis. Translate business requirements into technical solutions, document and communicate project progress, manage non-technical stakeholders. Collaborate with other DS and engineers to deliver projects. Technical Skills – Must have: Experience in and understand…",IT Jobs,2025-10-15T06:42:59Z,https://www.adzuna.in/details/5447797233?utm_medium=api&utm_source=3a1fdfd4,"job description: role: data scientist responsibilities: lead data science and machine learning projects, contributing to model development, optimization and evaluation. perform data cleaning, feature engineering, and exploratory data analysis. translate business requirements into technical solutions, document and communicate project progress, manage non-technical stakeholders. collaborate with other ds and engineers to deliver projects. technical skills – must have: experience in and understand…",['machine learning'],1,machine learning
data scientist,Data Scientist,Ittiam Systems,"Bangalore, Karnataka",,,"Ittiam is a trusted solutions provider to world leaders in video, enabling next-generation experiences through its suite of intelligent video technologies and solutions. Backed by our proven video expertise and insights, our products deliver real intelligence to solve our customers’ most complex technology challenges. Our success in achieving the best performance, efficiency, agility and reliability makes us your ideal technology partner. Data Scientist responsibilities include: Interpreting da…",IT Jobs,2024-07-31T03:12:05Z,https://www.adzuna.in/details/4801513932?utm_medium=api&utm_source=3a1fdfd4,"ittiam is a trusted solutions provider to world leaders in video, enabling next-generation experiences through its suite of intelligent video technologies and solutions. backed by our proven video expertise and insights, our products deliver real intelligence to solve our customers’ most complex technology challenges. our success in achieving the best performance, efficiency, agility and reliability makes us your ideal technology partner. data scientist responsibilities include: interpreting da…",[],0,
data scientist,Data Science,Amagi Media Labs,"Chennai, Tamil Nadu",,,"Job Title: Data Science Manager Job Location: India Job Summary We at CondeNast are looking for a data science manager for the content intelligence workstream primarily, although there might be some overlap with other workstreams. The position is based out of Chennai and shall report to the head of the data science team, Chennai Responsibilities: 1. Ideate new opportunities within the content intelligence workstream where data Science can be applied to increase user engagement 2. Partner with b…",IT Jobs,2022-01-21T04:29:35Z,https://www.adzuna.in/details/2830210485?utm_medium=api&utm_source=3a1fdfd4,"job title: data science manager job location: india job summary we at condenast are looking for a data science manager for the content intelligence workstream primarily, although there might be some overlap with other workstreams. the position is based out of chennai and shall report to the head of the data science team, chennai responsibilities: 1. ideate new opportunities within the content intelligence workstream where data science can be applied to increase user engagement 2. partner with b…",[],0,
data scientist,Data Scientist,NextGen Invent Corporation,India,300000.0,2000000.0,"Experience: 1- 5 Years Job Location: WFH No. of Position: Multiple Qualifications: Ph.D. Must have Work Timings: 1:30 PM IST to 10:30 PM IST Functional Area: Data Science﻿ ﻿ NextGen Invent is currently searching for Data Scientist. This role will directly report to the VP, Data Science in Data Science Practice. The person will work on data science use-cases for the enterprise and must have deep expertise in supervised and unsupervised machine learning, modeling and algorithms with a strong focu…",IT Jobs,2023-11-28T15:08:26Z,https://www.adzuna.in/details/4454322642?utm_medium=api&utm_source=3a1fdfd4,"experience: 1- 5 years job location: wfh no. of position: multiple qualifications: ph.d. must have work timings: 1:30 pm ist to 10:30 pm ist functional area: data science﻿ ﻿ nextgen invent is currently searching for data scientist. this role will directly report to the vp, data science in data science practice. the person will work on data science use-cases for the enterprise and must have deep expertise in supervised and unsupervised machine learning, modeling and algorithms with a strong focu…",['machine learning'],1,machine learning
data scientist,Data Scientist,Rohini IT Consulting LLP,India,1200000.0,4000000.0,"Role: Data Scientist Location: Bangalore (Remote) Experience: 4 - 15 years Skills Required - Radiology, visual images, text, classical model, LLM multi model, Primarily Generative AI, Prompt Engineering, Large Language Models, Speech & Text Domain AI, Python coding, AI Skills, Real world evidence, Healthcare domain JOB DESCRIPTION We are seeking an experienced Data Scientist with a proven track record in Machine Learning, Deep Learning, and a demonstrated focus on Large Language Models (LLMs) t…",IT Jobs,2025-06-12T05:02:53Z,https://www.adzuna.in/details/5245553971?utm_medium=api&utm_source=3a1fdfd4,"role: data scientist location: bangalore (remote) experience: 4 - 15 years skills required - radiology, visual images, text, classical model, llm multi model, primarily generative ai, prompt engineering, large language models, speech & text domain ai, python coding, ai skills, real world evidence, healthcare domain job description we are seeking an experienced data scientist with a proven track record in machine learning, deep learning, and a demonstrated focus on large language models (llms) t…","['python', 'machine learning', 'deep learning']",3,"python, machine learning, deep learning"
data scientist,Data Scientist,Billeasy,"Mumbai, Maharashtra",500000.0,900000.0,"Job Details:- Designation - Data Scientist Urgently required. (NP of maximum 15 days) Location:- Mumbai Experience:- 5-7 years. Package Offered:- Rs.5,00,000/- to Rs.9,00,000/- pa. Data Scientist Job Description:- Responsibilities: Identify valuable data sources and automate collection processes Undertake preprocessing of structured and unstructured data Analyze large amounts of information to discover trends and patterns Build predictive models and machine-learning algorithms Combine models th…",IT Jobs,2022-06-26T06:20:48Z,https://www.adzuna.in/details/3262154912?utm_medium=api&utm_source=3a1fdfd4,"job details:- designation - data scientist urgently required. (np of maximum 15 days) location:- mumbai experience:- 5-7 years. package offered:- rs.5,00,000/- to rs.9,00,000/- pa. data scientist job description:- responsibilities: identify valuable data sources and automate collection processes undertake preprocessing of structured and unstructured data analyze large amounts of information to discover trends and patterns build predictive models and machine-learning algorithms combine models th…",[],0,
data scientist,Data Scientist,Ather Energy,"Bangalore, Karnataka",1000000.0,2500000.0,"YOU'LL BE OUR : Data Scientist YOU'LL BE BASED AT: IBC Knowledge Park, Bangalore YOU'LL BE ALIGNED WITH :Engineering Manager YOU'LL BE A MEMBER OF : Data Intelligence WHAT YOU'LL DO AT ATHER: Work with the vehicle intelligence platform to evolve the algorithms and the platform enhancing ride experience. Provide data driven solutions from simple to fairly complex insights on the data collected from the vehicle Identify measures and metrics that could be used insightfully to make decisions across…",IT Jobs,2021-12-30T04:23:00Z,https://www.adzuna.in/details/2776008648?utm_medium=api&utm_source=3a1fdfd4,"you'll be our : data scientist you'll be based at: ibc knowledge park, bangalore you'll be aligned with :engineering manager you'll be a member of : data intelligence what you'll do at ather: work with the vehicle intelligence platform to evolve the algorithms and the platform enhancing ride experience. provide data driven solutions from simple to fairly complex insights on the data collected from the vehicle identify measures and metrics that could be used insightfully to make decisions across…",[],0,
data scientist,Data Scientist,Marktine,"Bangalore, Karnataka",500000.0,2400000.0,"Responsibilities: Design and develop strong analytics system and predictive models Managing a team of data scientists, machine learning engineers, and big data specialists Identify valuable data sources and automate data collection processes Undertake pre-processing of structured and unstructured data Analyze large amounts of information to discover trends and patterns Build predictive models and machine-learning algorithms Combine models through ensemble modeling Present information using data…",IT Jobs,2021-05-26T12:52:28Z,https://www.adzuna.in/details/2210352942?utm_medium=api&utm_source=3a1fdfd4,"responsibilities: design and develop strong analytics system and predictive models managing a team of data scientists, machine learning engineers, and big data specialists identify valuable data sources and automate data collection processes undertake pre-processing of structured and unstructured data analyze large amounts of information to discover trends and patterns build predictive models and machine-learning algorithms combine models through ensemble modeling present information using data…","['machine learning', 'big data']",2,"machine learning, big data"
data scientist,Data Scientist,American Technology Consulting,India,,,"The Data Scientist plays a key role by creating in-depth analyses by leveraging data science techniques, methods, and interpretations to convey accurate, meaningful insights that empower IDOH and other partners to make informed decisions in support of the health, safety, and well-being of the citizens of Indiana. Essential Duties/Responsibilities: The essential functions of this role are as follows: • Provides mentoring and guidance to other, more junior Data Scientists and staff • Support the …",IT Jobs,2026-04-10T09:14:55Z,https://www.adzuna.in/details/5695258363?utm_medium=api&utm_source=3a1fdfd4,"the data scientist plays a key role by creating in-depth analyses by leveraging data science techniques, methods, and interpretations to convey accurate, meaningful insights that empower idoh and other partners to make informed decisions in support of the health, safety, and well-being of the citizens of indiana. essential duties/responsibilities: the essential functions of this role are as follows: • provides mentoring and guidance to other, more junior data scientists and staff • support the …",[],0,
data scientist,Data Scientist,The Hub,India,500000.0,1500000.0,"Who we are looking for · A Natural Language Processing (NLP) expert with strong computer science fundamentals and experience in working with deep learning frameworks. You will be working at the cutting edge of NLP and Machine Learning. Roles and Responsibilities · Work as part of a distributed team to research, build and deploy Machine Learning models for NLP. · Mentor and coach other team members · Evaluate the performance of NLP models and ideate on how they can be improved · Support internal…",IT Jobs,2024-02-14T15:52:03Z,https://www.adzuna.in/details/4568246342?utm_medium=api&utm_source=3a1fdfd4,"who we are looking for · a natural language processing (nlp) expert with strong computer science fundamentals and experience in working with deep learning frameworks. you will be working at the cutting edge of nlp and machine learning. roles and responsibilities · work as part of a distributed team to research, build and deploy machine learning models for nlp. · mentor and coach other team members · evaluate the performance of nlp models and ideate on how they can be improved · support internal…","['machine learning', 'deep learning', 'nlp']",3,"machine learning, deep learning, nlp"
data scientist,Data Scientist,Worldhire,India,,,"We are looking for an exceptional Data Scientist to lead our Business Intelligence team. The Business Intelligence team at this US based medical business company wishes to create a robust data analytics program for us and external partners. As a Data Scientist, you will play a critical role in personalizing our product experience and building data-driven solutions to optimize our business success. This role will give you the opportunity to work with stakeholders, partners, and engineers to buil…",IT Jobs,2025-04-01T01:35:02Z,https://www.adzuna.in/details/5120361336?utm_medium=api&utm_source=3a1fdfd4,"we are looking for an exceptional data scientist to lead our business intelligence team. the business intelligence team at this us based medical business company wishes to create a robust data analytics program for us and external partners. as a data scientist, you will play a critical role in personalizing our product experience and building data-driven solutions to optimize our business success. this role will give you the opportunity to work with stakeholders, partners, and engineers to buil…",[],0,
data scientist,Data Scientist,WyngCommerce,"Bangalore, Karnataka",900000.0,1500000.0,"WyngCommerce is building state of the art AI software for the Global Consumer Brands & Retailers to enable best-in-class customer experiences. Our vision is to democratize machine learning algorithms for our customers and help them realize dramatic improvements in speed, cost and flexibility. Backed by a clutch of prominent angel investors & having some of the category leaders in the retail industry as clients, we are looking to hire for our data science team. The data science team at WyngComme…",IT Jobs,2019-06-05T21:12:02Z,https://www.adzuna.in/details/1171506806?utm_medium=api&utm_source=3a1fdfd4,"wyngcommerce is building state of the art ai software for the global consumer brands & retailers to enable best-in-class customer experiences. our vision is to democratize machine learning algorithms for our customers and help them realize dramatic improvements in speed, cost and flexibility. backed by a clutch of prominent angel investors & having some of the category leaders in the retail industry as clients, we are looking to hire for our data science team. the data science team at wyngcomme…",['machine learning'],1,machine learning
data scientist,Data Scientist,Impetus Technologies,"Bangalore, Karnataka",1000000.0,3500000.0,"Looking for Data Scientist with strong expertise in Classical Machine Learning algorithms and strong expertise in SQL and Python. Experience in Pricing models will be definite plus Skills:- Data Science, Python, Predictive analytics, Pricing models and Machine Learning (ML)",IT Jobs,2022-05-09T05:26:31Z,https://www.adzuna.in/details/3115911635?utm_medium=api&utm_source=3a1fdfd4,"looking for data scientist with strong expertise in classical machine learning algorithms and strong expertise in sql and python. experience in pricing models will be definite plus skills:- data science, python, predictive analytics, pricing models and machine learning (ml)","['python', 'sql', 'machine learning']",3,"python, sql, machine learning"
data scientist,Data Scientist,Gururo,India,,,"Job Responsibilities: Manage data scientist and data specialist team. Identify the efficient source for quality data collection, Lead data collection and data mining processes. Ensure and guarantee data integrity. Analyze data and interpret data problems. Plan project, prioritize and streamline all planned data projects. Develop a proper analytic system according to the requirements. Analyze and test the performance of the products. Build reports on the visualization and performance of the prod…",IT Jobs,2025-11-23T22:44:26Z,https://www.adzuna.in/details/5510488082?utm_medium=api&utm_source=3a1fdfd4,"job responsibilities: manage data scientist and data specialist team. identify the efficient source for quality data collection, lead data collection and data mining processes. ensure and guarantee data integrity. analyze data and interpret data problems. plan project, prioritize and streamline all planned data projects. develop a proper analytic system according to the requirements. analyze and test the performance of the products. build reports on the visualization and performance of the prod…",[],0,
data scientist,Data Scientist,Fragma Data Systems,"Chennai, Tamil Nadu",0.0,1200000.0,"Skills Python coding skills Scikit-learn, pandas, tensorflow/keras experience Machine learning: designing ml models and explaining them for regression, classification, dimensionality reduction, anomaly detection etc Implementing Machine learning models and pushing it to production Creating docker images for ML models, REST API creation in Python 1) Data scientist with NLP experience Additional Skills Compulsory : Knowledge and professional experience of text and NLP related projects such as - t…",IT Jobs,2021-11-12T04:18:22Z,https://www.adzuna.in/details/2635526469?utm_medium=api&utm_source=3a1fdfd4,"skills python coding skills scikit-learn, pandas, tensorflow/keras experience machine learning: designing ml models and explaining them for regression, classification, dimensionality reduction, anomaly detection etc implementing machine learning models and pushing it to production creating docker images for ml models, rest api creation in python 1) data scientist with nlp experience additional skills compulsory : knowledge and professional experience of text and nlp related projects such as - t…","['python', 'machine learning', 'pandas', 'scikit-learn', 'tensorflow', 'nlp', 'docker']",7,"python, machine learning, pandas, scikit-learn, tensorflow, nlp, docker"
data scientist,Data Scientist,Cubera Tech India Pvt Ltd,"Bangalore, Karnataka",2400000.0,3500000.0,"Data Scientist Cubera is a data company revolutionizing big data analytics and Adtech through data share value principles wherein the users entrust their data to us. We refine the art of understanding, processing, extracting, and evaluating the data that is entrusted to us. We are a gateway for brands to increase their lead efficiency as the world moves towards web3. What you’ll do? Build machine learning models, perform proof-of-concept, experiment, optimize, and deploy your models into produc…",IT Jobs,2024-01-12T15:09:58Z,https://www.adzuna.in/details/4521451905?utm_medium=api&utm_source=3a1fdfd4,"data scientist cubera is a data company revolutionizing big data analytics and adtech through data share value principles wherein the users entrust their data to us. we refine the art of understanding, processing, extracting, and evaluating the data that is entrusted to us. we are a gateway for brands to increase their lead efficiency as the world moves towards web3. what you’ll do? build machine learning models, perform proof-of-concept, experiment, optimize, and deploy your models into produc…","['machine learning', 'big data']",2,"machine learning, big data"
data scientist,Data Scientist,Rulesiq,"Bangalore, Karnataka",,,"Job Description: Position Title: Data Scientist/Machine Learning Engineer Experience : - Minimum 3 Years Location: Remote Employment Type: Full-Time with Rulesiq Role Summary We are seeking a highly skilled and versatile Data Scientist/Machine Learning Engineer to join our team. The ideal candidate will have a strong foundation in machine learning, data science, and software engineering, coupled with the ability to design and implement end-to-end systems. This role involves working with cutting…",IT Jobs,2025-11-20T00:58:29Z,https://www.adzuna.in/details/5503838209?utm_medium=api&utm_source=3a1fdfd4,"job description: position title: data scientist/machine learning engineer experience : - minimum 3 years location: remote employment type: full-time with rulesiq role summary we are seeking a highly skilled and versatile data scientist/machine learning engineer to join our team. the ideal candidate will have a strong foundation in machine learning, data science, and software engineering, coupled with the ability to design and implement end-to-end systems. this role involves working with cutting…",['machine learning'],1,machine learning
data scientist,Data Scientist,Ad Astra Consultants,"Bangalore, Karnataka",500000.0,1500000.0,"In this role, we are looking for: A problem-solving mindset with the ability to understand business challenges and how to apply your analytics expertise to solve them. The unique person who can present complex mathematical solutions in a simple manner that most will understand, using data visualization techniques to tell a story with data. An individual excited by innovation and new technology and eager to finds ways to employ these innovations in practice. A team mentality, empowered by the ab…",IT Jobs,2020-11-22T03:03:51Z,https://www.adzuna.in/details/1837542039?utm_medium=api&utm_source=3a1fdfd4,"in this role, we are looking for: a problem-solving mindset with the ability to understand business challenges and how to apply your analytics expertise to solve them. the unique person who can present complex mathematical solutions in a simple manner that most will understand, using data visualization techniques to tell a story with data. an individual excited by innovation and new technology and eager to finds ways to employ these innovations in practice. a team mentality, empowered by the ab…",['data visualization'],1,data visualization
data scientist,Data Scientist,Officeworks,"Bangalore, Karnataka",,,"Why this role exists: The Data Scientist is a key member of the Advanced Analytics team, responsible for the end-to-end delivery of advanced analytics projects. The role partners with various business functions to understand requirements and develop the analytic methods and algorithms necessary to support data-driven decision-making across the organization. Where you will make a difference: In this role you will: Data Science and Model Development: Develop, test and improve statistical, machine…",IT Jobs,2026-07-01T10:27:52Z,https://www.adzuna.in/details/5782877685?utm_medium=api&utm_source=3a1fdfd4,"why this role exists: the data scientist is a key member of the advanced analytics team, responsible for the end-to-end delivery of advanced analytics projects. the role partners with various business functions to understand requirements and develop the analytic methods and algorithms necessary to support data-driven decision-making across the organization. where you will make a difference: in this role you will: data science and model development: develop, test and improve statistical, machine…",[],0,
data scientist,Data Scientist,Ikrux Solutions  Private Limited,"Pune, Maharashtra",,,"We are seeking a highly skilled and motivated AI/ML Engineer with expertise in Natural Language Processing (NLP), Machine Learning, and Data Analytics to join our team in Pune or Bangalore, India. The ideal candidate will be a quick learner, well-versed in the latest AI/ML and data trends, and possess a proven track record of delivering successful outcomes. Candidates must hold a Bachelor s, Master s, or Ph.D. in Computer Science, Mathematics, Statistics, or a related field and have hands-on ex…",IT Jobs,2026-06-12T06:50:28Z,https://www.adzuna.in/details/5760748141?utm_medium=api&utm_source=3a1fdfd4,"we are seeking a highly skilled and motivated ai/ml engineer with expertise in natural language processing (nlp), machine learning, and data analytics to join our team in pune or bangalore, india. the ideal candidate will be a quick learner, well-versed in the latest ai/ml and data trends, and possess a proven track record of delivering successful outcomes. candidates must hold a bachelor s, master s, or ph.d. in computer science, mathematics, statistics, or a related field and have hands-on ex…","['machine learning', 'statistics', 'nlp']",3,"machine learning, statistics, nlp"
data scientist,Data Scientist,PublicVibe,"Hyderabad, Telangana",100000.0,300000.0,"Hi Candidates, Greetings From Publicvibe  We are Hiring NLP Engineers/ Data scientists in between 0.6 to 2.5 Years of Experience for our Hyderabad location, if anyone looking out for opportunities or Job change, reach out to us. Regards, Dhaneesha Dominic. Skills: Data Science, Python, Natural Language Processing (NLP), Scala, Java, Hadoop, Spark and kafka",IT Jobs,2019-05-24T21:25:03Z,https://www.adzuna.in/details/1161626852?utm_medium=api&utm_source=3a1fdfd4,"hi candidates, greetings from publicvibe we are hiring nlp engineers/ data scientists in between 0.6 to 2.5 years of experience for our hyderabad location, if anyone looking out for opportunities or job change, reach out to us. regards, dhaneesha dominic. skills: data science, python, natural language processing (nlp), scala, java, hadoop, spark and kafka","['python', 'spark', 'hadoop', 'nlp', 'java', 'scala']",6,"python, spark, hadoop, nlp, java, scala"
data scientist,Data Scientist,Exploro Solutions,"Bangalore, Karnataka",1000000.0,4000000.0,"Role : Sr Data Scientist / Tech Lead – Data Science Number of positions : 8 Responsibilities Lead a team of data scientists, machine learning engineers and big data specialists Be the main point of contact for the customers Lead data mining and collection procedures Ensure data quality and integrity Interpret and analyze data problems Conceive, plan and prioritize data projects Build analytic systems and predictive models Test performance of data-driven products Visualize data and create report…",IT Jobs,2021-10-21T05:42:29Z,https://www.adzuna.in/details/2563331072?utm_medium=api&utm_source=3a1fdfd4,"role : sr data scientist / tech lead – data science number of positions : 8 responsibilities lead a team of data scientists, machine learning engineers and big data specialists be the main point of contact for the customers lead data mining and collection procedures ensure data quality and integrity interpret and analyze data problems conceive, plan and prioritize data projects build analytic systems and predictive models test performance of data-driven products visualize data and create report…","['machine learning', 'big data']",2,"machine learning, big data"
data scientist,Data Scientist,RECEX,"Kolkata, West Bengal",,,"Job Description: About Us: We are forward-thinking firm at the intersection of data, technology, and creativity. We empower industries through innovative, data-driven solutions and a culture that values curiosity and bold thinking. Role Summary: We’re seeking a skilled and motivated Data Scientist with 5–6 years of experience to turn complex data into actionable insights. You’ll work on real-world problems, build predictive models, and collaborate with diverse teams to drive business decisions.…",IT Jobs,2026-05-13T02:13:52Z,https://www.adzuna.in/details/5727242606?utm_medium=api&utm_source=3a1fdfd4,"job description: about us: we are forward-thinking firm at the intersection of data, technology, and creativity. we empower industries through innovative, data-driven solutions and a culture that values curiosity and bold thinking. role summary: we’re seeking a skilled and motivated data scientist with 5–6 years of experience to turn complex data into actionable insights. you’ll work on real-world problems, build predictive models, and collaborate with diverse teams to drive business decisions.…",[],0,
data scientist,FinTech Associate Professor / Assistant Professor,DBS Global University,"Dehradun, Uttarakhand",,,"FinTech Associate Professor / Assistant Professor DBS Global University invites applications for the position of Associate Professor / Assistant Professor from dynamic academicians and industry professionals with expertise in FinTech . The incumbent will be responsible for teaching, research, curriculum development, student mentoring, and academic administration while contributing to the University's mission of academic excellence and industry relevance. Specializations: FinTech (Finance & Stoc…",Teaching Jobs,2026-07-15T01:56:22Z,https://www.adzuna.in/land/ad/5800207767?se=9tuqsuuH8RG3tOkLR0Zx3w&utm_medium=api&utm_source=3a1fdfd4&v=DEF0C61030D7BD0E80E95C9E1FC64E9562D57DDD,"fintech associate professor / assistant professor dbs global university invites applications for the position of associate professor / assistant professor from dynamic academicians and industry professionals with expertise in fintech . the incumbent will be responsible for teaching, research, curriculum development, student mentoring, and academic administration while contributing to the university's mission of academic excellence and industry relevance. specializations: fintech (finance & stoc…",['excel'],1,excel
data scientist,Chartered Accountant,Intellipaat,"Bangalore, Karnataka",,,"About Us Intellipaat is a global online professional training provider. We offer up-to-date, industry-designed certification programs covering Big Data, Data Science, Artificial Intelligence, and 150 other top-trending technologies. We help professionals make the right career decisions, choose trainers with over a decade of industry experience, provide extensive hands-on projects, rigorously evaluate learner progress, and offer industry-recognised certifications. We also help corporate clients …",Accounting & Finance Jobs,2026-07-24T18:59:53Z,https://www.adzuna.in/land/ad/5813877153?se=9tuqsuuH8RG3tOkLR0Zx3w&utm_medium=api&utm_source=3a1fdfd4&v=89E95F5379BACB06EA0C90C7E1D7DDA7CDFE9DEC,"about us intellipaat is a global online professional training provider. we offer up-to-date, industry-designed certification programs covering big data, data science, artificial intelligence, and 150 other top-trending technologies. we help professionals make the right career decisions, choose trainers with over a decade of industry experience, provide extensive hands-on projects, rigorously evaluate learner progress, and offer industry-recognised certifications. we also help corporate clients …",['big data'],1,big data
data scientist,Data Scientist,Success Pact,"Bangalore, Karnataka",800000.0,2200000.0,"3-5yrs of practical DS experience working with varied data sets. Working with retail banking is preferred but not necessary. Need to be strong in concepts of statistical modelling – particularly looking for practical knowledge learnt from work experience (should be able to give ""rule of thumb"" answers) Strong problem solving skills and the ability to articulate really well. Ideally, the data scientist should have interfaced with data engineering and model deployment teams to bring models / solu…",IT Jobs,2021-03-26T04:45:21Z,https://www.adzuna.in/details/2077170837?utm_medium=api&utm_source=3a1fdfd4,"3-5yrs of practical ds experience working with varied data sets. working with retail banking is preferred but not necessary. need to be strong in concepts of statistical modelling – particularly looking for practical knowledge learnt from work experience (should be able to give ""rule of thumb"" answers) strong problem solving skills and the ability to articulate really well. ideally, the data scientist should have interfaced with data engineering and model deployment teams to bring models / solu…",[],0,
data scientist,Data Scientist,Spes Manning,"Pune, Maharashtra",,,Key responsibilities: Utilize statistical modeling and machine learning techniques to analyze data and solve complex problems. Extract actionable insights from large and complex datasets to influence business strategies. Develop and present clear visualizations and reports for both technical and non-technical audiences. Work closely with cross-functional teams to understand business needs and provide data-driven solutions. Stay up to date with the latest technologies and trends in data science …,IT Jobs,2026-06-12T06:56:55Z,https://www.adzuna.in/details/5760756052?utm_medium=api&utm_source=3a1fdfd4,key responsibilities: utilize statistical modeling and machine learning techniques to analyze data and solve complex problems. extract actionable insights from large and complex datasets to influence business strategies. develop and present clear visualizations and reports for both technical and non-technical audiences. work closely with cross-functional teams to understand business needs and provide data-driven solutions. stay up to date with the latest technologies and trends in data science …,['machine learning'],1,machine learning
data scientist,Data Scientist,Virtusa,"Chennai, Tamil Nadu",,,"About The Role We are looking for an experienced Data Scientist to lead the design and development of data-driven solutions that enable smarter business decisions and predictive capabilities. The ideal candidate combines strong analytical skills, statistical expertise, and hands-on experience with machine learning and big data technologies. You will work collaboratively with data engineers, analysts, and business stakeholders to deliver insights and scalable ML models that create measurable imp…",IT Jobs,2026-07-07T19:31:19Z,https://www.adzuna.in/details/5791037536?utm_medium=api&utm_source=3a1fdfd4,"about the role we are looking for an experienced data scientist to lead the design and development of data-driven solutions that enable smarter business decisions and predictive capabilities. the ideal candidate combines strong analytical skills, statistical expertise, and hands-on experience with machine learning and big data technologies. you will work collaboratively with data engineers, analysts, and business stakeholders to deliver insights and scalable ml models that create measurable imp…","['machine learning', 'scala', 'big data']",3,"machine learning, scala, big data"
data scientist,Data Scientist,Kroll,India,,,"Description Kroll is hiring a Data Scientist to join its Enterprise Data Group. This role is ideal for an early- to mid-career practitioner who is eager to develop deep expertise across the ML lifecycle while contributing to high-impact work in a sophisticated, collaborative data science team. Our program spans fintech product development, digital transformation, process automation with machine learning, business intelligence, data governance, and generative AI. You will be embedded in a team o…",IT Jobs,2026-05-30T02:25:15Z,https://www.adzuna.in/details/5744845317?utm_medium=api&utm_source=3a1fdfd4,"description kroll is hiring a data scientist to join its enterprise data group. this role is ideal for an early- to mid-career practitioner who is eager to develop deep expertise across the ml lifecycle while contributing to high-impact work in a sophisticated, collaborative data science team. our program spans fintech product development, digital transformation, process automation with machine learning, business intelligence, data governance, and generative ai. you will be embedded in a team o…","['machine learning', 'git']",2,"machine learning, git"
data scientist,Data Scientist,Cardinal Health,India,,,"Data Scientist Headquartered in Dublin, Ohio, Cardinal Health, Inc. (NYSE: CAH) is a global, integrated healthcare services and products company connecting patients, providers, payers, pharmacists and manufacturers for integrated care coordination and better patient management. Backed by nearly 100 years of experience, with more than 50,000 employees in nearly 60 countries, Cardinal Health ranks among the top 20 on the Fortune 500. Department Overview AI & Data Science team builds analytics and…",IT Jobs,2026-07-25T03:18:28Z,https://www.adzuna.in/details/5814428956?utm_medium=api&utm_source=3a1fdfd4,"data scientist headquartered in dublin, ohio, cardinal health, inc. (nyse: cah) is a global, integrated healthcare services and products company connecting patients, providers, payers, pharmacists and manufacturers for integrated care coordination and better patient management. backed by nearly 100 years of experience, with more than 50,000 employees in nearly 60 countries, cardinal health ranks among the top 20 on the fortune 500. department overview ai & data science team builds analytics and…",[],0,
data scientist,Data Scientist,Carrier,"Hyderabad, Telangana",,,"Country: India Location: Building No 12D, Floor 5, Raheja Mindspace, Cyberabad, Madhapur, Hyderabad - 500081, Telangana, India Job Title – Data Scientist Preferred Location: Hyderabad, India Full time/Part Time - Full Time Build a career with confidence: Carrier Global Corporation, global leader in intelligent climate and energy solutions is committed to creating solutions that matter for people and our planet for generations to come. From the beginning, we've led in inventing new technologies …",IT Jobs,2024-03-07T21:39:09Z,https://www.adzuna.in/details/4597331170?utm_medium=api&utm_source=3a1fdfd4,"country: india location: building no 12d, floor 5, raheja mindspace, cyberabad, madhapur, hyderabad - 500081, telangana, india job title – data scientist preferred location: hyderabad, india full time/part time - full time build a career with confidence: carrier global corporation, global leader in intelligent climate and energy solutions is committed to creating solutions that matter for people and our planet for generations to come. from the beginning, we've led in inventing new technologies …",[],0,
data scientist,Data Scientist,AB InBev India,India,,,"Dreaming big is in our DNA. It’s who we are as a company. It’s our culture. It’s our heritage. And more than ever, it’s our future. A future where we’re always looking forward. Always serving up new ways to meet life’s moments. A future where we keep dreaming bigger. We look for people with passion, talent, and curiosity, and provide them with the teammates, resources and opportunities to unleash their full potential. The power we create together – when we combine your strengths with ours – is …",IT Jobs,2026-07-13T03:21:33Z,https://www.adzuna.in/details/5798270150?utm_medium=api&utm_source=3a1fdfd4,"dreaming big is in our dna. it’s who we are as a company. it’s our culture. it’s our heritage. and more than ever, it’s our future. a future where we’re always looking forward. always serving up new ways to meet life’s moments. a future where we keep dreaming bigger. we look for people with passion, talent, and curiosity, and provide them with the teammates, resources and opportunities to unleash their full potential. the power we create together – when we combine your strengths with ours – is …",[],0,
data scientist,Data Scientist,Jobdost,"Noida, Ghaziabad",1500000.0,4000000.0,"Data Scientist Requirements ● B.Tech/Masters in Mathematics, Statistics, Computer Science or another quantitative field ● 2-3 years of work experience in ML domain ( 2-5 years experience ) ● Hands-on coding experience in Python ● Experience in machine learning techniques such as Regression, Classification, Predictive modeling, Clustering, Deep Learning stack, NLP ● Working knowledge of Tensorflow/PyTorch Optional Add-ons- ● Experience with distributed computing frameworks: Map/Reduce, Hadoop, S…",IT Jobs,2022-09-08T06:48:16Z,https://www.adzuna.in/details/3468848513?utm_medium=api&utm_source=3a1fdfd4,"data scientist requirements ● b.tech/masters in mathematics, statistics, computer science or another quantitative field ● 2-3 years of work experience in ml domain ( 2-5 years experience ) ● hands-on coding experience in python ● experience in machine learning techniques such as regression, classification, predictive modeling, clustering, deep learning stack, nlp ● working knowledge of tensorflow/pytorch optional add-ons- ● experience with distributed computing frameworks: map/reduce, hadoop, s…","['python', 'machine learning', 'deep learning', 'tensorflow', 'pytorch', 'hadoop', 'statistics', 'nlp']",8,"python, machine learning, deep learning, tensorflow, pytorch, hadoop, statistics, nlp"
data scientist,Data Scientist,CarWale,"Navi Mumbai, Maharashtra",500000.0,1500000.0,"About CarWale : CarWale's mission is to bring delight in car buying, we offer a bouquet of reliable tools and services to help car consumers decide on buying the right car, at the right price and from the right partner. CarWale has always strived to serve car buyers and owners in the most comprehensive and convenient way possible. We provide a platform where car buyers and owners can research, buy, sell and come together to discuss and talk about their cars.We aim to empower Indian consumers to…",IT Jobs,2021-09-13T01:16:40Z,https://www.adzuna.in/details/2453704584?utm_medium=api&utm_source=3a1fdfd4,"about carwale : carwale's mission is to bring delight in car buying, we offer a bouquet of reliable tools and services to help car consumers decide on buying the right car, at the right price and from the right partner. carwale has always strived to serve car buyers and owners in the most comprehensive and convenient way possible. we provide a platform where car buyers and owners can research, buy, sell and come together to discuss and talk about their cars.we aim to empower indian consumers to…",[],0,
data scientist,Data Scientist,Qrata,"Hyderabad, Telangana",1700000.0,3500000.0,"Requirements: Skills  A Bachelor’s degree in data science, statistics, computer science, or a similar field  2 years industry experience working in a data science role, such as statistics, machine learning, deep learning, quantitative financial analysis, data engineering or natural language processing  Domain experience in Financial Services (banking, insurance, risk, funds) is preferred  Have and experience and be involved in producing and rapidly delivering minimum viable products, result…",IT Jobs,2024-01-07T15:07:55Z,https://www.adzuna.in/details/4514376308?utm_medium=api&utm_source=3a1fdfd4,"requirements: skills  a bachelor’s degree in data science, statistics, computer science, or a similar field  2 years industry experience working in a data science role, such as statistics, machine learning, deep learning, quantitative financial analysis, data engineering or natural language processing  domain experience in financial services (banking, insurance, risk, funds) is preferred  have and experience and be involved in producing and rapidly delivering minimum viable products, result…","['machine learning', 'deep learning', 'statistics']",3,"machine learning, deep learning, statistics"
data scientist,Data Scientist,Multi Recruit,"Bangalore, Karnataka",2000000.0,6000000.0,Research and develop statistical learning models for data analysis Collaborate with product management and engineering departments to understand company needs and devise possible solutions Keep up-to-date with latest technology trends Communicate results and ideas to key decision makers Implement new statistical or other mathematical methodologies as needed for specific models or analysis Optimize joint development efforts through appropriate database use and project design Qualifications/Requi…,IT Jobs,2022-01-30T04:34:34Z,https://www.adzuna.in/details/2853928406?utm_medium=api&utm_source=3a1fdfd4,research and develop statistical learning models for data analysis collaborate with product management and engineering departments to understand company needs and devise possible solutions keep up-to-date with latest technology trends communicate results and ideas to key decision makers implement new statistical or other mathematical methodologies as needed for specific models or analysis optimize joint development efforts through appropriate database use and project design qualifications/requi…,[],0,
data scientist,Data Science,ALIQAN Technologies,"Bangalore, Karnataka",100000.0,150000.0,"Position: Data Scientist (GCP) Years of Exp: 6 to 10 Years Location: Bengaluru and Noida Job Description : We are looking for an experienced Data Scientist with strong hands-on expertise in Google Cloud Platform (GCP) to drive data-driven solutions through advanced analytics and machine learning models. The ideal candidate will have 610 years of experience in building ML models, data analysis, and deploying solutions on cloud infrastructure. Key Responsibilities : * Design and implement ML mode…",IT Jobs,2026-05-26T06:36:44Z,https://www.adzuna.in/details/5740847497?utm_medium=api&utm_source=3a1fdfd4,"position: data scientist (gcp) years of exp: 6 to 10 years location: bengaluru and noida job description : we are looking for an experienced data scientist with strong hands-on expertise in google cloud platform (gcp) to drive data-driven solutions through advanced analytics and machine learning models. the ideal candidate will have 610 years of experience in building ml models, data analysis, and deploying solutions on cloud infrastructure. key responsibilities : * design and implement ml mode…","['machine learning', 'gcp']",2,"machine learning, gcp"
data scientist,Data Scientist,Hucon Solutions India Private Limited,"Bangalore, Karnataka",,,"Position Title: Data Scientist Location: Bengaluru Experience: 8-12 years About the Role: Hucon Solutions is partnering with a leading client to find a talented Data Scientist with expertise in Artificial Intelligence (AI) and Machine Learning (ML). This is an excellent opportunity to work on innovative data-driven projects and help drive business insights and solutions using cutting-edge AI/ML technologies. Key Responsibilities: Design, develop, and implement AI and ML models to solve complex …",IT Jobs,2026-06-02T06:47:34Z,https://www.adzuna.in/details/5748519119?utm_medium=api&utm_source=3a1fdfd4,"position title: data scientist location: bengaluru experience: 8-12 years about the role: hucon solutions is partnering with a leading client to find a talented data scientist with expertise in artificial intelligence (ai) and machine learning (ml). this is an excellent opportunity to work on innovative data-driven projects and help drive business insights and solutions using cutting-edge ai/ml technologies. key responsibilities: design, develop, and implement ai and ml models to solve complex …","['excel', 'machine learning']",2,"excel, machine learning"
data scientist,Data Scientist,Applied Materials,India,,,"Who We Are Applied Materials is a global leader in materials engineering solutions used to produce virtually every new chip and advanced display in the world. We design, build and service cutting-edge equipment that helps our customers manufacture display and semiconductor chips – the brains of devices we use every day. As the foundation of the global electronics industry, Applied enables the exciting technologies that literally connect our world – like AI and IoT. If you want to push the bound…",Engineering Jobs,2026-07-23T03:22:42Z,https://www.adzuna.in/details/5811352614?utm_medium=api&utm_source=3a1fdfd4,"who we are applied materials is a global leader in materials engineering solutions used to produce virtually every new chip and advanced display in the world. we design, build and service cutting-edge equipment that helps our customers manufacture display and semiconductor chips – the brains of devices we use every day. as the foundation of the global electronics industry, applied enables the exciting technologies that literally connect our world – like ai and iot. if you want to push the bound…",[],0,
data scientist,Data Scientist,QuaXigma IT solutions Private Limited,"Andhra Pradesh, India",600000.0,1000000.0,"Data Scientist Job Id: QX003 About Us: QX impact was launched with a mission to make AI accessible and affordable and deliver AI Products/Solutions at scale for enterprises by bringing the power of Data, AI, and Engineering to drive digital transformation. We believe without insights, businesses will continue to face challenges to better understand their customers and even lose them; Secondly, without insights businesses won't’ be able to deliver differentiated products/services; and finally, w…",IT Jobs,2026-06-18T15:13:55Z,https://www.adzuna.in/details/5767894313?utm_medium=api&utm_source=3a1fdfd4,"data scientist job id: qx003 about us: qx impact was launched with a mission to make ai accessible and affordable and deliver ai products/solutions at scale for enterprises by bringing the power of data, ai, and engineering to drive digital transformation. we believe without insights, businesses will continue to face challenges to better understand their customers and even lose them; secondly, without insights businesses won't’ be able to deliver differentiated products/services; and finally, w…",['git'],1,git
data scientist,Data Scientist,Smartan.ai,"Chennai, Tamil Nadu",500000.0,1500000.0,"Role Overview: We are seeking a highly skilled and motivated Data Scientist to join our growing team. The ideal candidate will be responsible for developing and deploying machine learning models from scratch to production level, focusing on building robust data-driven products. You will work closely with software engineers, product managers, and other stakeholders to ensure our AI-driven solutions meet the needs of our users and align with the company's strategic goals. Key Responsibilities: De…",IT Jobs,2024-10-02T12:06:29Z,https://www.adzuna.in/details/4885249969?utm_medium=api&utm_source=3a1fdfd4,"role overview: we are seeking a highly skilled and motivated data scientist to join our growing team. the ideal candidate will be responsible for developing and deploying machine learning models from scratch to production level, focusing on building robust data-driven products. you will work closely with software engineers, product managers, and other stakeholders to ensure our ai-driven solutions meet the needs of our users and align with the company's strategic goals. key responsibilities: de…",['machine learning'],1,machine learning
data scientist,Data Scientist,One Labs,"Delhi, India",300000.0,600000.0,"Job Description We are looking for a data scientist that will help us to discover the information hidden in vast amounts of data, and help us make smarter decisions to deliver even better products. Your primary focus will be in applying data mining techniques, doing statistical analysis, and building high quality prediction systems integrated with our products. Responsibilities Selecting features, building and optimizing classifiers using machine learning techniques Data mining using state-of-t…",IT Jobs,2019-08-08T09:36:52Z,https://www.adzuna.in/details/1229891739?utm_medium=api&utm_source=3a1fdfd4,"job description we are looking for a data scientist that will help us to discover the information hidden in vast amounts of data, and help us make smarter decisions to deliver even better products. your primary focus will be in applying data mining techniques, doing statistical analysis, and building high quality prediction systems integrated with our products. responsibilities selecting features, building and optimizing classifiers using machine learning techniques data mining using state-of-t…",['machine learning'],1,machine learning
data scientist,Data Scientist,Gormalone LLP,"Bangalore, Karnataka",500000.0,2000000.0,"DATA SCIENTIST-MACHINE LEARNING GormalOne LLP. Mumbai IN Job Description GormalOne is a social impact Agri tech enterprise focused on farmer-centric projects. Our vision is to make farming highly profitable for the smallest farmer, thereby ensuring India's “Nutrition security”. Our mission is driven by the use of advanced technology. Our technology will be highly user-friendly, for the majority of farmers, who are digitally naive. We are looking for people, who are keen to use their skills to t…",IT Jobs,2022-07-25T06:40:44Z,https://www.adzuna.in/details/3345106502?utm_medium=api&utm_source=3a1fdfd4,"data scientist-machine learning gormalone llp. mumbai in job description gormalone is a social impact agri tech enterprise focused on farmer-centric projects. our vision is to make farming highly profitable for the smallest farmer, thereby ensuring india's “nutrition security”. our mission is driven by the use of advanced technology. our technology will be highly user-friendly, for the majority of farmers, who are digitally naive. we are looking for people, who are keen to use their skills to t…","['machine learning', 'git']",2,"machine learning, git"
data scientist,Data Scientist,Safran,"Bangalore, Karnataka",,,"Data Scientist Job details General information Entity Safran is an international high-technology group operating in the fields of aerospace (propulsion, equipment and interiors), space and defense. Its mission is to contribute sustainably to a safer world, where air transport becomes ever more environmentally friendly, comfortable and accessible. Present on every continent, the Group employs 110,000 people and generated 31.3 billion in revenue in 2025. Safran holds, either independently or thro…",IT Jobs,2025-12-19T11:39:07Z,https://www.adzuna.in/details/5548266439?utm_medium=api&utm_source=3a1fdfd4,"data scientist job details general information entity safran is an international high-technology group operating in the fields of aerospace (propulsion, equipment and interiors), space and defense. its mission is to contribute sustainably to a safer world, where air transport becomes ever more environmentally friendly, comfortable and accessible. present on every continent, the group employs 110,000 people and generated 31.3 billion in revenue in 2025. safran holds, either independently or thro…",[],0,
data scientist,Data Scientist,Qrata,"Bangalore, Karnataka",1000000.0,3200000.0,A good understanding of the fundamentals of data science/algorithms or software engineering 2. Preferably should have done some project or internship related to the field 3. Knowledge of SQL is a plus 4. A deep desire to learn new things and be a part of a vibrant start-up. 5. You will have a lot of freehand and this comes with immense responsibility - so it is expected that you will be willing to master new things that come along Job Description: 1. Design and build a pipeline to train models …,IT Jobs,2024-01-07T15:08:11Z,https://www.adzuna.in/details/4514376731?utm_medium=api&utm_source=3a1fdfd4,a good understanding of the fundamentals of data science/algorithms or software engineering 2. preferably should have done some project or internship related to the field 3. knowledge of sql is a plus 4. a deep desire to learn new things and be a part of a vibrant start-up. 5. you will have a lot of freehand and this comes with immense responsibility - so it is expected that you will be willing to master new things that come along job description: 1. design and build a pipeline to train models …,['sql'],1,sql
data scientist,Data scientist,NeoGenCode Technologies Pvt Ltd,India,500000.0,1400000.0,"We’re searching for an experienced Data Scientist with a strong background in NLP and large language models to join our innovative team! If you thrive on solving complex language problems and are hands-on with spaCy, NER, RNN, LSTM, Transformers, and LLMs (like GPT), we want to connect. What You’ll Do: Build & deploy advanced NLP solutions: entity recognition, text classification, and more. Fine-tune and train state-of-the-art deep learning models (RNN, LSTM, Transformer, GPT). Apply libraries …",IT Jobs,2025-08-04T05:33:04Z,https://www.adzuna.in/details/5336689176?utm_medium=api&utm_source=3a1fdfd4,"we’re searching for an experienced data scientist with a strong background in nlp and large language models to join our innovative team! if you thrive on solving complex language problems and are hands-on with spacy, ner, rnn, lstm, transformers, and llms (like gpt), we want to connect. what you’ll do: build & deploy advanced nlp solutions: entity recognition, text classification, and more. fine-tune and train state-of-the-art deep learning models (rnn, lstm, transformer, gpt). apply libraries …","['deep learning', 'nlp']",2,"deep learning, nlp"
data scientist,Data Scientist,Qrata,"Delhi, India",800000.0,1400000.0,"Job Title - Data Scientist Job Duties Data Scientist responsibilities includes planning projects and building analytics models. You should have a strong problem-solving ability and a knack for statistical analysis. If you're also able to align our data products with our business goals, we'd like to meet you. Your ultimate goal will be to help improve our products and business decisions by making the most out of our data. Responsibilities Own end-to-end business problems and metrics, build and i…",IT Jobs,2024-01-07T15:07:48Z,https://www.adzuna.in/details/4514376170?utm_medium=api&utm_source=3a1fdfd4,"job title - data scientist job duties data scientist responsibilities includes planning projects and building analytics models. you should have a strong problem-solving ability and a knack for statistical analysis. if you're also able to align our data products with our business goals, we'd like to meet you. your ultimate goal will be to help improve our products and business decisions by making the most out of our data. responsibilities own end-to-end business problems and metrics, build and i…",[],0,
data scientist,Data Scientist,Colan Infotech Private Limited,"Chennai, Tamil Nadu",,,"Key Responsibilities Model Development & Optimization Design, develop, and deploy advanced deep learning models (CNN, RNN, LSTM, Transformers) Build scalable AI solutions for real-world business problems Perform feature engineering, hyperparameter tuning, and model optimization Implement transfer learning and fine-tuning of pre-trained models Improve model accuracy, efficiency, and scalability Data Engineering & Processing Work with large structured and unstructured datasets Develop data pipeli…",IT Jobs,2026-05-26T06:36:52Z,https://www.adzuna.in/details/5740849254?utm_medium=api&utm_source=3a1fdfd4,"key responsibilities model development & optimization design, develop, and deploy advanced deep learning models (cnn, rnn, lstm, transformers) build scalable ai solutions for real-world business problems perform feature engineering, hyperparameter tuning, and model optimization implement transfer learning and fine-tuning of pre-trained models improve model accuracy, efficiency, and scalability data engineering & processing work with large structured and unstructured datasets develop data pipeli…","['deep learning', 'scala']",2,"deep learning, scala"
data scientist,Data Scientist,Pluto Seven Business Solutions Pvt Ltd,"Bangalore, Karnataka",400000.0,2000000.0,"Data Scientist : Pluto7 is a services and solutions company focused on building ML, Ai, Analytics, and IoT tailored solutions to accelerate business transformation.We are a Premier Google Cloud Partner, servicing Retail, Manufacturing, Healthcare, and Hi-Tech industries. We are a Google premium partner in AI & ML, which means you'll have the opportunity to work and collaborate with folks from Google. Are you an innovator, have a passion to work with data and find insights, have the inquisitive …",IT Jobs,2019-06-05T21:12:03Z,https://www.adzuna.in/details/1171506865?utm_medium=api&utm_source=3a1fdfd4,"data scientist : pluto7 is a services and solutions company focused on building ml, ai, analytics, and iot tailored solutions to accelerate business transformation.we are a premier google cloud partner, servicing retail, manufacturing, healthcare, and hi-tech industries. we are a google premium partner in ai & ml, which means you'll have the opportunity to work and collaborate with folks from google. are you an innovator, have a passion to work with data and find insights, have the inquisitive …",[],0,
data scientist,Data Scientist,Amgen,"Hyderabad, Telangana",,,"Data Scientist - Compliance & Internal Audit Support (Hyderabad, India) Overview We are seeking a highly motivated Data Scientist to join our Corporate Audit and Worldwide Compliance & Business Ethics teams in Hyderabad, India. This role is ideal for a self-starter who thrives on continuous improvement, innovation, and applying advanced analytics to strengthen compliance and audit capabilities. The Data Scientist will leverage both proven technologies and emerging tools - including generative a…",IT Jobs,2026-02-18T06:48:40Z,https://www.adzuna.in/details/5633851808?utm_medium=api&utm_source=3a1fdfd4,"data scientist - compliance & internal audit support (hyderabad, india) overview we are seeking a highly motivated data scientist to join our corporate audit and worldwide compliance & business ethics teams in hyderabad, india. this role is ideal for a self-starter who thrives on continuous improvement, innovation, and applying advanced analytics to strengthen compliance and audit capabilities. the data scientist will leverage both proven technologies and emerging tools - including generative a…",[],0,
data scientist,Data Scientist,Adform,"Mumbai, Maharashtra",,,"About the Role and Team: Research Team in Adform focuses on an exploration of a vast amount of online advertising data, development of predictive and segmentation models to optimize campaign strategy towards the most meaningful inventory, audience and ad, fraud detection, and many others. You will be a vital part of the data scientist efforts, working in a cross-functional international Agile team, with other data scientists, engineers, product managers, and leaders located in multiple location…",IT Jobs,2026-07-24T21:27:31Z,https://www.adzuna.in/details/5814090481?utm_medium=api&utm_source=3a1fdfd4,"about the role and team: research team in adform focuses on an exploration of a vast amount of online advertising data, development of predictive and segmentation models to optimize campaign strategy towards the most meaningful inventory, audience and ad, fraud detection, and many others. you will be a vital part of the data scientist efforts, working in a cross-functional international agile team, with other data scientists, engineers, product managers, and leaders located in multiple location…",[],0,
data scientist,Data Scientist,hirezyai,"Mumbai, Maharashtra",2400000.0,3000000.0,"What We’re Looking For 3-5 years of Data Science & ML experience in consumer internet / B2C products. Degree in Statistics, Computer Science, or Engineering (or certification in Data Science). Machine Learning wizardry: recommender systems, NLP, user profiling, image processing, anomaly detection. Statistical chops: finding meaningful insights in large data sets. Programming ninja: R, Python, SQL  hands-on with Numpy, Pandas, scikit-learn, Keras, TensorFlow (or similar). Visualization skills: R…",IT Jobs,2025-11-15T02:28:44Z,https://www.adzuna.in/details/5496729203?utm_medium=api&utm_source=3a1fdfd4,"what we’re looking for 3-5 years of data science & ml experience in consumer internet / b2c products. degree in statistics, computer science, or engineering (or certification in data science). machine learning wizardry: recommender systems, nlp, user profiling, image processing, anomaly detection. statistical chops: finding meaningful insights in large data sets. programming ninja: r, python, sql hands-on with numpy, pandas, scikit-learn, keras, tensorflow (or similar). visualization skills: r…","['python', 'sql', 'machine learning', 'pandas', 'numpy', 'scikit-learn', 'tensorflow', 'statistics', 'nlp']",9,"python, sql, machine learning, pandas, numpy, scikit-learn, tensorflow, statistics, nlp"
data scientist,Data Scientist,Airbus,India,,,"Job Description: The Airbus India Innovation Centre (AIC) is at the forefront of the company’s digital transformation, particularly within the Innovation and Engineering departments. As we move towards Industrialisation of AI, the department focuses on applying Advanced Analytics, Machine Learning, and Deep Tech to solve critical aerospace challenges—ranging from generative design and predictive maintenance to autonomous systems. In this fast-paced environment, the Innovation Team acts as an in…",IT Jobs,2026-06-13T02:42:34Z,https://www.adzuna.in/details/5761806680?utm_medium=api&utm_source=3a1fdfd4,"job description: the airbus india innovation centre (aic) is at the forefront of the company’s digital transformation, particularly within the innovation and engineering departments. as we move towards industrialisation of ai, the department focuses on applying advanced analytics, machine learning, and deep tech to solve critical aerospace challenges—ranging from generative design and predictive maintenance to autonomous systems. in this fast-paced environment, the innovation team acts as an in…","['machine learning', 'git']",2,"machine learning, git"
data scientist,Data Scientist,BYGRAD,"Bangalore, Karnataka",0.0,1200000.0,"Job description Position: Data Scientist Location: Bangalore Long Term Contract position Remote Till Covid Experience in applied data science, analytics, data storytelling. Write well documented code that can be shared and used across teams, and can scale to be used in existing products. SQL, Advanced Python or R (descriptive / predictive models), Tableau Visualization. Working knowledge of Hadoop, BigQuery, Presto, Vertica Apply your expertise in quantitative analysis, data mining, and the pre…",IT Jobs,2021-04-17T09:54:43Z,https://www.adzuna.in/details/2123886640?utm_medium=api&utm_source=3a1fdfd4,"job description position: data scientist location: bangalore long term contract position remote till covid experience in applied data science, analytics, data storytelling. write well documented code that can be shared and used across teams, and can scale to be used in existing products. sql, advanced python or r (descriptive / predictive models), tableau visualization. working knowledge of hadoop, bigquery, presto, vertica apply your expertise in quantitative analysis, data mining, and the pre…","['python', 'sql', 'tableau', 'hadoop']",4,"python, sql, tableau, hadoop"
data scientist,Data Scientist,Credit Saison Finance Pvt Ltd,"Bangalore, Karnataka",1200000.0,3000000.0,"Role & Responsibilities: 1) Understand the business objectives, formulate hypotheses and collect the relevant data using SQL/R/Python. Analyse bureau, customer and lending performance data on a periodic basis to generate insights. Present complex information and data in an uncomplicated, easyto-understand way to drive action. 2) Independently Build and refit robust models for achieving game-changing growth while managing risk. 3) Identify and implement new analytical/modelling techniques to imp…",IT Jobs,2020-06-18T22:05:46Z,https://www.adzuna.in/details/1577157209?utm_medium=api&utm_source=3a1fdfd4,"role & responsibilities: 1) understand the business objectives, formulate hypotheses and collect the relevant data using sql/r/python. analyse bureau, customer and lending performance data on a periodic basis to generate insights. present complex information and data in an uncomplicated, easyto-understand way to drive action. 2) independently build and refit robust models for achieving game-changing growth while managing risk. 3) identify and implement new analytical/modelling techniques to imp…","['python', 'sql']",2,"python, sql"
data scientist,Data Scientist,Jobgether,India,,,"This position is listed on behalf of a partner company, who manages all applications and next steps. Our partner is looking for a Data Scientist based in India. This role offers the opportunity to design and deliver advanced AI and machine learning solutions that solve complex business challenges. You will work at the intersection of data science, Generative AI, NLP, and modern language models. The position involves building scalable AI systems, developing innovative models, and transforming id…",IT Jobs,2026-07-23T03:36:08Z,https://www.adzuna.in/details/5811440912?utm_medium=api&utm_source=3a1fdfd4,"this position is listed on behalf of a partner company, who manages all applications and next steps. our partner is looking for a data scientist based in india. this role offers the opportunity to design and deliver advanced ai and machine learning solutions that solve complex business challenges. you will work at the intersection of data science, generative ai, nlp, and modern language models. the position involves building scalable ai systems, developing innovative models, and transforming id…","['machine learning', 'nlp', 'scala']",3,"machine learning, nlp, scala"
data scientist,Data Scientist,BlueConic,"Pune, Maharashtra",,,"About BlueConic: BlueConic is the operating system that puts data into action for marketing and growth doers. Our vision is one where marketers achieve their long-held, rarely realized ambitions of blending creativity with data, and performance with agility. With BlueConic, this ambition becomes a reality, transforming the relationship between brands and consumers. More than 500 businesses worldwide rely on BlueConic to unlock their full customer data potential, including Forbes, Heineken, Matt…",IT Jobs,2026-07-20T03:17:26Z,https://www.adzuna.in/details/5807488312?utm_medium=api&utm_source=3a1fdfd4,"about blueconic: blueconic is the operating system that puts data into action for marketing and growth doers. our vision is one where marketers achieve their long-held, rarely realized ambitions of blending creativity with data, and performance with agility. with blueconic, this ambition becomes a reality, transforming the relationship between brands and consumers. more than 500 businesses worldwide rely on blueconic to unlock their full customer data potential, including forbes, heineken, matt…",[],0,
data scientist,Data Scientist,Data Sutram,"Mumbai, Maharashtra",,,"Data Sutram, funded by India Infoline (IIFL), Indian Angel Network (IAN) and 100x.VC (led by Sanjay Mehta), is an alternate data company, using external data feeds to create every location's DNA that is utilized in various use cases like credit underwriting, location profiling, site selection, etc. It is one of the fastest-growing companies in the space of Artificial Intelligence & Location Analytics in India. As a data scientist, you get to work in our core product and work on various critical…",IT Jobs,2022-11-23T06:06:14Z,https://www.adzuna.in/details/3713241153?utm_medium=api&utm_source=3a1fdfd4,"data sutram, funded by india infoline (iifl), indian angel network (ian) and 100x.vc (led by sanjay mehta), is an alternate data company, using external data feeds to create every location's dna that is utilized in various use cases like credit underwriting, location profiling, site selection, etc. it is one of the fastest-growing companies in the space of artificial intelligence & location analytics in india. as a data scientist, you get to work in our core product and work on various critical…",[],0,
data scientist,Data Scientist,Saama Technologies,"Pune, Maharashtra",100000.0,1600000.0,"Description Must have Direct Hands- on, 4 years of experience, building complex Data Science solutions Must have fundamental knowledge of Inferential Statistics Should have worked on Predictive Modelling, using Python / R Experience should include the following, File I/ O, Data Harmonization, Data Exploration Machine Learning Techniques (Supervised, Unsupervised) Multi- Dimensional Array Processing Deep Learning NLP, Image Processing Prior experience in Healthcare Domain, is a plus Experience u…",IT Jobs,2019-06-05T21:12:11Z,https://www.adzuna.in/details/1171507817?utm_medium=api&utm_source=3a1fdfd4,"description must have direct hands- on, 4 years of experience, building complex data science solutions must have fundamental knowledge of inferential statistics should have worked on predictive modelling, using python / r experience should include the following, file i/ o, data harmonization, data exploration machine learning techniques (supervised, unsupervised) multi- dimensional array processing deep learning nlp, image processing prior experience in healthcare domain, is a plus experience u…","['python', 'machine learning', 'deep learning', 'statistics', 'nlp']",5,"python, machine learning, deep learning, statistics, nlp"
data scientist,Data Scientist,Topcoder,"Noida, Ghaziabad",,,"About the Role TEGNA is seeking a highly skilled, innovative, and analytical Data Scientist to lead the end-to-end development of advanced models and insights across a multi-platform media ecosystem spanning TV, digital, streaming, social, and mobile. This role is central to transforming large-scale viewership, content, and sales datasets into predictive models, optimization frameworks, and actionable insights that support: Content strategy Personalization Audience growth Revenue performance Th…",IT Jobs,2026-04-25T01:57:25Z,https://www.adzuna.in/details/5709566005?utm_medium=api&utm_source=3a1fdfd4,"about the role tegna is seeking a highly skilled, innovative, and analytical data scientist to lead the end-to-end development of advanced models and insights across a multi-platform media ecosystem spanning tv, digital, streaming, social, and mobile. this role is central to transforming large-scale viewership, content, and sales datasets into predictive models, optimization frameworks, and actionable insights that support: content strategy personalization audience growth revenue performance th…",['git'],1,git
data scientist,Data Scientist,Unnati,"Bangalore, Karnataka",900000.0,2000000.0,"Do you want your software skills to contribute meaningfully into finding technology driven solutions for various businesses and alongside grow your career, then read on. Our client provides data-based process optimization and analytics solutions to businesses worldwide. Their innovative algorithms and customized IT solutions cater to complex problems related to every field or industry, through tools that are non standard and are backed-up by extensive research. They serve startups as well as la…",IT Jobs,2022-04-07T05:26:05Z,https://www.adzuna.in/details/3032214287?utm_medium=api&utm_source=3a1fdfd4,"do you want your software skills to contribute meaningfully into finding technology driven solutions for various businesses and alongside grow your career, then read on. our client provides data-based process optimization and analytics solutions to businesses worldwide. their innovative algorithms and customized it solutions cater to complex problems related to every field or industry, through tools that are non standard and are backed-up by extensive research. they serve startups as well as la…",[],0,
data scientist,Data Scientist,Hirestar job Bank,"Thiruvananthapuram, Kerala",2000000.0,3000000.0,"Position: Data Scientist Location: Trivandrum (on-site) Experience Required: 5 Years Budget: Upto 30 LPA About the Role The role requires a strong focus on data analysis, machine learning model development, and fraud detection across large-scale datasets. The ideal candidate collaborates closely with engineering and product teams to build scalable and reliable machine learning solutions that support data-driven decision-making. Exposure to model development, feature engineering, experiment trac…",IT Jobs,2026-05-30T09:42:46Z,https://www.adzuna.in/details/5745209656?utm_medium=api&utm_source=3a1fdfd4,"position: data scientist location: trivandrum (on-site) experience required: 5 years budget: upto 30 lpa about the role the role requires a strong focus on data analysis, machine learning model development, and fraud detection across large-scale datasets. the ideal candidate collaborates closely with engineering and product teams to build scalable and reliable machine learning solutions that support data-driven decision-making. exposure to model development, feature engineering, experiment trac…","['machine learning', 'scala']",2,"machine learning, scala"
data scientist,Data Scientist,P&G,India,,,"Job Location MUMBAI GENERAL OFFICE Job Description Overview P&G was founded over 180 years ago as a simple soap and candle company. Today, we're the world’s largest consumer goods company and home to iconic, trusted brands that make life a little bit easier in small but meaningful ways. We've spanned three centuries thanks to three simple ideas: leadership, innovation and citizenship. The insight, innovation and passion of hardworking teams have helped us grow into a global company that is gove…",IT Jobs,2026-07-13T03:23:05Z,https://www.adzuna.in/details/5798271463?utm_medium=api&utm_source=3a1fdfd4,"job location mumbai general office job description overview p&g was founded over 180 years ago as a simple soap and candle company. today, we're the world’s largest consumer goods company and home to iconic, trusted brands that make life a little bit easier in small but meaningful ways. we've spanned three centuries thanks to three simple ideas: leadership, innovation and citizenship. the insight, innovation and passion of hardworking teams have helped us grow into a global company that is gove…",[],0,
data scientist,Data Scientist,Zolvit ,"Bangalore, Karnataka",1000000.0,1500000.0,"About the Role We are seeking an innovative Data Scientist specializing in Natural Language Processing (NLP) to join our technology team in Bangalore. The ideal candidate will harness the power of language models and document extraction techniques to transform legal information into accessible, actionable insights for our clients. Responsibilities Develop and implement NLP solutions to automate legal document analysis and extraction Create and optimize prompt engineering strategies for large la…",IT Jobs,2025-07-28T05:33:35Z,https://www.adzuna.in/details/5324828544?utm_medium=api&utm_source=3a1fdfd4,"about the role we are seeking an innovative data scientist specializing in natural language processing (nlp) to join our technology team in bangalore. the ideal candidate will harness the power of language models and document extraction techniques to transform legal information into accessible, actionable insights for our clients. responsibilities develop and implement nlp solutions to automate legal document analysis and extraction create and optimize prompt engineering strategies for large la…",['nlp'],1,nlp
data scientist,Data Scientist,EXL,"Pune, Maharashtra",,,"Description As a Data Scientist, you will derive actionable insights from large, complex and unstructured data by developing AI/ML techniques. Development, optimization and evaluating as well as deploying them into production environments would be the key aspects of your role. You will have to collaborate seamlessly across teams to integrate data-driven solutions and maintain data governance compliance. Stay abreast of industry trends, contribute to thought leadership, and innovate solutions fo…",IT Jobs,2026-06-22T02:41:49Z,https://www.adzuna.in/details/5771986383?utm_medium=api&utm_source=3a1fdfd4,"description as a data scientist, you will derive actionable insights from large, complex and unstructured data by developing ai/ml techniques. development, optimization and evaluating as well as deploying them into production environments would be the key aspects of your role. you will have to collaborate seamlessly across teams to integrate data-driven solutions and maintain data governance compliance. stay abreast of industry trends, contribute to thought leadership, and innovate solutions fo…",[],0,
data scientist,Data Scientist,Arahas Technologies,India,800000.0,1200000.0,"We are seeking a skilled Data Scientist with min 3 years of experience to join our team in Gurugram. This role will also require travelling within India . The ideal candidate should possess strong analytical skills, a solid understanding of statistical techniques, and hands-on experience with data visualization tools like PowerBI. Additionally, expertise in ETL (Extract, Transform, Load) processes is required. Responsibilities: Analyze complex datasets to extract valuable insights and identify …",IT Jobs,2025-02-23T04:23:27Z,https://www.adzuna.in/details/5060868669?utm_medium=api&utm_source=3a1fdfd4,"we are seeking a skilled data scientist with min 3 years of experience to join our team in gurugram. this role will also require travelling within india . the ideal candidate should possess strong analytical skills, a solid understanding of statistical techniques, and hands-on experience with data visualization tools like powerbi. additionally, expertise in etl (extract, transform, load) processes is required. responsibilities: analyze complex datasets to extract valuable insights and identify …","['data visualization', 'etl']",2,"data visualization, etl"
data scientist,Data Scientist,Antworks Solutions India Private Limited,"Chennai, Tamil Nadu",,,"Required Qualifications Education Bachelor's or Master's degree in Computer Science, Data Science, Statistics, Mathematics, or a related field. Experience 3-5 years of hands-on experience in data science, with a focus on deep learning, NLP, and generative AI. Technical Skills Proficiency in programming language- Python is a must. Good to have C++ coding experience. Experience with machine learning frameworks such as TensorFlow and PyTorch. Strong knowledge of NLP libraries and tools such as Spa…",IT Jobs,2026-06-11T06:50:27Z,https://www.adzuna.in/details/5759283289?utm_medium=api&utm_source=3a1fdfd4,"required qualifications education bachelor's or master's degree in computer science, data science, statistics, mathematics, or a related field. experience 3-5 years of hands-on experience in data science, with a focus on deep learning, nlp, and generative ai. technical skills proficiency in programming language- python is a must. good to have c++ coding experience. experience with machine learning frameworks such as tensorflow and pytorch. strong knowledge of nlp libraries and tools such as spa…","['python', 'machine learning', 'deep learning', 'tensorflow', 'pytorch', 'statistics', 'nlp']",7,"python, machine learning, deep learning, tensorflow, pytorch, statistics, nlp"
data scientist,Data Scientist,Qylis,"Hyderabad, Telangana",500000.0,1500000.0,"Data Scientist Job Title: Data Scientist – Data and Artificial Intelligence Location: Hyderabad Job Type: Full-time Company Description: Qylis is a leading provider of innovative IT solutions, specializing in Cloud, Data & AI, and Cyber Security. We help businesses unlock the full potential of these technologies to achieve their goals and gain a competitive edge. Our unique approach focuses on delivering value through bespoke solutions tailored to customer specific needs. We are driven by a cus…",IT Jobs,2025-05-02T06:42:27Z,https://www.adzuna.in/details/5175026966?utm_medium=api&utm_source=3a1fdfd4,"data scientist job title: data scientist – data and artificial intelligence location: hyderabad job type: full-time company description: qylis is a leading provider of innovative it solutions, specializing in cloud, data & ai, and cyber security. we help businesses unlock the full potential of these technologies to achieve their goals and gain a competitive edge. our unique approach focuses on delivering value through bespoke solutions tailored to customer specific needs. we are driven by a cus…",[],0,
data scientist,Data Scientist,Intuitive Apps India Private Limited,"Mumbai, Maharashtra",,,"Job Description : We are seeking an experienced Data Scientist specializing in Generative AI to join our team. You will play a key role in modernizing our online support experience, developing machine learning models, and leveraging large language models to drive innovation. Responsibility: Modernize the Dell Online Support experience through advanced AI models. Support the development and implementation of machine learning models. Leverage Generative AI and Large Language Models (LLM) for inno…",IT Jobs,2026-06-13T08:43:01Z,https://www.adzuna.in/details/5761946909?utm_medium=api&utm_source=3a1fdfd4,"job description : we are seeking an experienced data scientist specializing in generative ai to join our team. you will play a key role in modernizing our online support experience, developing machine learning models, and leveraging large language models to drive innovation. responsibility: modernize the dell online support experience through advanced ai models. support the development and implementation of machine learning models. leverage generative ai and large language models (llm) for inno…",['machine learning'],1,machine learning
data scientist,Data Scientist,Colgate-Palmolive,"Mumbai, Maharashtra",,,"Relocation Assistance Offered Within Country Job Number 173498 - Mumbai, Maharashtra, India Who We Are Colgate-Palmolive Company is a global consumer products company operating in over 200 countries specialising in Oral Care, Personal Care, Home Care, Skin Care, and Pet Nutrition. Our products are trusted in more households than any other brand in the world, making us a household name! Join Colgate-Palmolive, a caring, innovative growth company reimagining a healthier future for people, their p…",IT Jobs,2026-05-22T10:10:44Z,https://www.adzuna.in/details/5737273963?utm_medium=api&utm_source=3a1fdfd4,"relocation assistance offered within country job number 173498 - mumbai, maharashtra, india who we are colgate-palmolive company is a global consumer products company operating in over 200 countries specialising in oral care, personal care, home care, skin care, and pet nutrition. our products are trusted in more households than any other brand in the world, making us a household name! join colgate-palmolive, a caring, innovative growth company reimagining a healthier future for people, their p…",[],0,
data scientist,Data Scientist,DataToBiz Pvt. Ltd.,"Chandigarh, India",400000.0,600000.0,"Job Summary DataToBiz is an AI and Data Analytics Services startup. We are a team of young and dynamic professionals looking for an exceptional data scientist to join our team in Chandigarh. We are trying to solve some very exciting business challenges by applying cutting-edge Machine Learning and Deep Learning Technology. Being a consulting and services startup we are looking for quick learners who can work in a cross-functional team of Consultants, SMEs from various domains, UX architects, an…",IT Jobs,2019-06-05T21:12:08Z,https://www.adzuna.in/details/1171507431?utm_medium=api&utm_source=3a1fdfd4,"job summary datatobiz is an ai and data analytics services startup. we are a team of young and dynamic professionals looking for an exceptional data scientist to join our team in chandigarh. we are trying to solve some very exciting business challenges by applying cutting-edge machine learning and deep learning technology. being a consulting and services startup we are looking for quick learners who can work in a cross-functional team of consultants, smes from various domains, ux architects, an…","['machine learning', 'deep learning']",2,"machine learning, deep learning"
data scientist,Data Scientist,Thales,India,,,"Location: Noida, India Thales is a global technology leader trusted by governments, institutions, and enterprises to tackle their most demanding challenges. From quantum applications and artificial intelligence to cybersecurity and 6G innovation, our solutions empower critical decisions rooted in human intelligence. Operating at the forefront of aerospace and space, cybersecurity and digital identity, we’re driven by a mission to build a future we can all trust. Present in India since 1953, Tha…",IT Jobs,2026-06-29T02:47:51Z,https://www.adzuna.in/details/5780537671?utm_medium=api&utm_source=3a1fdfd4,"location: noida, india thales is a global technology leader trusted by governments, institutions, and enterprises to tackle their most demanding challenges. from quantum applications and artificial intelligence to cybersecurity and 6g innovation, our solutions empower critical decisions rooted in human intelligence. operating at the forefront of aerospace and space, cybersecurity and digital identity, we’re driven by a mission to build a future we can all trust. present in india since 1953, tha…",['git'],1,git
data scientist,Data Scientist,ZAGENO,"Rameshnagar, Bangalore",,,"About the Company ZAGENO offers the largest life sciences lab supply marketplace. Our one-stop shop helps scientists, lab managers, and procurement leaders compare products, source alternatives, track deliveries, and communicate order statuses in real time. Leveraging advanced AI, ZAGENO enhances supply chain resilience and makes the customer experience superior, seamlessly integrating with existing systems to boost productivity and make online shopping for research materials convenient, effici…",Scientific & QA Jobs,2026-07-03T02:52:22Z,https://www.adzuna.in/details/5786024867?utm_medium=api&utm_source=3a1fdfd4,"about the company zageno offers the largest life sciences lab supply marketplace. our one-stop shop helps scientists, lab managers, and procurement leaders compare products, source alternatives, track deliveries, and communicate order statuses in real time. leveraging advanced ai, zageno enhances supply chain resilience and makes the customer experience superior, seamlessly integrating with existing systems to boost productivity and make online shopping for research materials convenient, effici…",[],0,
data scientist,Data Scientist,Qrata,India,1200000.0,4500000.0,"What would make you a good fit? o You’re both relentless and kind, and don’t see these as being mutually exclusive o You have a self-directed learning style, an insatiable curiosity, and a hands-on execution mindset o You have deep experience working with product and engineering teams to launch machine learning products that users love in new or rapidly evolving markets o You flourish in uncertain environments and can turn incomplete, conflicting, or ambiguous inputs into solid data-science act…",IT Jobs,2024-01-07T15:07:56Z,https://www.adzuna.in/details/4514376324?utm_medium=api&utm_source=3a1fdfd4,"what would make you a good fit? o you’re both relentless and kind, and don’t see these as being mutually exclusive o you have a self-directed learning style, an insatiable curiosity, and a hands-on execution mindset o you have deep experience working with product and engineering teams to launch machine learning products that users love in new or rapidly evolving markets o you flourish in uncertain environments and can turn incomplete, conflicting, or ambiguous inputs into solid data-science act…",['machine learning'],1,machine learning
data scientist,Data Scientist,Dataweave Pvt Ltd,"Bangalore, Karnataka",,,"(Senior) Data Scientist Job Description About us DataWeave provides Retailers and Brands with “Competitive Intelligence as a Service” that enables them to take key decisions that impact their revenue. Powered by AI, we provide easily consumable and actionable competitive intelligence by aggregating and analyzing billions of publicly available data points on the Web to help businesses develop data-driven strategies and make smarter decisions. Data ScienceDataWeave We the Data Science team at Dat…",IT Jobs,2020-03-31T19:47:11Z,https://www.adzuna.in/details/1509166865?utm_medium=api&utm_source=3a1fdfd4,"(senior) data scientist job description about us dataweave provides retailers and brands with “competitive intelligence as a service” that enables them to take key decisions that impact their revenue. powered by ai, we provide easily consumable and actionable competitive intelligence by aggregating and analyzing billions of publicly available data points on the web to help businesses develop data-driven strategies and make smarter decisions. data sciencedataweave we the data science team at dat…",[],0,
data scientist,Data Scientist,Simplilearn Solutions,"Bangalore, Karnataka",600000.0,1000000.0,"Simplilearn.com is the world’s largest professional certifications company and an Onalytica Top 20 influential brand. With a library of 400 courses, we've helped 500,000 professionals advance their careers, delivering $5 billion in pay raises. Simplilearn has over 6500 employees worldwide and our customers include Fortune 1000 companies, top universities, leading agencies and hundreds of thousands of working professionals. We are growing over 200% year on year and having fun doing it. Descripti…",IT Jobs,2019-06-05T21:12:10Z,https://www.adzuna.in/details/1171507613?utm_medium=api&utm_source=3a1fdfd4,"simplilearn.com is the world’s largest professional certifications company and an onalytica top 20 influential brand. with a library of 400 courses, we've helped 500,000 professionals advance their careers, delivering $5 billion in pay raises. simplilearn has over 6500 employees worldwide and our customers include fortune 1000 companies, top universities, leading agencies and hundreds of thousands of working professionals. we are growing over 200% year on year and having fun doing it. descripti…",[],0,
data scientist,Data Scientist,Zelis,India,,,"About Us Zelis is modernizing the healthcare financial experience in the United States (U.S.) across payers, providers, and healthcare consumers. We serve more than 750 payers, including the top five national health plans, regional health plans, TPAs and millions of healthcare providers and consumers across our platform of solutions. Zelis sees across the system to identify, optimize, and solve problems holistically with technology built by healthcare experts – driving real, measurable results …",IT Jobs,2026-07-06T03:20:59Z,https://www.adzuna.in/details/5789387905?utm_medium=api&utm_source=3a1fdfd4,"about us zelis is modernizing the healthcare financial experience in the united states (u.s.) across payers, providers, and healthcare consumers. we serve more than 750 payers, including the top five national health plans, regional health plans, tpas and millions of healthcare providers and consumers across our platform of solutions. zelis sees across the system to identify, optimize, and solve problems holistically with technology built by healthcare experts – driving real, measurable results …",[],0,
data scientist,Data Scientist,Shell,India,,,", India Job Family Group: Research and Development Worker Type: Regular Posting Start Date: July 20, 2026 Business Unit: Finance Experience Level: Experienced Professionals Job Description: What’s the role The Commercial Data Science (CDS) team partners with Shell’s business units to deliver data-driven solutions through deep process understanding and technical excellence. As a Data Scientist within the Digital Process Twin (DPT) portfolio, you will apply process mining, optimization, and AI/ML…",IT Jobs,2026-07-23T03:24:11Z,https://www.adzuna.in/details/5811361949?utm_medium=api&utm_source=3a1fdfd4,", india job family group: research and development worker type: regular posting start date: july 20, 2026 business unit: finance experience level: experienced professionals job description: what’s the role the commercial data science (cds) team partners with shell’s business units to deliver data-driven solutions through deep process understanding and technical excellence. as a data scientist within the digital process twin (dpt) portfolio, you will apply process mining, optimization, and ai/ml…","['excel', 'git']",2,"excel, git"
data scientist,Data Scientist,Bewakoof Brands Pvt Ltd,"Mumbai, Maharashtra",800000.0,1200000.0,"1 to 3 years of experience in product analytics - Highly conversant with Google Analytics and other similar tools - Basic programming ability(preferably R or Python) Skills: Data Science, R Programming and Tableau",IT Jobs,2019-06-05T21:12:11Z,https://www.adzuna.in/details/1171507777?utm_medium=api&utm_source=3a1fdfd4,"1 to 3 years of experience in product analytics - highly conversant with google analytics and other similar tools - basic programming ability(preferably r or python) skills: data science, r programming and tableau","['python', 'tableau', 'r programming']",3,"python, tableau, r programming"
data scientist,Data Scientist,HyperNovas Tech,India,500000.0,1000000.0,"Data Scientists are analytical experts who use their skills in mathematics, statistics, and computer science to solve complex business problems. They collect, analyze, and interpret large datasets to extract meaningful insights and develop data-driven solutions. Their work helps organizations make informed decisions, improve processes, and gain a competitive edge. Key Responsibilities: Data Collection and Preprocessing: Gathering data from various sources (databases, APIs, web scraping, etc.). …",IT Jobs,2025-03-26T06:46:55Z,https://www.adzuna.in/details/5111436607?utm_medium=api&utm_source=3a1fdfd4,"data scientists are analytical experts who use their skills in mathematics, statistics, and computer science to solve complex business problems. they collect, analyze, and interpret large datasets to extract meaningful insights and develop data-driven solutions. their work helps organizations make informed decisions, improve processes, and gain a competitive edge. key responsibilities: data collection and preprocessing: gathering data from various sources (databases, apis, web scraping, etc.). …",['statistics'],1,statistics
data scientist,Data Scientist,Progcap,"Delhi, India",900000.0,2000000.0,"What you will do: As a Data Science Lead, you will be working on creating industry first analytical and propensity models to help discover the information hidden in vast amounts of data, and make smarter decisions to deliver even better customer experience. Your primary focus will be in applying data mining techniques, doing statistical analysis, and building high quality prediction systems integrated with our products. ➢ Working with business and leadership teams to gathering and analyse struc…",IT Jobs,2019-10-16T07:12:26Z,https://www.adzuna.in/details/1299755790?utm_medium=api&utm_source=3a1fdfd4,"what you will do: as a data science lead, you will be working on creating industry first analytical and propensity models to help discover the information hidden in vast amounts of data, and make smarter decisions to deliver even better customer experience. your primary focus will be in applying data mining techniques, doing statistical analysis, and building high quality prediction systems integrated with our products. ➢ working with business and leadership teams to gathering and analyse struc…",[],0,
data scientist,Data Scientist,Jobdost,"Delhi, India",1000000.0,2500000.0,"Job Responsibilities Design machine learning systems Research and implement appropriate ML algorithms and tools Develop machine learning applications according to requirements Select appropriate datasets and data representation methods Run machine learning tests and experiments Perform statistical analysis and fine-tuning using test results Train and retrain systems when necessary Requirements for the Job Bachelor’s/Master's/PhD in Computer Science, Mathematics, Statistics or equivalent field a…",IT Jobs,2023-10-02T13:22:33Z,https://www.adzuna.in/details/4344579006?utm_medium=api&utm_source=3a1fdfd4,"job responsibilities design machine learning systems research and implement appropriate ml algorithms and tools develop machine learning applications according to requirements select appropriate datasets and data representation methods run machine learning tests and experiments perform statistical analysis and fine-tuning using test results train and retrain systems when necessary requirements for the job bachelor’s/master's/phd in computer science, mathematics, statistics or equivalent field a…","['machine learning', 'statistics']",2,"machine learning, statistics"
data scientist,Data Scientist,Fragma Data Systems,"Vadodara, Gujarat",750000.0,2000000.0,"Must-Have Skills: Extract and present valuable information from data Understand business requirements and generate insights Build mathematical models, validate and work with them Explain complex topics tailored to the audience Validate and follow up on results Work with large and complex data sets Establish priorities with clear goals and responsibilities to achieve a high level of performance. Work in an agile and iterative manner on solving problems Evaluate different options proactively and …",IT Jobs,2021-11-12T04:18:25Z,https://www.adzuna.in/details/2635526535?utm_medium=api&utm_source=3a1fdfd4,"must-have skills: extract and present valuable information from data understand business requirements and generate insights build mathematical models, validate and work with them explain complex topics tailored to the audience validate and follow up on results work with large and complex data sets establish priorities with clear goals and responsibilities to achieve a high level of performance. work in an agile and iterative manner on solving problems evaluate different options proactively and …",[],0,
data scientist,Data Scientist,Jabil,India,,,"This job is with Jabil, an inclusive employer and a member of myGwork – the largest global platform for the LGBTQ business community. Please do not contact the recruiter directly. At Jabil (NYSE: JBL), we are proud to be a trusted partner for the world's top brands, offering comprehensive engineering, supply chain, and manufacturing solutions. With 60 years of experience across industries and a vast network of over 100 sites worldwide, Jabil combines global reach with local expertise to deliver…",IT Jobs,2026-07-03T00:54:32Z,https://www.adzuna.in/land/ad/5785773097?se=yqu5tOuH8RGrg5YQe_eAEA&utm_medium=api&utm_source=3a1fdfd4&v=1AD120B3FB3DFBC7F01669BC535E68EC0F2123A3,"this job is with jabil, an inclusive employer and a member of mygwork – the largest global platform for the lgbtq business community. please do not contact the recruiter directly. at jabil (nyse: jbl), we are proud to be a trusted partner for the world's top brands, offering comprehensive engineering, supply chain, and manufacturing solutions. with 60 years of experience across industries and a vast network of over 100 sites worldwide, jabil combines global reach with local expertise to deliver…",[],0,
data scientist,Data Scientist,Vestibulum Technologies Pvt Ltd,"Bangalore, Karnataka",180000.0,300000.0,"Hiring for Machine Learning Deep Learning, who have build solutions for computer vision ,nlp, Tensorflow, Pytorch, Tensorflow Lite for Android phone Skills:- Data Science, Python, Computer Vision, Natural Language Processing (NLP), TensorFlow and PyTorch",IT Jobs,2021-06-28T21:44:15Z,https://www.adzuna.in/details/2286364449?utm_medium=api&utm_source=3a1fdfd4,"hiring for machine learning deep learning, who have build solutions for computer vision ,nlp, tensorflow, pytorch, tensorflow lite for android phone skills:- data science, python, computer vision, natural language processing (nlp), tensorflow and pytorch","['python', 'machine learning', 'deep learning', 'tensorflow', 'pytorch', 'nlp']",6,"python, machine learning, deep learning, tensorflow, pytorch, nlp"
data scientist,Data Scientist,first principle labs,"Pune, Maharashtra",1200000.0,1800000.0,"The selected would be a part of the inhouse Data Labs team. He/she would be responsible to creation insights-driven decision structure. This will include: Scorecards Strategies MIS The verticals included are: Risk Marketing Product Skills:- Data Science, R Programming, Python, Big Data and Hadoop",IT Jobs,2019-12-31T07:32:36Z,https://www.adzuna.in/details/1391362992?utm_medium=api&utm_source=3a1fdfd4,"the selected would be a part of the inhouse data labs team. he/she would be responsible to creation insights-driven decision structure. this will include: scorecards strategies mis the verticals included are: risk marketing product skills:- data science, r programming, python, big data and hadoop","['python', 'r programming', 'hadoop', 'big data']",4,"python, r programming, hadoop, big data"
data scientist,Data Scientists,Versatile Commerce LLP,"Hyderabad, Telangana",300000.0,800000.0,"Company: Versatile Commerce  Position: Data Scientists  Experience: 3-9 yrs  Location: Hyderabad (WFO)  Notice Period: 0- 15 Days Skills:- Retrieval Augmented Generation (RAG), Machine Learning (ML), Generative AI, Open-source LLMs, Python, NumPy and pandas",IT Jobs,2026-05-10T12:30:43Z,https://www.adzuna.in/details/5724964049?utm_medium=api&utm_source=3a1fdfd4,"company: versatile commerce position: data scientists experience: 3-9 yrs location: hyderabad (wfo) notice period: 0- 15 days skills:- retrieval augmented generation (rag), machine learning (ml), generative ai, open-source llms, python, numpy and pandas","['python', 'machine learning', 'pandas', 'numpy']",4,"python, machine learning, pandas, numpy"
data scientist,Data Scientist,GEP Worldwide,"Navi Mumbai, Maharashtra",200000.0,500000.0,"Primary Skills : - B.Tech/MS/PhD degree in Computer Science, Computer Engineering or related technical discipline with 3-4 years of industry experience in Data Science. - Proven experience of working on unstructured and textual data. Deep understanding and expertise of NLP techniques (POS tagging, NER, Semantic role labelling etc). - Experience working with some of the supervised/unsupervised learning ML models such as linear/logistic regression, clustering, support vector machines (SVM), neura…",IT Jobs,2024-08-03T10:56:15Z,https://www.adzuna.in/details/4808460544?utm_medium=api&utm_source=3a1fdfd4,"primary skills : - b.tech/ms/phd degree in computer science, computer engineering or related technical discipline with 3-4 years of industry experience in data science. - proven experience of working on unstructured and textual data. deep understanding and expertise of nlp techniques (pos tagging, ner, semantic role labelling etc). - experience working with some of the supervised/unsupervised learning ml models such as linear/logistic regression, clustering, support vector machines (svm), neura…",['nlp'],1,nlp
data scientist,Data Scientist,Vector Labs Tech,India,700000.0,1000000.0,"We are seeking a talented and passionate Data Scientist to join our dynamic team. The ideal candidate will leverage their expertise in statistical analysis, machine learning, and data visualization to extract actionable insights from complex datasets. You will play a key role in developing and deploying predictive models, contributing to strategic business decisions, and driving innovation through data. Responsibilities: Data Analysis and Exploration: Collect, clean, and preprocess large datase…",IT Jobs,2025-03-29T06:24:28Z,https://www.adzuna.in/details/5117034495?utm_medium=api&utm_source=3a1fdfd4,"we are seeking a talented and passionate data scientist to join our dynamic team. the ideal candidate will leverage their expertise in statistical analysis, machine learning, and data visualization to extract actionable insights from complex datasets. you will play a key role in developing and deploying predictive models, contributing to strategic business decisions, and driving innovation through data. responsibilities: data analysis and exploration: collect, clean, and preprocess large datase…","['machine learning', 'data visualization']",2,"machine learning, data visualization"
data scientist,Data Scientist,NewsHunt,"Bangalore, Karnataka",,,"Newshunt is India’s largest mobile news platform that is currently installed and used by over 30 million people worldwide. We are looking for an experienced, passionate and talented Data Scientist to help us drive our vision for being the largest provider of vernacular content in the world. Candidates should be experienced in both quantitative analysis and software engineering. Responsibilities Identify potential high-impact growth insights. Design and carry out quantitative investigations, and…",IT Jobs,2024-07-31T03:20:43Z,https://www.adzuna.in/details/4801643413?utm_medium=api&utm_source=3a1fdfd4,"newshunt is india’s largest mobile news platform that is currently installed and used by over 30 million people worldwide. we are looking for an experienced, passionate and talented data scientist to help us drive our vision for being the largest provider of vernacular content in the world. candidates should be experienced in both quantitative analysis and software engineering. responsibilities identify potential high-impact growth insights. design and carry out quantitative investigations, and…",[],0,
data scientist,Data Scientist,Michelin,"Pune, Maharashtra",,,"Data Scientist - - - - - - - - - - - - MISSION: The GenAI Data Scientist designs, builds, evaluates, and deploys Generative AI solutions, with strong focus on GenAI agents and agentic workflows. He/she is responsible for: * Understanding business needs and converting them into GenAI agent use cases * Building GenAI agents using LangGraph or similar agentic frameworks * Designing workflows with tool calling, routing, memory, state management, guardrails, and human escalation * Connecting agents …",IT Jobs,2026-07-05T03:32:40Z,https://www.adzuna.in/details/5788364754?utm_medium=api&utm_source=3a1fdfd4,"data scientist - - - - - - - - - - - - mission: the genai data scientist designs, builds, evaluates, and deploys generative ai solutions, with strong focus on genai agents and agentic workflows. he/she is responsible for: * understanding business needs and converting them into genai agent use cases * building genai agents using langgraph or similar agentic frameworks * designing workflows with tool calling, routing, memory, state management, guardrails, and human escalation * connecting agents …",['scala'],1,scala
data scientist,Data Scientist,Thrymr Software,"Hyderabad, Telangana",400000.0,500000.0,"Company Profile: Thrymr Software is an outsourced product development startup. Our primary development center is in Hyderabad, India with a team of about 100 members across various technical roles. Thrymr is also in Singapore, Hamburg (Germany) and Amsterdam (Netherlands). Thrymr works with companies to take complete ownership of building their end to end products be it web or mobile applications or advanced analytics including GIS, machine learning or computer vision. http://thrymr.net Job Loc…",IT Jobs,2019-06-05T21:12:11Z,https://www.adzuna.in/details/1171507756?utm_medium=api&utm_source=3a1fdfd4,"company profile: thrymr software is an outsourced product development startup. our primary development center is in hyderabad, india with a team of about 100 members across various technical roles. thrymr is also in singapore, hamburg (germany) and amsterdam (netherlands). thrymr works with companies to take complete ownership of building their end to end products be it web or mobile applications or advanced analytics including gis, machine learning or computer vision. http://thrymr.net job loc…",['machine learning'],1,machine learning
data scientist,Data Scientist,IntraEdge,India,2000000.0,4500000.0,"Services: Data Scientist Exp 8yrs Location: Pune (preference) As a Data Scientist who can help us with our innovation lab initiative, you will be responsible for extracting insights from large datasets and turning them into actionable strategies to drive business decisions. You will collaborate with cross-functional teams to identify opportunities for leveraging data to solve business problems and improve processes. Advanced Degree: PhD or equivalent in Computer Science, Data Science, Statistic…",IT Jobs,2024-05-26T10:06:37Z,https://www.adzuna.in/details/4708090728?utm_medium=api&utm_source=3a1fdfd4,"services: data scientist exp 8yrs location: pune (preference) as a data scientist who can help us with our innovation lab initiative, you will be responsible for extracting insights from large datasets and turning them into actionable strategies to drive business decisions. you will collaborate with cross-functional teams to identify opportunities for leveraging data to solve business problems and improve processes. advanced degree: phd or equivalent in computer science, data science, statistic…",[],0,
data scientist,Data Scientist,Pranathi Software Services PvtLtd,"Hyderabad, Telangana",500000.0,800000.0,"Job Title: Senior Data Scientist Location: Hyderabad, India Experience Level: 3 years Job Summary: We are seeking a highly skilled Senior Data Scientist to join our dynamic team. The ideal candidate will have expertise in Machine Learning (ML), Deep Learning (DL), Natural Language Processing (NLP), Computer Vision, Transformers, Retrieval-Augmented Generation (RAG), and Generative AI (LLMs, Diffusion Models, etc.). Additionally, proficiency in Prompt Engineering is required. The role also deman…",IT Jobs,2025-05-15T06:47:37Z,https://www.adzuna.in/details/5199143284?utm_medium=api&utm_source=3a1fdfd4,"job title: senior data scientist location: hyderabad, india experience level: 3 years job summary: we are seeking a highly skilled senior data scientist to join our dynamic team. the ideal candidate will have expertise in machine learning (ml), deep learning (dl), natural language processing (nlp), computer vision, transformers, retrieval-augmented generation (rag), and generative ai (llms, diffusion models, etc.). additionally, proficiency in prompt engineering is required. the role also deman…","['machine learning', 'deep learning', 'nlp']",3,"machine learning, deep learning, nlp"
data scientist,Data Scientist,RECEX,"Chennai, Tamil Nadu",,,"Job Description: Key Responsibilities Develop and optimize computer vision models for object detection, segmentation, classification, tracking, OCR, etc. Build end-to-end deep learning pipelines from data collection, preprocessing, training, tuning, and deployment. Implement advanced image processing techniques for feature extraction and image enhancement. Design and train models using CNNs, RNNs, Transformers, Vision Transformers (ViT), GANs, and diffusion models . Work on Generative AI applic…",IT Jobs,2026-05-13T02:09:19Z,https://www.adzuna.in/details/5727193295?utm_medium=api&utm_source=3a1fdfd4,"job description: key responsibilities develop and optimize computer vision models for object detection, segmentation, classification, tracking, ocr, etc. build end-to-end deep learning pipelines from data collection, preprocessing, training, tuning, and deployment. implement advanced image processing techniques for feature extraction and image enhancement. design and train models using cnns, rnns, transformers, vision transformers (vit), gans, and diffusion models . work on generative ai applic…",['deep learning'],1,deep learning
data scientist,Data Scientist,Ganit Business Solutions,"Chennai, Tamil Nadu",1200000.0,2500000.0,"Ganit has flipped the data science value chain as we do not start with a technique but for us, consumption comes first. With this philosophy, we have successfully scaled from being a small start-up to a 200 resource company with clients in the US, Singapore, Africa, UAE, and India. We are looking for experienced data enthusiasts who can make the data talk to them. You will: Understand business problems and translate business requirements into technical requirements. Conduct complex data analysi…",IT Jobs,2021-12-04T02:41:04Z,https://www.adzuna.in/details/2706556693?utm_medium=api&utm_source=3a1fdfd4,"ganit has flipped the data science value chain as we do not start with a technique but for us, consumption comes first. with this philosophy, we have successfully scaled from being a small start-up to a 200 resource company with clients in the us, singapore, africa, uae, and india. we are looking for experienced data enthusiasts who can make the data talk to them. you will: understand business problems and translate business requirements into technical requirements. conduct complex data analysi…",[],0,
data scientist,Data Scientist,Acura Solution,"Bangalore, Karnataka",,,"Job Description: Advanced degree in an analytical field (e.g., Data Science, Computer Science, Engineering, Applied Mathematics, Statistics, Data Analysis) or substantial hands on work experience in the space 3.5 - 7 Years of relevant experience in the space Expertise in mining AI/ML opportunities from open ended business problems and drive solution design/development while closely collaborating with engineering, product and business teams Strong understanding of advanced data mining techniques…",IT Jobs,2026-05-13T02:14:55Z,https://www.adzuna.in/details/5727255283?utm_medium=api&utm_source=3a1fdfd4,"job description: advanced degree in an analytical field (e.g., data science, computer science, engineering, applied mathematics, statistics, data analysis) or substantial hands on work experience in the space 3.5 - 7 years of relevant experience in the space expertise in mining ai/ml opportunities from open ended business problems and drive solution design/development while closely collaborating with engineering, product and business teams strong understanding of advanced data mining techniques…",['statistics'],1,statistics
data scientist,Data Scientist,Vedantu,"Bangalore, Karnataka",800000.0,1600000.0,"About Vedantu  If you have ever dreamed about being in the driver’s seat of a revolution, THIS is the place for you. Vedantu is an Ed-Tech startup which is into Live Online Tutoring. Recently raised Series B funding of $11M Job Description We are looking for a Data Scientist who will support our product, sales, leadership and marketing teams with insights gained from analyzing company data. The ideal candidate is adept at using large data sets to find opportunities for product, sales and proces…",IT Jobs,2019-06-05T21:12:06Z,https://www.adzuna.in/details/1171507238?utm_medium=api&utm_source=3a1fdfd4,"about vedantu if you have ever dreamed about being in the driver’s seat of a revolution, this is the place for you. vedantu is an ed-tech startup which is into live online tutoring. recently raised series b funding of $11m job description we are looking for a data scientist who will support our product, sales, leadership and marketing teams with insights gained from analyzing company data. the ideal candidate is adept at using large data sets to find opportunities for product, sales and proces…",[],0,
data scientist,Data Scientist,Acrivision Technologies Pvt Ltd,"Pune, Maharashtra",200000.0,1500000.0,"Lead the data science, ML, product analytics, and insights functions by translating sparse and decentralized datasets to develop metrics, standardize processes, and lead the path from data to insights. Building visualizations, models, pipelines, alerts/insights systems, and recommendations in Python/Java to support business decisions and operational experiences. Advising executives on calibration strategy, DEI, and workforce planning. Skills:- Natural Language Processing (NLP), Computer Vision …",IT Jobs,2023-07-12T14:03:42Z,https://www.adzuna.in/details/4201304160?utm_medium=api&utm_source=3a1fdfd4,"lead the data science, ml, product analytics, and insights functions by translating sparse and decentralized datasets to develop metrics, standardize processes, and lead the path from data to insights. building visualizations, models, pipelines, alerts/insights systems, and recommendations in python/java to support business decisions and operational experiences. advising executives on calibration strategy, dei, and workforce planning. skills:- natural language processing (nlp), computer vision …","['python', 'nlp', 'java']",3,"python, nlp, java"
data scientist,Data Scientist,News Corp,"Bangalore, Karnataka",,,"Job Description : Job Description Role: Data Scientist Reporting to: Senior Data Science Manager Location: Bangalore, India Background Who we are We are Data Tech, a program that comprises a number of agile, cross-functional teams between London, Sofia, and Bangalore. We grow data platforms, build front-end data products, and create predictive models and Gen AI products for News UK. Our users include the newsroom editors, marketing, advertising, and product teams associated with our world-leadi…",IT Jobs,2026-06-29T02:50:42Z,https://www.adzuna.in/details/5780540516?utm_medium=api&utm_source=3a1fdfd4,"job description : job description role: data scientist reporting to: senior data science manager location: bangalore, india background who we are we are data tech, a program that comprises a number of agile, cross-functional teams between london, sofia, and bangalore. we grow data platforms, build front-end data products, and create predictive models and gen ai products for news uk. our users include the newsroom editors, marketing, advertising, and product teams associated with our world-leadi…",[],0,
data scientist,Data Scientist,Myhashtaggs,India,1000000.0,1200000.0,"Remote Job Opportunity Job Title: Data Scientist Contract Duration: 6 months Location: offshore India Work Time: 3 pm to 12 am Must have 4 Years of relevant experience. Job Summary: We are seeking an AI Data Scientist with a strong foundation in machine learning, deep learning, and statistical modeling to design, develop, and deploy cutting-edge AI solutions. The ideal candidate will have expertise in building and optimizing AI models, with a deep understanding of both statistical theory and mo…",IT Jobs,2025-07-23T07:41:30Z,https://www.adzuna.in/details/5317457676?utm_medium=api&utm_source=3a1fdfd4,"remote job opportunity job title: data scientist contract duration: 6 months location: offshore india work time: 3 pm to 12 am must have 4 years of relevant experience. job summary: we are seeking an ai data scientist with a strong foundation in machine learning, deep learning, and statistical modeling to design, develop, and deploy cutting-edge ai solutions. the ideal candidate will have expertise in building and optimizing ai models, with a deep understanding of both statistical theory and mo…","['machine learning', 'deep learning']",2,"machine learning, deep learning"
data scientist,Data Scientist,Dori AI,"Bangalore, Karnataka",100000.0,2000000.0,"Dori AI enables enterprises with AI-powered video analytics to significantly increase human productivity and improve process compliance. We leverage a proprietary full stack end-to-end computer vision and deep learning platform to rapidly build and deploy AI solutions for enterprises. The platform was built with enterprise considerations including time-to-value, time-to-market, security and scalability across a range of use cases. Capture visual data across multiple sites, leverage AI  Computer…",IT Jobs,2022-05-05T05:56:22Z,https://www.adzuna.in/details/3104612698?utm_medium=api&utm_source=3a1fdfd4,"dori ai enables enterprises with ai-powered video analytics to significantly increase human productivity and improve process compliance. we leverage a proprietary full stack end-to-end computer vision and deep learning platform to rapidly build and deploy ai solutions for enterprises. the platform was built with enterprise considerations including time-to-value, time-to-market, security and scalability across a range of use cases. capture visual data across multiple sites, leverage ai computer…","['deep learning', 'scala']",2,"deep learning, scala"
data scientist,Data Scientist,Yes Property,"Bangalore, Karnataka",300000.0,500000.0,"*Work with stakeholders throughout the organization to identify opportunities for leveraging company data to drive business solutions. *Mine and analyze data from company databases to drive optimization and improvement of product development, marketing techniques and business strategies. *Assess the effectiveness and accuracy of new data sources and data gathering techniques. *Develop custom data models and algorithms to apply to data sets. *Use predictive modeling to increase and optimize cust…",IT Jobs,2019-06-05T21:12:11Z,https://www.adzuna.in/details/1171507759?utm_medium=api&utm_source=3a1fdfd4,"*work with stakeholders throughout the organization to identify opportunities for leveraging company data to drive business solutions. *mine and analyze data from company databases to drive optimization and improvement of product development, marketing techniques and business strategies. *assess the effectiveness and accuracy of new data sources and data gathering techniques. *develop custom data models and algorithms to apply to data sets. *use predictive modeling to increase and optimize cust…",[],0,
data scientist,Data Scientist,IQVIA,"Kochi, Ernakulam",400000.0,1000000.0,"Job Description Summary Skill sets in Job Profile 1)Machine learning development using Python or Scala Spark 2)Knowledge of multiple ML algorithms like Random forest, XG boost, RNN, CNN, Transform learning etc 3)Aware of typical challenges in machine learning implementation and respective applications Good to have 1)Stack development or DevOps team experience 2)Cloud service (AWS, Cloudera), SAAS, PAAS 3)Big data tools and framework 4)SQL experience Skills:- Data Science, Python, Spark and scala",IT Jobs,2020-12-26T03:41:30Z,https://www.adzuna.in/details/1901122601?utm_medium=api&utm_source=3a1fdfd4,"job description summary skill sets in job profile 1)machine learning development using python or scala spark 2)knowledge of multiple ml algorithms like random forest, xg boost, rnn, cnn, transform learning etc 3)aware of typical challenges in machine learning implementation and respective applications good to have 1)stack development or devops team experience 2)cloud service (aws, cloudera), saas, paas 3)big data tools and framework 4)sql experience skills:- data science, python, spark and scala","['python', 'sql', 'machine learning', 'aws', 'spark', 'scala', 'big data']",7,"python, sql, machine learning, aws, spark, scala, big data"
data scientist,Data Scientist,Yottaasys AI LLC,"Bangalore, Karnataka",0.0,2000000.0,"We are a US Headquartered Product Company looking to Hire a few Passionate Deep Learning and Computer Vision Team Players with 2-5 years of experience If you are any of these: 1. Expert in deep learning and machine learning techniques, 2. Extremely Good in image/video processing, 3. Have a Good understanding of Linear algebra, Optimization techniques, Statistics and pattern recognition. Then u r the right fit for this position. Skills:- Data Science, R Programming, Python, Machine Learning (ML)…",IT Jobs,2021-08-10T21:36:51Z,https://www.adzuna.in/details/2373548974?utm_medium=api&utm_source=3a1fdfd4,"we are a us headquartered product company looking to hire a few passionate deep learning and computer vision team players with 2-5 years of experience if you are any of these: 1. expert in deep learning and machine learning techniques, 2. extremely good in image/video processing, 3. have a good understanding of linear algebra, optimization techniques, statistics and pattern recognition. then u r the right fit for this position. skills:- data science, r programming, python, machine learning (ml)…","['python', 'r programming', 'machine learning', 'deep learning', 'statistics']",5,"python, r programming, machine learning, deep learning, statistics"
data scientist,Data Scientist,Kaleidofin,"Chennai, Tamil Nadu",,,"Responsibility Partnering with internal business owners (product, marketing, edit, etc.) to understand needs and develop custom analysis to optimize for user engagement and retention Good understanding of the underlying business and workings of cross functional teams for successful execution Design and develop analyses based on business requirement needs and challenges. Leveraging statistical analysis on consumer research and data mining projects, including segmentation, clustering, factor anal…",IT Jobs,2024-12-25T11:57:28Z,https://www.adzuna.in/details/4988851172?utm_medium=api&utm_source=3a1fdfd4,"responsibility partnering with internal business owners (product, marketing, edit, etc.) to understand needs and develop custom analysis to optimize for user engagement and retention good understanding of the underlying business and workings of cross functional teams for successful execution design and develop analyses based on business requirement needs and challenges. leveraging statistical analysis on consumer research and data mining projects, including segmentation, clustering, factor anal…",[],0,
data scientist,Data Scientist,The Hub,"Pune, Maharashtra",500000.0,2500000.0,"Data Scientist- We are looking for an experienced Data Scientists to join our engineering team and help us enhance our mobile application with data. In this role, we're looking for people who are passionate about developing ML/AI in various domains that solves enterprise problems. We are keen on hiring someone who loves working in fast paced start-up environment and looking to solve some challenging engineering problems. As one of the earliest members in engineering, you will have the flexibili…",IT Jobs,2023-04-05T10:14:40Z,https://www.adzuna.in/details/4020540431?utm_medium=api&utm_source=3a1fdfd4,"data scientist- we are looking for an experienced data scientists to join our engineering team and help us enhance our mobile application with data. in this role, we're looking for people who are passionate about developing ml/ai in various domains that solves enterprise problems. we are keen on hiring someone who loves working in fast paced start-up environment and looking to solve some challenging engineering problems. as one of the earliest members in engineering, you will have the flexibili…",[],0,
data scientist,Data Scientist,Virtusa,India,,,"About the Role We are looking for an experienced Data Scientist to lead the design and development of data-driven solutions that enable smarter business decisions and predictive capabilities. The ideal candidate combines strong analytical skills, statistical expertise, and hands-on experience with machine learning and big data technologies. You will work collaboratively with data engineers, analysts, and business stakeholders to deliver insights and scalable ML models that create measurable imp…",IT Jobs,2026-07-09T03:38:44Z,https://www.adzuna.in/details/5793337689?utm_medium=api&utm_source=3a1fdfd4,"about the role we are looking for an experienced data scientist to lead the design and development of data-driven solutions that enable smarter business decisions and predictive capabilities. the ideal candidate combines strong analytical skills, statistical expertise, and hands-on experience with machine learning and big data technologies. you will work collaboratively with data engineers, analysts, and business stakeholders to deliver insights and scalable ml models that create measurable imp…","['machine learning', 'scala', 'big data']",3,"machine learning, scala, big data"
data scientist,Data Scientist,Propellor.ai,India,500000.0,1500000.0,"Job Description: Data Scientist At Propellor.ai, we derive insights that allow our clients to make scientific decisions. We believe in demanding more from the fields of Mathematics, Computer Science, and Business Logic. Combine these and we show our clients a 360-degree view of their business. In this role, the Data Scientist will be expected to work on Procurement problems along with a team-based across the globe. We are a Remote-First Company. Read more about us here : https://www.propellor.a…",IT Jobs,2022-04-27T05:35:22Z,https://www.adzuna.in/details/3081710784?utm_medium=api&utm_source=3a1fdfd4,"job description: data scientist at propellor.ai, we derive insights that allow our clients to make scientific decisions. we believe in demanding more from the fields of mathematics, computer science, and business logic. combine these and we show our clients a 360-degree view of their business. in this role, the data scientist will be expected to work on procurement problems along with a team-based across the globe. we are a remote-first company. read more about us here : https://www.propellor.a…",[],0,
data scientist,Data Scientist,Atyeti Inc,"Pune, Maharashtra",800000.0,1600000.0,"• Exposure to Deep Learning, Neural Networks, or related fields and a strong interest and desire to pursue them. • Experience in Natural Language Processing, Computer Vision, Machine Learning or Machine Intelligence (Artificial Intelligence). • Programming experience in Python. • Knowledge of machine learning frameworks like Tensorflow. • Experience with software version control systems like Github. • Understands the concept of Big Data like Hadoop, MongoDB, Apache Spark Skills: Data Science, R…",IT Jobs,2019-05-17T21:02:43Z,https://www.adzuna.in/details/1155089200?utm_medium=api&utm_source=3a1fdfd4,"• exposure to deep learning, neural networks, or related fields and a strong interest and desire to pursue them. • experience in natural language processing, computer vision, machine learning or machine intelligence (artificial intelligence). • programming experience in python. • knowledge of machine learning frameworks like tensorflow. • experience with software version control systems like github. • understands the concept of big data like hadoop, mongodb, apache spark skills: data science, r…","['python', 'machine learning', 'deep learning', 'tensorflow', 'spark', 'hadoop', 'git', 'big data']",8,"python, machine learning, deep learning, tensorflow, spark, hadoop, git, big data"
data scientist,Data Scientist,Monexo Fintech,"Mumbai, Maharashtra",300000.0,500000.0,"The Candidate should be have: - good understanding of Statistical concepts - worked on Data Analysis and Model building for 1 year - ability to implement Data warehouse and Visualisation tools (IBM, Amazon or Tableau) - use of ETL tools - understanding of scoring models The candidate will be required: - to build models for approval or rejection of loans - build various reports (standard for monthly reporting) to optimise business - implement datawarehosue The candidate should be self-starter as…",IT Jobs,2019-06-05T21:12:11Z,https://www.adzuna.in/details/1171507796?utm_medium=api&utm_source=3a1fdfd4,"the candidate should be have: - good understanding of statistical concepts - worked on data analysis and model building for 1 year - ability to implement data warehouse and visualisation tools (ibm, amazon or tableau) - use of etl tools - understanding of scoring models the candidate will be required: - to build models for approval or rejection of loans - build various reports (standard for monthly reporting) to optimise business - implement datawarehosue the candidate should be self-starter as…","['tableau', 'etl']",2,"tableau, etl"
data scientist,Data Scientist,Woodcutter Film Technologies Pvt. Ltd.,"Hyderabad, Telangana",300000.0,600000.0,"We're an early stage film-tech startup with a mission to empower filmmakers and independent content creators with data-driven decision-making tools. We're looking for a data person to join the core team. Please get in touch if you would be excited to join us on this super exciting journey of disrupting the film production and distribution business. We are currently collaborating with Rana Daggubatt's Suresh Productions, and work out of their studio in Hyderabad - so exposure and opportunities t…","PR, Advertising & Marketing Jobs",2019-05-17T21:02:43Z,https://www.adzuna.in/details/1155089138?utm_medium=api&utm_source=3a1fdfd4,"we're an early stage film-tech startup with a mission to empower filmmakers and independent content creators with data-driven decision-making tools. we're looking for a data person to join the core team. please get in touch if you would be excited to join us on this super exciting journey of disrupting the film production and distribution business. we are currently collaborating with rana daggubatt's suresh productions, and work out of their studio in hyderabad - so exposure and opportunities t…",[],0,
data scientist,Data Scientist,Nextalytics Software Services Pvt Ltd,"Navi Mumbai, Maharashtra",500000.0,1500000.0,"Nextalytics is an offshore research, development and consulting company based in India that focuses on high quality and cost effective software development and data science solutions. At Nextalytics, we have developed a culture that encourages employees to be creative, innovative, and playful. We reward intelligence, dedication and out-of-the-box thinking; if you have these, Nextalytics will be the perfect launch pad for your dreams. Nextalytics is looking for smart, driven and energetic new te…",IT Jobs,2019-05-17T21:02:48Z,https://www.adzuna.in/details/1155089936?utm_medium=api&utm_source=3a1fdfd4,"nextalytics is an offshore research, development and consulting company based in india that focuses on high quality and cost effective software development and data science solutions. at nextalytics, we have developed a culture that encourages employees to be creative, innovative, and playful. we reward intelligence, dedication and out-of-the-box thinking; if you have these, nextalytics will be the perfect launch pad for your dreams. nextalytics is looking for smart, driven and energetic new te…",[],0,
data scientist,Data Scientist,Metropolis,"Bangalore, Karnataka",,,"Who we are Metropolis is an artificial intelligence company that uses computer vision technology to enable frictionless, checkout-free experiences in the real world. Today, we are reimagining parking to enable millions of consumers to just ""drive in and drive out."" We envision a future where people transact in the real world with a speed, ease and convenience that is unparalleled, even online. Tomorrow, we will power checkout-free experiences anywhere you go to make the everyday experiences of …",Scientific & QA Jobs,2026-07-19T03:33:41Z,https://www.adzuna.in/details/5806556738?utm_medium=api&utm_source=3a1fdfd4,"who we are metropolis is an artificial intelligence company that uses computer vision technology to enable frictionless, checkout-free experiences in the real world. today, we are reimagining parking to enable millions of consumers to just ""drive in and drive out."" we envision a future where people transact in the real world with a speed, ease and convenience that is unparalleled, even online. tomorrow, we will power checkout-free experiences anywhere you go to make the everyday experiences of …",[],0,
data scientist,Data Science,People First Consultants,"Chennai, Tamil Nadu",300000.0,800000.0,"Location: Chennai Education: BE/BTech Experience: Minimum 3 years of experience as a Data Scientist/Data Engineer Domain knowledge: Data cleaning, modelling, analytics, statistics, machine learning, AI Requirements: To be part of Digital Manufacturing and Industrie 4.0 projects across client group of companies Design and develop AI//ML models to be deployed across factories Knowledge on Hadoop, Apache Spark, MapReduce, Scala, Python programming, SQL and NoSQL databases is required Should be str…",IT Jobs,2023-03-01T01:41:55Z,https://www.adzuna.in/details/3949357008?utm_medium=api&utm_source=3a1fdfd4,"location: chennai education: be/btech experience: minimum 3 years of experience as a data scientist/data engineer domain knowledge: data cleaning, modelling, analytics, statistics, machine learning, ai requirements: to be part of digital manufacturing and industrie 4.0 projects across client group of companies design and develop ai//ml models to be deployed across factories knowledge on hadoop, apache spark, mapreduce, scala, python programming, sql and nosql databases is required should be str…","['python', 'sql', 'machine learning', 'spark', 'hadoop', 'statistics', 'git', 'scala']",8,"python, sql, machine learning, spark, hadoop, statistics, git, scala"
data scientist,Data Scientist,Cambridge Technology,"Hyderabad, Telangana",1000000.0,4000000.0,"From building entire infrastructures or platforms to solving complex IT challenges, Cambridge Technology helps businesses accelerate their digital transformation and become AI-first businesses. With over 20 years of expertise as a technology services company, we enable our customers to stay ahead of the curve by helping them figure out the perfect approach, solutions, and ecosystem for their business. Our experts help customers leverage the right AI, big data, cloud solutions, and intelligent p…",IT Jobs,2023-06-14T16:42:04Z,https://www.adzuna.in/details/4151154883?utm_medium=api&utm_source=3a1fdfd4,"from building entire infrastructures or platforms to solving complex it challenges, cambridge technology helps businesses accelerate their digital transformation and become ai-first businesses. with over 20 years of expertise as a technology services company, we enable our customers to stay ahead of the curve by helping them figure out the perfect approach, solutions, and ecosystem for their business. our experts help customers leverage the right ai, big data, cloud solutions, and intelligent p…","['git', 'big data']",2,"git, big data"
data scientist,Data Scientist,Unnati,"Mumbai, Maharashtra",0.0,1500000.0,"Come work with a growing consumer market research team that is currently serving one of the biggest FMCG companies in the world. Our client works with global brands and creates projects that are user-centric. They build cost-effective and compelling product stories that help their clients gain a competitive edge and growth in their brand image. Their team of experts consists of academicians, designers, startup specialists and experts are working for clients across 12 countries targeting new mar…",Scientific & QA Jobs,2022-04-07T05:26:11Z,https://www.adzuna.in/details/3032215565?utm_medium=api&utm_source=3a1fdfd4,"come work with a growing consumer market research team that is currently serving one of the biggest fmcg companies in the world. our client works with global brands and creates projects that are user-centric. they build cost-effective and compelling product stories that help their clients gain a competitive edge and growth in their brand image. their team of experts consists of academicians, designers, startup specialists and experts are working for clients across 12 countries targeting new mar…",[],0,
data scientist,Data Scientist,Octro Inc,"Noida, Ghaziabad",1000000.0,2000000.0,"Octro Inc. is looking for a Data Scientist who will support the product, leadership and marketing teams with insights gained from analyzing multiple sources of data. The ideal candidate is adept at using large data sets to find opportunities for product and process optimization and using models to test the effectiveness of different courses of action. They must have strong experience using a variety of data mining/data analysis methods, using a variety of data tools, building and implementing m…",IT Jobs,2020-06-07T21:20:59Z,https://www.adzuna.in/details/1566667582?utm_medium=api&utm_source=3a1fdfd4,"octro inc. is looking for a data scientist who will support the product, leadership and marketing teams with insights gained from analyzing multiple sources of data. the ideal candidate is adept at using large data sets to find opportunities for product and process optimization and using models to test the effectiveness of different courses of action. they must have strong experience using a variety of data mining/data analysis methods, using a variety of data tools, building and implementing m…",[],0,
data scientist,Data Scientist,Jiva adventures,"Bangalore, Karnataka",500000.0,1500000.0,"Should be experienced in building Machine learning pipelines. Should be proficient in Python and scientific packages like pandas, numpy, scikit, matplotlib, etc. Experience with techniques such as Data mining, Distributed Computing, Applied Mathematics and Algorthims, Probablity & statistics, Strong problem solving and conceptual thinking abilities Hands on experience in Model building Building highly customized and optimized data pipelines integrating third party API’s and inhouse data sources…",Scientific & QA Jobs,2019-06-05T21:12:19Z,https://www.adzuna.in/details/1171508613?utm_medium=api&utm_source=3a1fdfd4,"should be experienced in building machine learning pipelines. should be proficient in python and scientific packages like pandas, numpy, scikit, matplotlib, etc. experience with techniques such as data mining, distributed computing, applied mathematics and algorthims, probablity & statistics, strong problem solving and conceptual thinking abilities hands on experience in model building building highly customized and optimized data pipelines integrating third party api’s and inhouse data sources…","['python', 'machine learning', 'pandas', 'numpy', 'statistics']",5,"python, machine learning, pandas, numpy, statistics"
data scientist,Data Scientist,IdeaBoard,"Bangalore, Karnataka",1000000.0,2200000.0,"We are looking for a driven and passionate machine learning engineer with a strong empathy for our users (students and teachers). Key responsibilities - Decide what data are needed to answer specific questions, and determine appropriate methods for finding and collecting this data. - Design experiments to validate collected data and analyse, interpret and discover patterns in this data. - Interact cross-functionally with a wide variety of people including students, teachers and engineers. Requi…",IT Jobs,2019-06-05T21:12:09Z,https://www.adzuna.in/details/1171507560?utm_medium=api&utm_source=3a1fdfd4,"we are looking for a driven and passionate machine learning engineer with a strong empathy for our users (students and teachers). key responsibilities - decide what data are needed to answer specific questions, and determine appropriate methods for finding and collecting this data. - design experiments to validate collected data and analyse, interpret and discover patterns in this data. - interact cross-functionally with a wide variety of people including students, teachers and engineers. requi…",['machine learning'],1,machine learning
data scientist,Data Scientist,Blue Sky Analytics,India,,,"About the Company Blue Sky Analytics is a Climate Tech startup that combines the power of AI & Satellite data to aid in the creation of a global environmental data stack. Our funders include Beenext and Rainmatter. Over the next 12 months, we aim to expand to 10 environmental data-sets spanning water, land, heat, and more We are looking for a data scientist to join its growing team. This position will require you to think and act on the geospatial architecture and data needs (specifically geosp…",IT Jobs,2022-05-08T05:28:14Z,https://www.adzuna.in/details/3113507435?utm_medium=api&utm_source=3a1fdfd4,"about the company blue sky analytics is a climate tech startup that combines the power of ai & satellite data to aid in the creation of a global environmental data stack. our funders include beenext and rainmatter. over the next 12 months, we aim to expand to 10 environmental data-sets spanning water, land, heat, and more we are looking for a data scientist to join its growing team. this position will require you to think and act on the geospatial architecture and data needs (specifically geosp…",[],0,
data scientist,Data Scientist,London Stock Exchange Group,India,,,"The Markets Pricing team plays a critical role in supporting the Digital & Securities Markets business by crafting and driving commercial strategies across the product lifecycle—including ideation, development, launch, and ongoing management. The team also owns the development of analytics to inform and improve these strategies. This role will work closely with senior business leaders and product development teams to design and implement a balanced and competitive commercial policy. It offers a…",Accounting & Finance Jobs,2025-11-28T22:43:16Z,https://www.adzuna.in/details/5517936571?utm_medium=api&utm_source=3a1fdfd4,"the markets pricing team plays a critical role in supporting the digital & securities markets business by crafting and driving commercial strategies across the product lifecycle—including ideation, development, launch, and ongoing management. the team also owns the development of analytics to inform and improve these strategies. this role will work closely with senior business leaders and product development teams to design and implement a balanced and competitive commercial policy. it offers a…",['git'],1,git
data scientist,Data Scientist,wrackle,"Bangalore, Karnataka",1500000.0,2500000.0,"Company Name : Curl Tech Location : Bangalore Website: www.curl.tech Company Profile : Curl Tech is a deep-tech firm, based out of Bengaluru, India. Curl works on developing Products & Solutions leveraging emerging technologies such as Machine Learning, Blockchain (DLT) & IoT. We work on domains such as Commodity Trading, Banking & Financial Services, Healthcare, Logistics & Retail. Curl has been founded by technology enthusiasts with rich industry experience. Products and solutions that have b…",IT Jobs,2022-05-16T05:27:47Z,https://www.adzuna.in/details/3138985421?utm_medium=api&utm_source=3a1fdfd4,"company name : curl tech location : bangalore website: www.curl.tech company profile : curl tech is a deep-tech firm, based out of bengaluru, india. curl works on developing products & solutions leveraging emerging technologies such as machine learning, blockchain (dlt) & iot. we work on domains such as commodity trading, banking & financial services, healthcare, logistics & retail. curl has been founded by technology enthusiasts with rich industry experience. products and solutions that have b…",['machine learning'],1,machine learning
data scientist,Data Scientist,Orion Innovation,"Hyderabad, Telangana",,,"Orion Innovation is a premier, award-winning, global business and technology services firm. Orion delivers game-changing business transformation and product development rooted in digital strategy, experience design, and engineering, with a unique combination of agility, scale, and maturity. We work with a wide range of clients across many industries including financial services, professional services, telecommunications and media, consumer products, automotive, industrial automation, profession…",IT Jobs,2026-05-23T02:10:56Z,https://www.adzuna.in/details/5737967900?utm_medium=api&utm_source=3a1fdfd4,"orion innovation is a premier, award-winning, global business and technology services firm. orion delivers game-changing business transformation and product development rooted in digital strategy, experience design, and engineering, with a unique combination of agility, scale, and maturity. we work with a wide range of clients across many industries including financial services, professional services, telecommunications and media, consumer products, automotive, industrial automation, profession…","['communication', 'git']",2,"communication, git"
data scientist,Data Scientist,Innovalus Technologies,"Pune, Maharashtra",600000.0,1800000.0,"3 years of experience in Machine Learning Bachelors/Masters in Computer Engineering/Science. Bachelors/Masters in Engineering/Mathematics/Statistics with sound knowledge of programming and computer concepts. 10 and 12th acedemics 70 % & above. Skills : - Strong Python/ programming skills - Good conceptual understanding of Machine Learning/Deep Learning/Natural Language Processing - Strong verbal and written communication skills. - Should be able to manage team, meet project deadlines and interf…",IT Jobs,2020-12-25T03:40:11Z,https://www.adzuna.in/details/1899703576?utm_medium=api&utm_source=3a1fdfd4,"3 years of experience in machine learning bachelors/masters in computer engineering/science. bachelors/masters in engineering/mathematics/statistics with sound knowledge of programming and computer concepts. 10 and 12th acedemics 70 % & above. skills : - strong python/ programming skills - good conceptual understanding of machine learning/deep learning/natural language processing - strong verbal and written communication skills. - should be able to manage team, meet project deadlines and interf…","['python', 'machine learning', 'deep learning', 'statistics', 'communication']",5,"python, machine learning, deep learning, statistics, communication"
data scientist,Data Scientist,Colan Infotech Private Limited,"Bangalore, Karnataka",,,"Key Responsibilities: Design, build, and deploy production-grade AI, ML, and GenAI solutions at enterprise scale. Architect and implement LLM-powered applications using GPT, Mistral, LLaMA, Gemini, and similar models. Build Retrieval-Augmented Generation (RAG) pipelines using vector databases (Azure AI Search). Develop multi-agent AI systems using LangGraph (orchestrator, intent, guard, domain agents). Implement robust prompt engineering, hierarchical prompting, and LLM guardrails. Develop ML m…",IT Jobs,2026-05-26T06:36:50Z,https://www.adzuna.in/details/5740848936?utm_medium=api&utm_source=3a1fdfd4,"key responsibilities: design, build, and deploy production-grade ai, ml, and genai solutions at enterprise scale. architect and implement llm-powered applications using gpt, mistral, llama, gemini, and similar models. build retrieval-augmented generation (rag) pipelines using vector databases (azure ai search). develop multi-agent ai systems using langgraph (orchestrator, intent, guard, domain agents). implement robust prompt engineering, hierarchical prompting, and llm guardrails. develop ml m…",['azure'],1,azure
data scientist,Data Scientist,Morningstar,"Mumbai, Maharashtra",,,"Morningstar is seeking a Data Scientist to join our team of product management professionals. This person will work across our Managed Accounts platforms, Wealth Forecasting Engine (WFE) , Automated Portfolio Construction and Retirement Planning tools. You will collaborate with research, development, and marketing teams to ensure successful product support enhancements. If you are passionate about using your statistical skil ls in the financial domain , we invite you to apply for this exciting …",IT Jobs,2026-06-09T06:51:45Z,https://www.adzuna.in/details/5756755637?utm_medium=api&utm_source=3a1fdfd4,"morningstar is seeking a data scientist to join our team of product management professionals. this person will work across our managed accounts platforms, wealth forecasting engine (wfe) , automated portfolio construction and retirement planning tools. you will collaborate with research, development, and marketing teams to ensure successful product support enhancements. if you are passionate about using your statistical skil ls in the financial domain , we invite you to apply for this exciting …",[],0,
data scientist,Data Scientist,Sourceright Technologies  Private Limited,"Pune, Maharashtra",,,"Job description : 5 years highly skilled Data Scientist, responsible for designing, developing, and maintaining large-scale data processing systems using cutting-edge technologies like Spark Streaming, Kafka, or similar technologies. The ideal candidate will have a strong background in object-oriented programming, data architecture, and cloud-based data management. The successful candidate will work closely with cross-functional teams to deliver complex data projects. Your role: Implement Real-…",IT Jobs,2026-06-13T08:43:49Z,https://www.adzuna.in/details/5761947554?utm_medium=api&utm_source=3a1fdfd4,"job description : 5 years highly skilled data scientist, responsible for designing, developing, and maintaining large-scale data processing systems using cutting-edge technologies like spark streaming, kafka, or similar technologies. the ideal candidate will have a strong background in object-oriented programming, data architecture, and cloud-based data management. the successful candidate will work closely with cross-functional teams to deliver complex data projects. your role: implement real-…",['spark'],1,spark
data scientist,Data Scientist,Top IT Services and Digital Marketing Outsourcing Company,"Noida, Ghaziabad",,,"Job Description Key Responsibilities Develop, implement, and optimize Marketing Mix Models (MMM) to measure the impact of marketing investments across channels and support budget allocation decisions. Build robust Bayesian statistical models for marketing effectiveness, forecasting, uncertainty estimation, and scenario planning. Apply causal inference methodologies to measure the incremental impact of marketing campaigns and distinguish correlation from causation. Design and execute advanced st…",IT Jobs,2026-07-19T03:15:06Z,https://www.adzuna.in/details/5806475745?utm_medium=api&utm_source=3a1fdfd4,"job description key responsibilities develop, implement, and optimize marketing mix models (mmm) to measure the impact of marketing investments across channels and support budget allocation decisions. build robust bayesian statistical models for marketing effectiveness, forecasting, uncertainty estimation, and scenario planning. apply causal inference methodologies to measure the incremental impact of marketing campaigns and distinguish correlation from causation. design and execute advanced st…",[],0,
data scientist,Data Scientist,Auxia,"Bangalore, Karnataka",,,"Auxia is building the Agentic Customer Journey Orchestration Platform , redefining how enterprises activate, engage, and retain their customers through intelligent, adaptive AI systems. Backed by $ 23.5M in funding from top-tier investors — VMG Technology Partners, Stage 2 Capital, and MUFG Innovation Partners — we’re on a mission to make every enterprise truly intelligent. Our founders, Sandeep Menon (ex-VP Marketing, Google) and Ravi Desu (ex-Global Engineering Lead, WhatsApp Payments @ Meta)…",IT Jobs,2026-06-04T02:36:05Z,https://www.adzuna.in/details/5751101195?utm_medium=api&utm_source=3a1fdfd4,"auxia is building the agentic customer journey orchestration platform , redefining how enterprises activate, engage, and retain their customers through intelligent, adaptive ai systems. backed by $ 23.5m in funding from top-tier investors — vmg technology partners, stage 2 capital, and mufg innovation partners — we’re on a mission to make every enterprise truly intelligent. our founders, sandeep menon (ex-vp marketing, google) and ravi desu (ex-global engineering lead, whatsapp payments @ meta)…",[],0,
data scientist,Data Scientist,UPS,"Chennai, Tamil Nadu",,,"Before you apply to a job, select your language preference from the options available at the top right of this page. Explore your next opportunity at a Fortune Global 500 organization. Envision innovative possibilities, experience our rewarding culture, and work with talented teams that help you become better every day. We know what it takes to lead UPS into tomorrow-people with a unique combination of skill  passion. If you have the qualities and drive to lead yourself or teams, there are role…",IT Jobs,2025-08-03T10:12:50Z,https://www.adzuna.in/details/5335620935?utm_medium=api&utm_source=3a1fdfd4,"before you apply to a job, select your language preference from the options available at the top right of this page. explore your next opportunity at a fortune global 500 organization. envision innovative possibilities, experience our rewarding culture, and work with talented teams that help you become better every day. we know what it takes to lead ups into tomorrow-people with a unique combination of skill passion. if you have the qualities and drive to lead yourself or teams, there are role…",[],0,
data scientist,Data Scientist,G2,"Bangalore, Karnataka",,,"About G2 - The Company G2 is the world's largest and most trusted software marketplace. When you join G2, you’re joining the industry’s leading team that helps businesses reach their peak potential by powering decisions and strategies with trusted insights from real software users. Now, we have joined forces with Capterra , SoftwareAdvice , and GetApp to create the largest source of online data and software insights to fuel intelligent buying in the age of AI. With 200M combined annual visitors…",IT Jobs,2026-06-07T02:27:49Z,https://www.adzuna.in/details/5754834298?utm_medium=api&utm_source=3a1fdfd4,"about g2 - the company g2 is the world's largest and most trusted software marketplace. when you join g2, you’re joining the industry’s leading team that helps businesses reach their peak potential by powering decisions and strategies with trusted insights from real software users. now, we have joined forces with capterra , softwareadvice , and getapp to create the largest source of online data and software insights to fuel intelligent buying in the age of ai. with 200m combined annual visitors…",[],0,
data scientist,Data Scientist,Accolite Software,"Bangalore, Karnataka",0.0,2400000.0,"Adept at Machine learning techniques and algorithms. Feature selection, dimensionality reduction, building and optimizing classifiers using machine learning techniques Data mining using state-of-the-art methods Doing ad-hoc analysis and presenting results Proficiency in using query languages such as N1QL, SQL Experience with data visualization tools, such as D3.js, GGplot, Plotly, PyPlot, etc. Creating automated anomaly detection systems and constant tracking of its performance Strong in Python…",IT Jobs,2021-04-29T14:43:19Z,https://www.adzuna.in/details/2149341505?utm_medium=api&utm_source=3a1fdfd4,"adept at machine learning techniques and algorithms. feature selection, dimensionality reduction, building and optimizing classifiers using machine learning techniques data mining using state-of-the-art methods doing ad-hoc analysis and presenting results proficiency in using query languages such as n1ql, sql experience with data visualization tools, such as d3.js, ggplot, plotly, pyplot, etc. creating automated anomaly detection systems and constant tracking of its performance strong in python…","['python', 'sql', 'machine learning', 'data visualization']",4,"python, sql, machine learning, data visualization"
